Page,0,1,2,3,4,5,6,7,8,9,10,11,12,13,14,15,16,17
2,,,,,,,,,,,,,,,,,,
2,,"∙ 인터넷  원서접수  :  2024.  12.  31.(화)  10:00  ~  2025.  1.  3.(금)  18:00
∙ 수시모집의  최종합격자(최초  및  충원합격자)는  등록  여부와  상관없이  정시  및  추가모집에 
지원할  수  없습니다.
∙ 본 모집요강의 일부  내용이 수정될  수 있으므로 원서접수 전 입학처 홈페이지의 공지사항을 
반드시  확인하시기  바랍니다.
http://go.hanyang.ac.kr",,,,,,,,,,,,,,,,
2,,,,,,,,,,,,,,,,,,
4,일  자,일  정,,,,,,,,,,,,,,,,
4,'24.  12.  31.(화)  ~  '25.  1.  3.(금),∙  인터넷  원서접수,,,,,,,,,,,,,,,,
4,'24.  12.  31.(화)  ~  '25.  1.  6.(월),"∙  제출서류  접수(제출서류가  있는  전형  지원자에  한함,  방문접수  불가)
  -  '25.  1.  6.(월)  우체국  소인분까지  유효",,,,,,,,,,,,,,,,
4,1.  6.(월),"∙  <가>,  <나>군  예능계열  예비소집
  -  실기/실적(가군)  :  성악과,  작곡과,  관현악과 
  -  실기/실적(나군)  :  피아노과",,,,,,,,,,,,,,,,
4,1.  8.(수)  ~  1.  14.(화),"∙  <가>군  예능계열  실기고사
  -  실기/실적(가군)  :  성악과,  작곡과,  관현악과 
  -  실기/실적(가군)  :  연극영화학과(연출및스탭,  연기)",,,,,,,,,,,,,,,,
4,1.  11.(토)  예정,"∙  1단계  합격자  발표
  -  실기/실적(가군)  :  성악과",,,,,,,,,,,,,,,,
4,1.  15.(수),"∙  <나>군  체능계열  실기고사
  -  수능(나군)  :  스포츠산업과학부(스포츠사이언스)",,,,,,,,,,,,,,,,
4,1.  15.(수)  ~  1.  18.(토),"∙  <나>군  예능계열  실기고사
  -  실기/실적(나군)  :  피아노과",,,,,,,,,,,,,,,,
4,1.  17.(금)  예정,"∙  1단계  합격자  발표
  -  실기/실적(나군)  :  피아노과",,,,,,,,,,,,,,,,
4,1.  21.(화)  이전,"∙  최종합격자  발표  :  <가>군  일반전형
  -  일반전형(자연,  인문,  상경,  예체능계열)
  ※  특별전형  제외",,,,,,,,,,,,,,,,
4,2.  7.(금)  이전,"∙  최종합격자  발표
  -  <가>군  특별전형
  -  <나>군  일반전형,  특별전형
  -  <다>군  일반전형",,,,,,,,,,,,,,,,
4,2.  10.(월)  ~  2.  12.(수),∙  합격자  등록,,,,,,,,,,,,,,,,
4,"2.  13.(목)  ~  2.  19.(수)
※  19일  18:00까지",∙  미등록  충원,,,,,,,,,,,,,,,,
4,"2.  13.(목)  ~  2.  20.(목)
※  20일  22:00까지",∙  미등록  충원  등록,,,,,,,,,,,,,,,,
5,"대  학
공과","선 발
계 열
자연","모집단위
(학과/부)
건축학부(5년제)","전체
모집
인원
39",<가>군,,,,,,<나>군,,,,,,,<다>군
5,,,,,정원 내,,정원  외  -  특별전형,,,,정원 내,,정원외,정원  외  -  특별전형,,,,정원 내
5,,,,,"수능
일반
18","실기
예체능","농어촌
학생
2","기회
균형
선발
1","특성화
고교
졸업자
2","특수
교육
대상자
자연  6
인문  2
상경  2","수능
일반","실기
예체능","수능
일반","농어촌
학생","기회
균형
선발","특성화
고교
졸업자","특수
교육
대상자
자연  1
인문  1
상경  1","수능
일반"
5,,자연,건축공학부,37,17,,2,1,2,,,,,,,,,
5,,자연,건설환경공학과,47,23,,2,1,2,,,,,,,,,
5,,자연,도시공학과,36,16,,2,1,1,,,,,,,,,
5,,자연,자원환경공학과,28,13,,2,1,1,,,,,,,,,
5,,자연,융합전자공학부,119,63,,,,,,,,,,,,,
5,,,자연 컴퓨터소프트웨어학부 130,,65,,,,,,,,,,,,,
5,,,상경 정보시스템학과(상경),34,,,,,,,17,,,2,1,1,,
5,,자연,"전기·생체공학부
(전기공학)",58,27,,2,1,1,,,,,,,,,
5,,자연,"전기·생체공학부
(바이오메디컬공학)",24,12,,2,,1,,,,,,,,,
5,,자연,신소재공학부,79,,,,,,,41,,,4,2,2,,
5,,자연,화학공학과,50,,,,,,,25,,,3,2,2,,
5,,자연,생명공학과,23,,,,,,,13,,,2,1,1,,
5,,자연,유기나노공학과,28,14,,2,1,1,,,,,,,,,
5,,자연,에너지공학과,30,,,,,,,14,,,,,,,
5,,자연,기계공학부,135,65,,6,3,3,,,,,,,,,
5,,자연,원자력공학과,33,17,,1,1,1,,,,,,,,,
5,,자연,산업공학과,39,21,,2,1,2,,,,,,,,,
5,,자연,미래자동차공학과,40,,,,,,,21,,,,,,,
5,,자연,데이터사이언스학부,40,,,,,,,22,,,,,,,
5,,자연,반도체공학과,(40),,,,,,,,,(9),,,,,
5,의과,자연,의예과,110,52,,,,,,,,,,,,,
5,간호,자연,간호학과,38,13,,2,1,2,,,,,,,,,
5,"인문
과학",인문,국어국문학과,29,12,,2,1,,,,,,,,,,
5,,인문,중어중문학과,40,19,,2,1,,,,,,,,,,
5,,인문,영어영문학과,49,24,,2,1,,,,,,,,,,
5,,인문,독어독문학과,17,,,1,1,,,,,,,,,,
5,,인문,사학과,22,9,,1,1,,,,,,,,,,
5,,인문,철학과,17,7,,1,1,,,,,,,,,,
5,"사회
과학",인문,정치외교학과,30,14,,2,1,,,,,,,,,,
5,,인문,사회학과,29,13,,1,1,,,,,,,,,,
5,,,인문 미디어커뮤니케이션학과,41,,,,,,,16,,,2,1,,,
5,,인문,관광학부,34,,,,,,,14,,,2,1,2,,
6,"대  학
자연
과학","선 발
계 열
자연","모집단위
(학과/부)
수학과","전체
모집
인원
40",<가>군,,,,,,<나>군,,,,,,,<다>군
6,,,,,정원 내,,정원  외  -  특별전형,,,,정원 내,,정원외,정원  외  -  특별전형,,,,정원 내
6,,,,,"수능
일반","실기
예체능","농어촌
학생","기회
균형
선발","특성화
고교
졸업자","특수
교육
대상자
자연  6
인문  2
상경  2","수능
일반
17","실기
예체능","수능
일반","농어촌
학생
2","기회
균형
선발
1","특성화
고교
졸업자","특수
교육
대상자
자연  1
인문  1
상경  1","수능
일반
62"
6,,자연,물리학과,36,15,,2,1,,,,,,,,,,
6,,자연,화학과,47,20,,2,1,,,,,,,,,,
6,,자연,생명과학과,44,,,,,,,19,,,2,1,,,
6,"정책
과학",인문,정책학과,83,34,,,,,,,,,,,,,
6,,인문,행정학과,35,,,,,,,16,,,,,,,
6,"경제
금융",상경,경제금융학부,100,55,,4,3,3,,,,,,,,,
6,경영,상경,경영학부,192,72,,6,3,3,,,,,,,,,
6,,상경,파이낸스경영학과,45,,,,,,,21,,,,,,,
6,사범,인문,교육학과,20,9,,,,,,,,,,,,,
6,,인문,교육공학과,20,9,,,,,,,,,,,,,
6,,인문,국어교육과,23,10,,,,,,,,,,,,,
6,,인문,영어교육과,23,11,,,,,,,,,,,,,
6,,자연,수학교육과,19,8,,,,,,,,,,,,,
6,"생활
과학",인문,의류학과,31,8,,2,1,1,,,,,,,,,
6,,자연,식품영양학과,33,8,,1,1,1,,,,,,,,,
6,,,,,,,,,,,,,,,,,,
6,,인문,실내건축디자인학과,33,8,,1,1,1,,,,,,,,,
6,,,,,,,,,,,,,,,,,,
6,음악,예체능,성악과,26,,26,,,,,,,,,,,,
6,,예체능,작곡과,14,,14,,,,,,,,,,,,
6,,예체능,피아노과,19,,,,,,,,10,,,,,,
6,,예체능,관현악과,38,,28,,,,,,,,,,,,
6,"예술
체육",예체능 스포츠산업과학부,(스포츠매니지먼트),30,17,,,,,,,,,,,,,
6,,예체능 스포츠산업과학부,(스포츠사이언스),30,,,,,,,18,,,,,,,
6,,인문,"연극영화학과
(영화)",21,10,,,,,,,,,,,,,
6,,예체능,"연극영화학과
(연출및스탭)",6,,6,,,,,,,,,,,,
6,,예체능 연극영화학과(연기),,15,,15,,,,,,,,,,,,
6,국제,인문,국제학부,45,9,,,,,,,,,,,,,
6,"한양 
인터
칼리지","자연/
인문",한양인터칼리지학부,250,,,,,,,,,,,,,,
6,합      계,,,"2,907
(40)",837,89,57,32,28,10,274,10,(9),19,10,8,3,62
7,대  학,"모집단위
(학과/부)",<가>군,,,,<나>군,,,,,,,,,,,
7,,,정원  내,정원  외  -  특별전형,,,정원  내,정원  외,정원  외  -  특별전형,,,,,,,,,
7,,,"수능
일반","농어촌
학생","기회
균형
선발","특성화
고교
졸업자","수능
일반","수능
일반","농어촌
학생","기회
균형
선발","특성화
고교
졸업자",,,,,,,
7,공과,건축학부,18,2,1,2,,,,,,,,,,,,
7,,건축공학부,17,2,1,2,,,,,,,,,,,,
7,,건설환경공학과,23,2,1,2,,,,,,,,,,,,
7,,도시공학과,16,2,1,1,,,,,,,,,,,,
7,,자원환경공학과,13,2,1,1,,,,,,,,,,,,
7,,융합전자공학부,63,,,,,,,,,,,,,,,
7,,컴퓨터소프트웨어학부,65,,,,,,,,,,,,,,,
7,,"전기･생체공학부
(전기공학)",27,2,1,1,,,,,,,,,,,,
7,,"전기･생체공학부
(바이오메디컬공학)",12,2,,1,,,,,,,,,,,,
7,,신소재공학부,,,,,41,,4,2,2,,,,,,,
7,,화학공학과,,,,,25,,3,2,2,,,,,,,
7,,생명공학과,,,,,13,,2,1,1,,,,,,,
7,,유기나노공학과,14,2,1,1,,,,,,,,,,,,
7,,에너지공학과,,,,,14,,,,,,,,,,,
7,,기계공학부,65,6,3,3,,,,,,,,,,,,
7,,원자력공학과,17,1,1,1,,,,,,,,,,,,
7,,산업공학과,21,2,1,2,,,,,,,,,,,,
7,,미래자동차공학과,,,,,21,,,,,,,,,,,
7,,데이터사이언스학부,,,,,22,,,,,,,,,,,
7,,반도체공학과,,,,,,(9),,,,,,,,,,
7,의과,의예과,52,,,,,,,,,,,,,,,
7,간호,간호학과,13,2,1,2,,,,,,,,,,,,
7,자연과학,수학과,,,,,17,,2,1,,,,,,,,
7,,물리학과,15,2,1,,,,,,,,,,,,,
7,,화학과,20,2,1,,,,,,,,,,,,,
7,,생명과학과,,,,,19,,2,1,,,,,,,,
7,사범,수학교육과,8,,,,,,,,,,,,,,,
7,생활과학,식품영양학과,8,1,1,1,,,,,,,,,,,,
7,합      계,,487,32,16,20,172,(9),13,7,5,,,,,,,
8,대  학,"모집단위
(학과/부)",<가>군,,,,<나>군,,,,,,,,,,,
8,,,정원  내,정원  외  -  특별전형,,,정원  내,정원  외  -  특별전형,,,,,,,,,,
8,,,"수능
일반","농어촌
학생","기회
균형
선발","특성화
고교
졸업자","수능
일반","농어촌
학생","기회
균형
선발","특성화
고교
졸업자",,,,,,,,
8,인문과학,국어국문학과,12,2,1,,,,,,,,,,,,,
8,,중어중문학과,19,2,1,,,,,,,,,,,,,
8,,영어영문학과,24,2,1,,,,,,,,,,,,,
8,,독어독문학과,,1,1,,,,,,,,,,,,,
8,,사학과,9,1,1,,,,,,,,,,,,,
8,,철학과,7,1,1,,,,,,,,,,,,,
8,사회과학,정치외교학과,14,2,1,,,,,,,,,,,,,
8,,사회학과,13,1,1,,,,,,,,,,,,,
8,,미디어커뮤니케이션학과,,,,,16,2,1,,,,,,,,,
8,,관광학부,,,,,14,2,1,2,,,,,,,,
8,정책과학,정책학과,34,,,,,,,,,,,,,,,
8,,행정학과,,,,,16,,,,,,,,,,,
8,사범,교육학과,9,,,,,,,,,,,,,,,
8,,교육공학과,9,,,,,,,,,,,,,,,
8,,국어교육과,10,,,,,,,,,,,,,,,
8,,영어교육과,11,,,,,,,,,,,,,,,
8,생활과학,의류학과,8,2,1,1,,,,,,,,,,,,
8,,실내건축디자인학과,8,1,1,1,,,,,,,,,,,,
8,예술체육,연극영화학과(영화),10,,,,,,,,,,,,,,,
8,국제,국제학부,9,,,,,,,,,,,,,,,
8,합      계,,206,15,10,2,46,4,2,2,,,,,,,,
9,대  학,"모집단위
(학과/부)",<가>군,,,,<나>군,,,,,,,,,,,
9,,,정원  내,정원  외  -  특별전형,,,정원  내,정원  외  -  특별전형,,,,,,,,,,
9,,,"수능
일반","농어촌
학생","기회
균형
선발","특성화
고교
졸업자","수능
일반","농어촌
학생","기회
균형
선발","특성화
고교
졸업자",,,,,,,,
9,공과,정보시스템학과(상경),,,,,17,2,1,1,,,,,,,,
9,경제금융,경제금융학부,55,4,3,3,,,,,,,,,,,,
9,경영,경영학부,72,6,3,3,,,,,,,,,,,,
9,,파이낸스경영학과,,,,,21,,,,,,,,,,,
9,합      계,,127,10,6,6,38,2,1,1,,,,,,,,
9,계  열,대  학,"모집단위
(학과/부)",<가>군,<나>군,,,,,,,,,,,,,
9,예체능,음악,성악과,26,,,,,,,,,,,,,,
9,,,작곡과,14,,,,,,,,,,,,,,
9,,,피아노과,,10,,,,,,,,,,,,,
9,,,관현악과,28,,,,,,,,,,,,,,
9,,예술체육,연극영화학과(연출및스탭),6,,,,,,,,,,,,,,
9,,,연극영화학과(연기),15,,,,,,,,,,,,,,
9,,,"스포츠산업과학부
(스포츠매니지먼트)",17,,,,,,,,,,,,,,
9,,,"스포츠산업과학부
(스포츠사이언스)",,18,,,,,,,,,,,,,
9,합      계,,,106,28,,,,,,,,,,,,,
9,대  학,"모집단위
(학과)",전공별  인원,,,,,,,,,,,,,,,
9,음악,성악과(26명),"남자  13명,  여자  13명",,,,,,,,,,,,,,,
9,,관현악과(28명),"바이올린  10명,  비올라  4명,  첼로  5명,  더블베이스  2명,  플루트  1명, 
오보에  1명,  클라리넷  1명,  바순  1명,  호른  1명,  트럼펫  1명,  테너트롬본  1명",,,,,,,,,,,,,,,
10,대  학,학  부,전  공,,,,,,,,,,,,,,,
10,공  과,전기·생체공학부,"전기공학,  바이오메디컬공학",,,,,,,,,,,,,,,
10,예술체육,스포츠산업과학부,"스포츠매니지먼트,  스포츠사이언스",,,,,,,,,,,,,,,
11,대  학,모집단위(학과),,,,,,,,,,,,,,,,
11,간호대학,간호학과,,,,,,,,,,,,,,,,
11,인문과학대학,"국어국문학과,  중어중문학과,  영어영문학과,  사학과",,,,,,,,,,,,,,,,
11,사회과학대학,관광학부,,,,,,,,,,,,,,,,
11,자연과학대학,"수학과,  물리학과",,,,,,,,,,,,,,,,
11,생활과학대학,식품영양학과,,,,,,,,,,,,,,,,
11,음악대학,"성악과,  작곡과,  피아노과,  관현악과,  국악과",,,,,,,,,,,,,,,,
11,예술체육대학,"스포츠산업과학부(스포츠사이언스),  연극영화학과,  무용학과",,,,,,,,,,,,,,,,
11,대학/학과,,내  용,문  의,,,,,,,,,,,,,,
11,경영대학,,"15개국  29개  대학과  학생교류  프로그램  운영
  *  교환학생  :  캐나다  Alberta  School  of  Business,
University  of  Alberta  외  18개교   
  *  학‧석사  연계  과정  :  미국  Temple  University  외  1개교 
  *  복수학위  :  프랑스  NEOMA  Business  School",02)2220-2436,,,,,,,,,,,,,,
11,"인문과학
대학",중어중문학과,"2학년  2학기부터  타이완  국립  타이완대학교  중문과에서  2년간  수학  후  양 
대학  학사학위  동시  취득(매년  2명  선발)",02)2220-0770,,,,,,,,,,,,,,
11,,독어독문학과,"지원자에 한하여 독일  국립 바이로이트대학교에서 3학년 1학기 한 학기 과정 
이수",02)2220-0730,,,,,,,,,,,,,,
12,"반도체공학과  장학금
    •   장학금  지급  대상  :  정시  <나>군  반도체공학과  등록자  전원
대상
정시  <나>군 
반도체공학과 입학자
      - 반도체공학과는  ㈜SK하이닉스와  협약에  의해  설치된  채용조건형  계약학과임
      - 장학  유지  조건  및  기타  특전에  대한  상세  내용은  해당  학과로  문의(02-2220-1081)
정시  <나>군  일반전형  장학금
    •   정시  <나>군  일반전형  최초합격자  전원  2년  50%  장학금  지급
      -  예체능계열  및  특별전형  제외
      -  반도체공학과  제외
대상  전형
정시  <나>군 
일반전형
  - 해당자의  등록  학기  횟수를  집계하여  최대  지원학기  수  내에서  장학금  지급
        (유지  조건  미충족에  따른  탈락  횟수  포함)
  - 전과  또는  제적  시  지급  중단","●  장학지원내역
◌  수혜기간(지원학기수)
●  등록금  전액
◌  2년(최대  4학기)
●  장학  지원내역
◌ 수혜  기간(지원학기 수)
●  수업료  50%
◌  2년(최대  4학기)","기타  특전  및  유지조건
• 재학중  학업장려금  추가  지급
• 3~4학년  ㈜SK하이닉스와  채용계약시  수업료  전액  지원
• 자세한  유지조건  및  특전은  학과로  문의
유지  조건
직전  학기  장학용  평균  평점  3.75  이상",,,,,,,,,,,,,,,
12,,,,,,,,,,,,,,,,,,
12,,,,,,,,,,,,,,,,,,
12,,,,,,,,,,,,,,,,,,
12,,,,,,,,,,,,,,,,,,
12,,,,,,,,,,,,,,,,,,
12,,,,,,,,,,,,,,,,,,
13,"계열
자연",2024학년도,,,,,,,,,,,,,,,,
13,,"국어
20","수학
35","영어
10",탐구,,,,,,,,,,,,,
13,,,,,"사탐
과탐
-
35","과목  수
2",,,,,,,,,,,,
13,인문,30,30,10,30,2,,,,,,,,,,,,
13,상경,30,40,10,20,2,,,,,,,,,,,,
13,"국어
25","수학
40","영어
10",탐구,,,,,,,,,,,,,,
13,,,,"사탐
과탐
25","과목  수
2",,,,,,,,,,,,,
13,35,30,10,25,2,,,,,,,,,,,,,
13,35,35,10,20,2,,,,,,,,,,,,,
13,"모집군
다군","모집단위명
한양인터칼리지학부","2025학년도 
모집인원
62",수능  반영  비율,,,,,,,,,,,,,,
13,,,,"탐구
국어
수학
영어
사/과탐
과목  수
35
35
10
20
2",,,,,,,,,,,,,,
13,"대학
음악","모집단위
성악과","2024학년도
정시  <나>군",,,,,,,,,,,,,,,
13,,작곡과,,,,,,,,,,,,,,,,
13,,관현악과,,,,,,,,,,,,,,,,
13,,피아노과,정시  <나>군,,,,,,,,,,,,,,,
14,"대학
음악","모집단위
피아노과","2024학년도
1단계(3배수)
실기  100",,,,,,,,,,,,,,,
14,,,"2단계
실기  80  +  수능  20",,,,,,,,,,,,,,,
14,"대학
예술체육대학","모집단위
연극영화학과(연출및스탭)","2024학년도 
1단계  :  수능  100(10배수)
2단계  :  실기  100",,,,,,,,,,,,,,,
14,,연극영화학과(연기),,,,,,,,,,,,,,,,
15,전  형,주  요  사  항,page,,,,,,,,,,,,,,,
15,<가>군  일반전형,"•   수능  100%  선발(예체능계열  제외)
•   의예과  52명  모집",20 ~ 25,,,,,,,,,,,,,,,
15,<나>군  일반전형,"•   수능  100%  선발(예체능계열  제외)
•   최초합격자  전원  2년  50%  장학금  지급
      (예체능계열  및  특별전형,  반도체공학과  제외)
  ※  장학금  지급  학점  유지조건  :  직전학기  성적  3.75  이상",26 ~ 28,,,,,,,,,,,,,,,
15,<다>군  일반전형,"•   수능  100%  선발
•   한양인터칼리지학부  62명  모집",29,,,,,,,,,,,,,,,
15,"<가/나>군 
특별전형","•   수능  100%  선발,  수능최저학력기준  없음
  ※ 대상전형 : 농어촌학생, 기회균형선발, 특성화고교졸업자, 특수교육대상자",30 ~ 38,,,,,,,,,,,,,,,
15,계열/대학/학과(부),국어,수학,영어,탐구,,,,,,,,,,,,,
15,,,,,사탐/과탐,반영  과목  수,,,,,,,,,,,,
15,자연,25,40,10,25,2,,,,,,,,,,,,
15,인문,35,30,10,25,2,,,,,,,,,,,,
15,"상경,  한양인터칼리지학부",35,35,10,20,2,,,,,,,,,,,,
15,음악대학,80,-,20,-,-,,,,,,,,,,,,
15,스포츠산업과학부,40,30,10,20,1,,,,,,,,,,,,
15,연극영화학과(영화),35,30,10,25,2,,,,,,,,,,,,
15,"연극영화학과(연출및스탭,  연기)",50,-,30,20,1,,,,,,,,,,,,
15,"계열/대학/학과(부)
자연,  인문,  상경 
연극영화학과(영화),  한양인터칼리지학부","수능  필수  응시영역
국어,  수학,  영어,  사탐  또는  과탐(2과목),  한국사",,,,,,,,,,,,,,,,
15,음악대학,"국어,  영어,  한국사",,,,,,,,,,,,,,,,
15,스포츠산업과학부,"국어,  수학,  영어,  사탐  또는  과탐(1과목),  한국사",,,,,,,,,,,,,,,,
15,"연극영화학과(연출및스탭,  연기)","국어,  영어,  사탐  또는  과탐(1과목),  한국사",,,,,,,,,,,,,,,,
18,신청메뉴,대  상,신청기한,,,,,,,,,,,,,,,
18,등록포기  신청  및  조회,합격자  중에서  등록할  의사가  없는  학생,등록포기  원인  발생  즉시,,,,,,,,,,,,,,,
18,환불  신청  및  조회,등록한  자  중에서  환불(등록포기)을  원하는  학생,,,,,,,,,,,,,,,,
19,전형,,계열  및  학과(부),전형료,감면  금액,납부  금액,"1단계 
불합격자
환불  금액",,,,,,,,,,,
19,<가>군,일반전형,자연·인문·상경계열,"30,000원",-,"30,000원",-,,,,,,,,,,,
19,,,성악과,"110,000원",,"110,000원","50,000원",,,,,,,,,,,
19,,,"작곡과,  관현악과","90,000원",,"90,000원",-,,,,,,,,,,,
19,,,스포츠산업과학부(스포츠매니지먼트),"30,000원",-,"30,000원",-,,,,,,,,,,,
19,,,"연극영화학과(연출및스탭,  연기)","90,000원",-,"90,000원",-,,,,,,,,,,,
19,,농어촌학생,모집인원표  참조,"20,000원",-,"20,000원",-,,,,,,,,,,,
19,,특성화고교졸업자,모집인원표  참조,"20,000원",-,"20,000원",-,,,,,,,,,,,
19,,기회균형선발,모집인원표  참조,"20,000원","19,000원","1,000원",-,,,,,,,,,,,
19,,특수교육대상자,모집인원표  참조,"20,000원","19,000원","1,000원",-,,,,,,,,,,,
19,<나>군,일반전형,자연·인문·상경계열,"30,000원",-,"30,000원",-,,,,,,,,,,,
19,,,피아노과,"110,000원",-,"110,000원","50,000원",,,,,,,,,,,
19,,,스포츠산업과학부(스포츠사이언스),"90,000원",-,"90,000원",-,,,,,,,,,,,
19,,농어촌학생,모집인원표  참조,"20,000원",-,"20,000원",-,,,,,,,,,,,
19,,특성화고교졸업자,모집인원표  참조,"20,000원",-,"20,000원",-,,,,,,,,,,,
19,,기회균형선발,모집인원표  참조,"20,000원","19,000원","1,000원",-,,,,,,,,,,,
19,,특수교육대상자,모집인원표  참조,"20,000원","19,000원","1,000원",-,,,,,,,,,,,
19,<다>군,일반전형,한양인터칼리지학부,"30,000원",-,"30,000원",-,,,,,,,,,,,
20,구  분,환불  금액,,,,,,,,,,,,,,,,
20,원서접수  마감  전,전형료  전액,,,,,,,,,,,,,,,,
20,원서접수  마감  후  3일  이내,전형료의  70%  환불,,,,,,,,,,,,,,,,
20,원서접수  마감  후  4일  이후부터  전형별  고사  후  3일  이내,전형료의  50%  환불,,,,,,,,,,,,,,,,
20,전형별  고사  후  4일  이후,반환하지  않음,,,,,,,,,,,,,,,,
22,전  형,,"모집
인원",선발방법,"선발
비율(%)","전형  요소 
반영비율  (%)",,,,,,,,,,,,
22,,,,,,수능,실기,,,,,,,,,,,
22,<가>군,일반전형(자연·인문·상경),810,일괄합산,100,100,-,,,,,,,,,,,
22,,연극영화학과(영화),10,일괄합산,100,100,-,,,,,,,,,,,
22,,스포츠산업과학부(스포츠매니지먼트),17,일괄합산,100,100,-,,,,,,,,,,,
22,,성악과,26,1단계,300,-,100,,,,,,,,,,,
22,,,,2단계,100,20,80,,,,,,,,,,,
22,,작곡과,14,일괄합산,100,30,70,,,,,,,,,,,
22,,관현악과,28,일괄합산,100,20,80,,,,,,,,,,,
22,,"연극영화학과(연출및스탭,  연기)",21,일괄합산,100,45,55,,,,,,,,,,,
22,"<가>군 
특별전형",농어촌학생(정원  외),57,일괄합산,100,100,-,,,,,,,,,,,
22,,기회균형선발(정원  외),32,일괄합산,100,100,-,,,,,,,,,,,
22,,특성화고교졸업자(정원  외),28,일괄합산,100,100,-,,,,,,,,,,,
22,,특수교육대상자(정원  외),10,일괄합산,100,100,-,,,,,,,,,,,
22,<나>군,"일반전형(자연·인문·상경)
*정원  외  반도체공학과  포함",265,일괄합산,100,100,-,,,,,,,,,,,
22,,피아노과,10,1단계,300,-,100,,,,,,,,,,,
22,,,,2단계,100,30,70,,,,,,,,,,,
22,,스포츠산업과학부(스포츠사이언스),18,일괄합산,100,70,30,,,,,,,,,,,
22,"<나>군 
특별전형",농어촌학생(정원  외),19,일괄합산,100,100,-,,,,,,,,,,,
22,,기회균형선발(정원  외),10,일괄합산,100,100,-,,,,,,,,,,,
22,,특성화고교졸업자(정원  외),8,일괄합산,100,100,-,,,,,,,,,,,
22,,특수교육대상자(정원  외),3,일괄합산,100,100,-,,,,,,,,,,,
22,<다>군,일반전형(한양인터칼리지학부),62,일괄합산,100,100,,,,,,,,,,,,
23,일  자,일  정,,,,,,,,,,,,,,,,
23,'24.  12.  31.(화)  ~  '25.  1.  3.(금),∙  인터넷  원서접수,,,,,,,,,,,,,,,,
23,1.  6.(월),"∙  음악대학  예비소집  :  성악과,  작곡과,  관현악과",,,,,,,,,,,,,,,,
23,1.  8.(수)  ~  1.  14.(화),"∙  예능계열  실기고사
  -  음악대학  :  성악과,  작곡과,  관현악과 
  -  예술체육대학  :  연극영화학과(연출및스탭,  연기)",,,,,,,,,,,,,,,,
23,1.  11.(토)  예정,"∙  1단계  합격자  발표
  -  음악대학  :  성악과",,,,,,,,,,,,,,,,
23,1.  21.(화)  이전,"∙  최종합격자  발표  :  일반전형(자연,  인문,  상경,  예체능계열)",,,,,,,,,,,,,,,,
23,2.  10.(월)  ~  2.  12.(수),∙  합격자  등록,,,,,,,,,,,,,,,,
23,"2.  13.(목)  ~  2.  19.(수)
※  19일  18:00까지",∙  미등록  충원,,,,,,,,,,,,,,,,
23,"2.  13.(목)  ~  2.  20.(목)
※  20일  22:00까지",∙  미등록  충원  등록,,,,,,,,,,,,,,,,
24,계열/학과(부),,모집인원,전형방법,,,,,,,,,,,,,,
24,자연/인문/상경계열,,810,수능  100%,,,,,,,,,,,,,,
24,연극영화학과(영화),,10,,,,,,,,,,,,,,,
24,예 체 능,스포츠산업과학부(스포츠매니지먼트),17,,,,,,,,,,,,,,,
24,,성악과,"26
(남13,  여13)","-  1단계(3배수)  :  실기  100%
      -  2단계  :  실기  80%  +  수능  20%",,,,,,,,,,,,,,
24,,작곡과,14,실기  70%  +  수능  30%,,,,,,,,,,,,,,
24,,관현악과,28,실기  80%  +  수능  20%,,,,,,,,,,,,,,
24,,연극영화학과(연출및스탭),6,실기  55%  +  수능  45%,,,,,,,,,,,,,,
24,,연극영화학과(연기),15,,,,,,,,,,,,,,,
24,순위,자연계,인문계,상경계,음악대학,"스포츠산업과학부
(스포츠매니지먼트)","연극영화학과
(연출및스탭,  연기)",,,,,,,,,,,
24,1,수학,국어,수학,실기고사  성적,국어,국어,,,,,,,,,,,
24,2,탐구,수학,국어,국어,탐구,영어,,,,,,,,,,,
24,3,국어,탐구,탐구,영어,영어,탐구,,,,,,,,,,,
24,4,영어,영어,영어,-,-,-,,,,,,,,,,,
24,5,한국사,한국사,한국사,-,-,-,,,,,,,,,,,
24,모집인원,,실기곡,,배점,,,,,,,,,,,,,
24,26명,"남자(13)
여자(13)",1단계,"1. 이탈리아  가곡 1곡 :  10곡의 지정곡 중  4곡을  선택하여 원서접수  시  입력 
후  고사  당일  추첨(*고사  당일  본인이  추첨한  1곡  연주)
2.  독일  가곡  1곡  :  10곡의  지정곡  중  4곡을  선택하여  원서접수  시  입력  후 
고사  당일  추첨(*고사  당일  본인이  추첨한  1곡  연주)","50
50",,,,,,,,,,,,,
24,,,2단계,"1.  자유곡  1곡  :  이탈리아어  또는  독일어로  된  아리아  1곡  (자유곡)  또는
      이탈리아어  또는  독일어로  된  가곡  1곡  (자유곡)을  선택하여  연주
2.  가곡  지정곡  1곡  :  2단계  자유곡과  다른  언어로  된  지정곡  연주
    (*고사  당일  1단계  전형에서  연주한  지정곡을  제외한  3곡  중  1곡  추첨)
3.  콘코네(Concone)  50  :  21  ~  40  중  고사  당일  추첨  1곡  연주","45
45
10",,,,,,,,,,,,,
25,성별,구분,곡명,,,,,,,,,,,,,,,
25,남자,이탈리아  가곡,"1.  Non  è  ver  –  T.  Mattei
2.  Spiagge  amate  –  C.  W.  Gluck
3.  Tu  mancavi  a  tormentarmi  –  M.  A.  Cesti
4.  Già  il  sole  dal  Gange  –  A.  Scarlatti
5.  Vittoria,  mio  core!  –  G.  Carissimi 
6.  Caro  mio  ben  –  G.  Giordani
7.  Cangia,  cangia  tue  voglie  –  G.  B.  Fasolo
8.  Che  fiero  costume  –  G.  Legrenzi
9.  Il  poveretto  –  G.  Verdi
10.  Tormento  –  F.  P.  Tosti",,,,,,,,,,,,,,,
25,,독일  가곡,"1.  Der  Wanderer  –  F.  P.  Schubert
2.  Aufenthalt  –  F.  P.  Schubert
3.  Mein!  –  F.  P.  Schubert
4.  Die  böse  Farbe  –  F.  P.  Schubert
5.  An  den  Mond  (D.193)  -  F.  P.  Schubert
6.  Dein  blaues  Auge  –  J.  Brahms 
7.  Botschaft-  J.  Brahms 
8.  Meine  Rose  –  R.  Schumann 
9.  Ein  Traum  –  E.  Grieg
10.  Zueignung  –  R.  Strauss",,,,,,,,,,,,,,,
26,성별,구분,곡명,,,,,,,,,,,,,,,
26,여자,이탈리아  가곡,"1.  Non  è  ver  –  T.  Mattei
2.  Le  violette  –  A.  Scarlatti
3.  La  promessa  –  G.  Rossini
4.  Lungi  dal  caro  bene  –  A.  Secchi 
5.  Ch'io  mai  vi  possa  –  G.  F.  Händel
6.  Per  pietà,  bell'idol  mio  –  V.  Bellini
7.  L'invito  –  G.  Rossini
8.  Star  vicino  –  S.  Rosa 
9.  Una  lacrima  –  G.  Donizetti 
10.  Sento  nel  core  –  A.  Scarlatti",,,,,,,,,,,,,,,
26,,독일  가곡,"1.  Als  Luise  die  Briefe  ihres  ungetreuen  –  W.  A.  Mozart
2.  An  Chloë  -  W.  A.  Mozart 
3.  Das  Veilchen  –  W.  A.  Mozart 
4.  Suleika  (Op.34)    –  F.  Mendelssohn
5.  Lachen  und  Weinen  –  F.  P.  Schubert 
6.  Heidenröslein  –  F.  P.  Schubert   
7.  Heimliches  Lieben  –  F.  P.  Schubert 
8.  Ihre  Stimme  –  R.  Schumann   
9.  Nichts  –  R.  Strauss
10.  Er  ist's  –H.  Wolf",,,,,,,,,,,,,,,
26,모집인원,실기곡,,배점,,,,,,,,,,,,,,
26,14명,피아노  실기,"J.  P.  Rameau
Nouvelles suites  de  pièces de  clavecin, Suite in G  major/G 
minor,  RCT  6,  No.  8,  “L’Egyptienne”  (반복  생략)",15,,,,,,,,,,,,,,
26,,청음,"1.  선율(단선율  및  2성부)
2.  18세기 이후 작곡된  삼중주(피아노  삼중주에 국한되지 않음) 중 
일부분(16마디 내외)을  듣고 비어  있는 마디의 성부 받아  적기(한
양대학교  입학처  홈페이지  게시된  예시문제  참조)",20,,,,,,,,,,,,,,
26,,화성풀이,전통화성  전반,25,,,,,,,,,,,,,,
26,,작곡  실기,"1.  피아노를  위한  독주곡:  형식(예:  겹세도막,  소나티네,  작은론도 
등)을  자유롭게  선택하여  40마디  이상의  완성된  단악장  작곡
2.  형식을  포함하여  작품에  대한  간략한  설명",40,,,,,,,,,,,,,,
27,전공(인원),실기곡,배점,,,,,,,,,,,,,,,
27,"Violin
(10)","1.  Carl  Flesh  :  Scale  A  Major
      (Tempo  ♩=  70-85,  Bowing  한양대학교  입학처  홈페이지  게시)
2.  J.  S.  Bach  :  Sonata  No.3  BWV1005  중  Fuga 
3.  A.  Dvorak  :  Violin  Concerto  a  minor  Op.53  전악장","20
30
50",,,,,,,,,,,,,,,
27,"Viola
(4)","1.  M.  Reger  :  Solo  suite  No.1  in  g  minor,  2,3악장
2.  W.  Walton  :  Viola  Concerto  for  Viola.  1악장","40
60",,,,,,,,,,,,,,,
27,"Cello
(5)","1.  A.  Piatti  :  12  Caprices,  Op.  25,  No.  4 
2.  P.  Tchaikovsky  :  Variations  on  a  Rococo  theme  Op.  33  전악장","100
(종합평가)",,,,,,,,,,,,,,,
27,"D.Bass
(2)","1.  H.  Fryba  :  A  Suite  in  the  Olden  Style  중  1.  Prelude(Solo  Tuning)
2.  S.  Koussevitzky  :  Concerto  for  Double  Bass  Op.3  전악장(Solo  Tuning)","100
(종합평가)",,,,,,,,,,,,,,,
27,전공(인원),실기곡,배점,,,,,,,,,,,,,,,
27,"Flute
(1)","1.  S.  Karg-Elert  :  Sonata  Appassionata  in  f  sharp  minor,  Op.  140  for  Solo 
Flute  (Edition:  Zimmermann)
2.  C.  P.  E  Bach  :  Flute  Concerto  in  d  minor,  H.484.1  전악장
*  전곡  암보","50
50",,,,,,,,,,,,,,,
27,"Oboe
(1)","1.  M.  Arnold  :  Fantasy  for  Oboe,  Op.  90
2.  W.  A.  Mozart  :  Concerto  in  C  Major  KV.314  전악장  (Cadenza  제외)
(Edition:  Baerenreiter  Verlag)
*  전곡  암보","50
50",,,,,,,,,,,,,,,
27,"Clarinet
(1)","1.  D.  Milhaud  :  Scaramouche  for  clarinet  and  Piano  1,3악장
2.  C.  M.  v.  Weber  :  Clarinet  Concerto  No.2  전악장
*  전곡  암보(반주  포함)","50
50",,,,,,,,,,,,,,,
27,"Bassoon
(1)","1.  C.  Jacobi  :  Caprices  Op.15  중  No.5
2.  C.  M.  v.  Weber  :  Bassoon  Concerto  in  F  Major,  Op.75  전악장
*  전곡  암보","50
50",,,,,,,,,,,,,,,
27,"Horn
(1)","1. C. Kopprasch 1권 No. 8. 12. 16. 17. 25 중 당일 추첨 1곡 (으뜸조와 이조 모두 연주)
2.  R.  Strauss  :  Concerto  No.  1  in  E♭  Major  1악장
      W.  A.  Mozart  :  Concerto  No.  2  in  E♭  Major  K.417  1악장  (Cadenza  제외)","30
70",,,,,,,,,,,,,,,
27,"Trumpet
(1)","1.  M.  Bitsch  :  Vingt  Etudes    No.  7.  12.  13.  15.  20  중  당일  추첨  1곡
2.  F.  J.  Haydn  :  Concerto  in  E♭  Major  전악장  (B♭  악기만  사용가능)","30
70",,,,,,,,,,,,,,,
27,"T.Trombone
(1)","1.  C.  Kopprasch  :  Book  2  No.  35.  36.  37.  45.  52  중  당일  추첨  1곡
2.  E.  Reiche  :  Concerto  in  A  Major.  전악장  (Cadenza  제외)","30
70",,,,,,,,,,,,,,,
28,전공(인원),실기  내용,배점,,,,,,,,,,,,,,,
28,"연출및스탭
(6)","1.  그룹토론(그룹별  20분)
  -  시험  당일  고사장에서  제시하는  주제에  대한  그룹  토론  진행",60,,,,,,,,,,,,,,,
28,,2.  면접(5분),40,,,,,,,,,,,,,,,
28,전공(인원),실기  내용,배점,,,,,,,,,,,,,,,
28,"연기
(15)","1.  연기종합실기(5분)
  -  시험  당일  학교에서  제시하는  5분  정도의  대사를  2차  대기실에서  연습  후  연기
  - 자유독백, 움직임, 가창, 특기 등 연기예술 관련 심사위원으로부터 현장에서 요청되
는  사안에  대한  종합평가",60,,,,,,,,,,,,,,,
28,,2.  면접(2분),40,,,,,,,,,,,,,,,
29,일  자,일  정,,,,,,,,,,,,,,,,
29,'24.  12.  31.(화)  ~  '25.  1.  3.(금),∙  인터넷  원서접수,,,,,,,,,,,,,,,,
29,1.  6.(월),∙  음악대학  예비소집  :  피아노과,,,,,,,,,,,,,,,,
29,1.  15(수),"∙  체능계열  실기고사
  -  예술체육대학  :  스포츠산업과학부(스포츠사이언스)",,,,,,,,,,,,,,,,
29,1.  15.(수)  ~  1.  18.(토),"∙  예능계열  실기고사
  -  음악대학  :  피아노과",,,,,,,,,,,,,,,,
29,1.  17.(금)  예정,"∙  1단계  합격자  발표
  -  음악대학  :  피아노과",,,,,,,,,,,,,,,,
29,2.  7.(금)  이전,∙  최종합격자  발표,,,,,,,,,,,,,,,,
29,2.  10.(월)  ~  2.  12.(수),∙  합격자  등록,,,,,,,,,,,,,,,,
29,"2.  13.(목)  ~  2.  19.(수)
※  19일  18:00까지",∙  미등록  충원,,,,,,,,,,,,,,,,
29,"2.  13.(목)  ~  2.  20.(목)
※  20일  22:00까지",∙  미등록  충원  등록,,,,,,,,,,,,,,,,
30,계열/학과(부),,모집인원,전형방법,,,,,,,,,,,,,,
30,자연/인문/상경계열,,265,수능  100%,,,,,,,,,,,,,,
30,예 체 능,피아노과,10,"-  1단계(3배수  내외)  :  실기  100%
        -  2단계  :  실기  70%  +  수능  30%",,,,,,,,,,,,,,
30,,"스포츠산업과학부
(스포츠사이언스)",18,수능  70%  +  실기  30%,,,,,,,,,,,,,,
30,순위,자연계,인문계,상경계,음악대학,"스포츠산업과학부
(스포츠사이언스)",,,,,,,,,,,,
30,1,수학,국어,수학,실기고사  성적,국어,,,,,,,,,,,,
30,2,탐구,수학,국어,국어,탐구,,,,,,,,,,,,
30,3,국어,탐구,탐구,영어,영어,,,,,,,,,,,,
30,4,영어,영어,영어,-,-,,,,,,,,,,,,
30,5,한국사,한국사,한국사,-,-,,,,,,,,,,,,
30,모집인원,실기곡,,배점,,,,,,,,,,,,,,
30,10명,1단계,"1. F.  J.  Haydn 또는  W.  A.  Mozart의 Piano  Sonatas  중  한  곡  (제1악장)
2.  F.  Chopin  Etudes  Op.  10  또는  Op.  25  중  한  곡","100
(종합평가)",,,,,,,,,,,,,,
30,,2단계,"1.  L.  v.  Beethoven  Piano  Sonatas  중  한  곡  (제1악장)
2.  F.  Chopin의  작품  중  한  곡
      ※  Etude,  Prelude  제외
      ※  Sonata의  경우  제1악장
3.  F. Liszt, C. Debussy, A. Scriabin, S. Rachmaninoff의 Etudes 중 한 곡","100
(종합평가)",,,,,,,,,,,,,,
31,전공,모집인원,실기  내용,,,,,,,,,,,,,,,
31,"스포츠산업과학부
(스포츠사이언스)",18,"<순환식  계측>
  1.  30m  달리기  후  사이드스텝  15회
  2.  모래주머니  들고  달리기(30m×2회)
    ※  중량  :  남자  20Kg,  여자  10Kg",,,,,,,,,,,,,,,
31,등급,남,여,평가점수,,,,,,,,,,,,,,
31,1,22초50  이내,24초50  이내,300,,,,,,,,,,,,,,
31,2,22초51-23초00,24초51-25초00,295,,,,,,,,,,,,,,
31,3,23초01-23초50,25초01-25초50,290,,,,,,,,,,,,,,
31,4,23초51-24초00,25초51-26초00,285,,,,,,,,,,,,,,
31,5,24초01-24초50,26초01-26초50,280,,,,,,,,,,,,,,
31,6,24초51-25초00,26초51-27초00,275,,,,,,,,,,,,,,
31,7,25초01-25초50,27초01-27초50,270,,,,,,,,,,,,,,
31,8,25초51-26초00,27초51-28초00,265,,,,,,,,,,,,,,
31,9,26초01-26초50,28초01-28초50,260,,,,,,,,,,,,,,
31,10,26초51-27초00,28초51-29초00,255,,,,,,,,,,,,,,
31,11,27초01-27초50,29초01-29초50,250,,,,,,,,,,,,,,
31,12,27초51-28초00,29초51-30초00,245,,,,,,,,,,,,,,
31,13,28초01-28초50,30초01-30초50,240,,,,,,,,,,,,,,
31,14,28초51-29초00,30초51-31초00,235,,,,,,,,,,,,,,
31,15,29초01  이상,31초01  이상,230,,,,,,,,,,,,,,
32,일  자,일  정,,,,,,,,,,,,,,,,
32,'24.  12.  31.(화)  ~  '25.  1.  3.(금),∙  인터넷  원서접수,,,,,,,,,,,,,,,,
32,2.  7.(금)  이전,∙  최종합격자  발표,,,,,,,,,,,,,,,,
32,2.  10.(월)  ~  2.  12.(수),∙  합격자  등록,,,,,,,,,,,,,,,,
32,"2.  13.(목)  ~  2.  19.(수)
※  19일  18:00까지",∙  미등록  충원,,,,,,,,,,,,,,,,
32,"2.  13.(목)  ~  2.  20.(목)
※  20일  22:00까지",∙  미등록  충원  등록,,,,,,,,,,,,,,,,
34,일  자,일  정,,,,,,,,,,,,,,,,
34,'24.  12.  31.(화)  ~  '25.  1.  3.(금),∙  인터넷  원서접수,,,,,,,,,,,,,,,,
34,'24.  12.  31.(화)  ~  '25.  1.  6.(월),∙  제출서류  접수  (제출서류가  있는  지원자에  한함.  방문접수  불가),,,,,,,,,,,,,,,,
34,2.  7.(금)  이전,∙  최종합격자  발표,,,,,,,,,,,,,,,,
34,2.  10.(월)  ~  2.  12.(수),∙  합격자  등록,,,,,,,,,,,,,,,,
34,"2.  13.(목)  ~  2.  19.(수)
※  19일  18:00까지",∙  미등록  충원,,,,,,,,,,,,,,,,
34,"2.  13.(목)  ~  2.  20.(목)
※  20일  22:00까지",∙  미등록  충원  등록,,,,,,,,,,,,,,,,
35,순위,자연계,인문계,상경계,,,,,,,,,,,,,,
35,1,수학,국어,수학,,,,,,,,,,,,,,
35,2,탐구,수학,국어,,,,,,,,,,,,,,
35,3,국어,탐구,탐구,,,,,,,,,,,,,,
35,4,영어,영어,영어,,,,,,,,,,,,,,
35,5,한국사,한국사,한국사,,,,,,,,,,,,,,
36,자격요건,제출서류,,비고,,,,,,,,,,,,,,
36,①,수급자  증명서,,"시·군·구청,  읍·면·동  주민센터  발급",,,,,,,,,,,,,,
36,②,차상위  자활근로자  확인서,택  1,"시·군·구청,  읍·면·동  주민센터  발급",,,,,,,,,,,,,,
36,,차상위  장애수당  대상자  확인서,,,,,,,,,,,,,,,,
36,,차상위  장애인연금  대상자  확인서,,,,,,,,,,,,,,,,
36,,차상위계층  확인서,,,,,,,,,,,,,,,,
36,,차상위  본인부담경감  대상자  확인서,,국민건강보험공단  발급,,,,,,,,,,,,,,
36,③,한부모가족증명서,,"시·군·구청,  읍·면·동  주민센터  발급",,,,,,,,,,,,,,
36,해당자,"주민등록등본,  가족관계증명서",,"①, ②, ③의 제출서류를  지원자  본
인  명의로  발급받을  수  없는  경우",,,,,,,,,,,,,,
37,일  자,일  정,,,,,,,,,,,,,,,,
37,'24.  12.  31.(화)  ~  '25.  1.  3.(금),∙  인터넷  원서접수,,,,,,,,,,,,,,,,
37,'24.  12.  31.(화)  ~  '25.  1.  6.(월),∙  제출서류  접수  (제출서류가  있는  지원자에  한함.  방문접수  불가),,,,,,,,,,,,,,,,
37,2.  7.(금)  이전,∙  최종합격자  발표,,,,,,,,,,,,,,,,
37,2.  10.(월)  ~  2.  12.(수),∙  합격자  등록,,,,,,,,,,,,,,,,
37,"2.  13.(목)  ~  2.  19.(수)
※  19일  18:00까지",∙  미등록  충원,,,,,,,,,,,,,,,,
37,"2.  13.(목)  ~  2.  20.(목)
※  20일  22:00까지",∙  미등록  충원  등록,,,,,,,,,,,,,,,,
37,계열,모집인원,전형방법,수능최저학력기준,,,,,,,,,,,,,,
37,자연/인문/상경,"<가>군  32명
<나>군  10명",수능  100%,없음,,,,,,,,,,,,,,
37,순위,자연계,인문계,상경계,,,,,,,,,,,,,,
37,1,수학,국어,수학,,,,,,,,,,,,,,
37,2,탐구,수학,국어,,,,,,,,,,,,,,
37,3,국어,탐구,탐구,,,,,,,,,,,,,,
37,4,영어,영어,영어,,,,,,,,,,,,,,
37,5,한국사,한국사,한국사,,,,,,,,,,,,,,
38,한양대학교  모집단위,동일계열,교육과정의  기준학과명,,,,,,,,,,,,,,,
38,"특성화고교졸업자 
특별전형  모집인원이 
있는  공과대학  및 
생활과학대학  전  학과",공업,"기계과,  전자기계과,  금속재료과,  전기과,  전자과,  통신과,  컴퓨터응용과, 
토목과, 건축과, 디자인과, 화학공업과, 환경공업과, 세라믹과, 식품공업과, 
섬유과,  인쇄과,  자동차과,  조선과,  항공과,  컴퓨터게임과, 
만화·애니메이션과,  영상제작과",,,,,,,,,,,,,,,
38,,"건설,  기계,  재료,
  화학  공업,  전기·전자","토목과,  건축시공과,  조경과,  기계과,  냉동공조과,  자동차과,  조선과, 
항공과,  금속재료과,  세라믹과,  산업설비과,  화학공업과,  전기과,  전자과",,,,,,,,,,,,,,,
38,,상업  정보,"경영정보과,  회계정보과,  무역정보과,  유통정보과,  정보처리과, 
콘텐츠개발과,  전자상거래과,  상업디자인과,  관광경영과,  금융정보과",,,,,,,,,,,,,,,
38,,"경영·금융,  디자인·문화콘텐츠, 
미용·관광·레저,  정보·통신","경영･사무과,  재무･회계과,  유통과,  금융과,  판매과,  디자인과, 
문화콘텐츠과,  미용과,  관광･레저과,  방송･통신과,  정보컴퓨터과",,,,,,,,,,,,,,,
38,,농생명  산업,"식물자원과,  동물자원과,  산림자원과,  조경과,  농업토목과,  농업기계과, 
식품가공과,  농산물유통정보과,  환경·관광농업과,  생명공학기술과",,,,,,,,,,,,,,,
38,,"식품  가공,  농림·수산  해양","식품가공과,  농업과,  원예과,  산림자원과,  동물자원과,  농업기계과, 
농업토목과,  해양생산과,  수산양식과,  해양레저과",,,,,,,,,,,,,,,
38,,수산·해운,"해양생산과, 수산양식과, 자영수산과, 수산식품과, 해양환경과, 냉동공조과, 
동력기계과, 항해과, 전자통신과, 해양레저산업과, 항만물류과, 해양정보과",,,,,,,,,,,,,,,
38,,"환경·안전,  선박  운항","환경보건과,  산업안전과,  항해과,  기관과",,,,,,,,,,,,,,,
38,"특성화고교졸업자 
특별전형  모집인원이",상업  정보,"경영정보과,  회계정보과,  무역정보과,  유통정보과,  정보처리과, 
콘텐츠개발과,  전자상거래과,  상업디자인과,  관광경영과,  금융정보과",,,,,,,,,,,,,,,
39,한양대학교  모집단위,동일계열,교육과정의  기준학과명,,,,,,,,,,,,,,,
39,"있는  인문계열, 
상경계열  및 
생활과학대학  전  학과, 
간호학과","경영·금융,  디자인·문화콘텐츠, 
미용·관광·레저,  정보·통신","경영･사무과,  재무･회계과,  유통과,  금융과,  판매과,  디자인과, 
문화콘텐츠과,  미용과,  관광･레저과,  방송･통신과,  정보컴퓨터과",,,,,,,,,,,,,,,
39,,가사·실업,"조리과,  의상과,  실내디자인과,  보육과,  관광과,  간호과,  복지서비스과, 
미용과",,,,,,,,,,,,,,,
39,,"보건·복지,  음식  조리, 
섬유·의류,  인쇄·출판·공예","보육과,  사회복지과,  보건간호과,  조리･식음료과,  섬유과,  의류과, 
인쇄･출판과,  공예과",,,,,,,,,,,,,,,
39,,농생명  산업,"식품가공과,  환경관광농업과",,,,,,,,,,,,,,,
39,,"식품  가공,  농림·수산  해양","식품가공과,  농업과,  원예과,  산림자원과,  동물자원과,  농업기계과, 
농업토목과,  해양생산과,  수산양식과,  해양레저과",,,,,,,,,,,,,,,
39,일  자,일  정,,,,,,,,,,,,,,,,
39,'24.  12.  31.(화)  ~  '25.  1.  3.(금),∙  인터넷  원서접수,,,,,,,,,,,,,,,,
39,'24.  12.  31.(화)  ~  '25.  1.  6.(월),∙  제출서류  접수  (제출서류가  있는  지원자에  한함.  방문접수  불가),,,,,,,,,,,,,,,,
39,2.  7.(금)  이전,∙  최종합격자  발표,,,,,,,,,,,,,,,,
39,2.  10.(월)  ~  2.  12.(수),∙  합격자  등록,,,,,,,,,,,,,,,,
39,"2.  13.(목)  ~  2.  19.(수)
※  19일  18:00까지",∙  미등록  충원,,,,,,,,,,,,,,,,
39,"2.  13.(목)  ~  2.  20.(목)
※  20일  22:00까지",∙  미등록  충원  등록,,,,,,,,,,,,,,,,
39,순위,자연계,인문계,상경계,,,,,,,,,,,,,,
39,1,수학,국어,수학,,,,,,,,,,,,,,
39,2,탐구,수학,국어,,,,,,,,,,,,,,
39,3,국어,탐구,탐구,,,,,,,,,,,,,,
39,4,영어,영어,영어,,,,,,,,,,,,,,
39,5,한국사,한국사,한국사,,,,,,,,,,,,,,
40,구분,,모집인원,모집단위,,,,,,,,,,,,,,
40,<가>군,자연,6명,"건축학부,  건축공학부,  건설환경공학과,  도시공학과,  자원환경공학과, 
전기·생체공학부(전기공학),  전기·생체공학부(바이오메디컬공학), 
유기나노공학과,  기계공학부,  원자력공학과,  산업공학과,  물리학과,  화학과, 
식품영양학과",,,,,,,,,,,,,,
40,,인문,2명,"국어국문학과,  중어중문학과,  영어영문학과,  독어독문학과,  사학과,  철학과, 
정치외교학과,  사회학과,  의류학과,  실내건축디자인학과",,,,,,,,,,,,,,
40,,상경,2명,"경제금융학부,  경영학부",,,,,,,,,,,,,,
40,<나>군,자연,1명,"신소재공학부,  화학공학과,  생명공학과,  수학과,  생명과학과",,,,,,,,,,,,,,
40,,인문,1명,"미디어커뮤니케이션학과,  관광학부",,,,,,,,,,,,,,
40,,상경,1명,정보시스템학과(상경),,,,,,,,,,,,,,
40,자격요건,제출서류,비고,,,,,,,,,,,,,,,
40,①,장애인증명서,"시·군·구청,  읍·면·동  주민센터  발급",,,,,,,,,,,,,,,
40,②,국가유공자  확인원(원본),상이등급이  기재되어  있어야  함,,,,,,,,,,,,,,,
41,일  자,일  정,,,,,,,,,,,,,,,,
41,'24.  12.  31.(화)  ~  '25.  1.  3.(금),∙  인터넷  원서접수,,,,,,,,,,,,,,,,
41,'24.  12.  31.(화)  ~  '25.  1.  6.(월),∙  제출서류  접수  (제출서류가  있는  지원자에  한함.  방문접수  불가),,,,,,,,,,,,,,,,
41,2.  7.(금)  이전,∙  최종합격자  발표,,,,,,,,,,,,,,,,
41,2.  10.(월)  ~  2.  12.(수),∙  합격자  등록,,,,,,,,,,,,,,,,
41,"2.  13.(목)  ~  2.  19.(수)
※  19일  18:00까지",∙  미등록  충원,,,,,,,,,,,,,,,,
41,"2.  13.(목)  ~  2.  20.(목)
※  20일  22:00까지",∙  미등록  충원  등록,,,,,,,,,,,,,,,,
41,계열,모집인원,전형방법,수능최저학력기준,,,,,,,,,,,,,,
41,자연/인문/상경,"<가>군  10명
<나>군  3명",수능  100%,없음,,,,,,,,,,,,,,
41,순위,자연계,인문계,상경계,,,,,,,,,,,,,,
41,1,수학,국어,수학,,,,,,,,,,,,,,
41,2,탐구,수학,국어,,,,,,,,,,,,,,
41,3,국어,탐구,탐구,,,,,,,,,,,,,,
41,4,영어,영어,영어,,,,,,,,,,,,,,
41,5,한국사,한국사,한국사,,,,,,,,,,,,,,
42,"계열/대학/학과(부)
자연,  인문,  상경,
연극영화학과(영화),  한양인터칼리지학부","수능  필수  응시영역
국어,  수학,  영어,  사탐  또는  과탐(2과목),  한국사",,,,,,,,,,,,,,,,
42,음악대학,"국어,  영어,  한국사",,,,,,,,,,,,,,,,
42,스포츠산업과학부,"국어,  수학,  영어,  사탐  또는  과탐(1과목),  한국사",,,,,,,,,,,,,,,,
42,"연극영화학과(연출및스탭,  연기)","국어,  영어,  사탐  또는  과탐(1과목),  한국사",,,,,,,,,,,,,,,,
43,전형,영역별  반영비율  및  배점,,,,,총점,,,,,,,,,,,
43,,"국어 
25%","수학 
40%","영어 
10%",탐구  25%,,,,,,,,,,,,,
43,,,,,"사탐/과탐
(2과목)","직탐
(2과목)",,,,,,,,,,,,
43,"<가/나>군  일반전형,
<가/나>군  농어촌학생,
<가/나>군  기회균형선발,
<가/나>군  특수교육대상자",250,400,100,250,-,"1,000",,,,,,,,,,,
43,<가/나>군  특성화고교졸업자,250,400,100,250,,"1,000",,,,,,,,,,,
43,전형,영역별  반영비율  및  배점,,,,,총점,,,,,,,,,,,
43,,"국어 
35%","수학 
30%","영어 
10%",탐구  25%,,,,,,,,,,,,,
43,,,,,"사탐/과탐
(2과목)","직탐
(2과목)",,,,,,,,,,,,
43,"<가/나>군  일반전형,
<가/나>군  농어촌학생,
<가/나>군  기회균형선발,
<가/나>군  특수교육대상자",350,300,100,250,-,"1,000",,,,,,,,,,,
43,<가/나>군  특성화고교졸업자,350,300,100,250,,"1,000",,,,,,,,,,,
43,전형,영역별  반영비율  및  배점,,,,,총점,,,,,,,,,,,
43,,"국어 
35%","수학 
35%","영어 
10%",탐구  20%,,,,,,,,,,,,,
43,,,,,"사탐/과탐
(2과목)","직탐
(2과목)",,,,,,,,,,,,
43,"<가/나/다>군  일반전형,
<가/나>군  농어촌학생,
<가/나>군  기회균형선발,
<가/나>군  특수교육대상자",350,350,100,200,-,"1,000",,,,,,,,,,,
43,<가/나>군  특성화고교졸업자,350,350,100,200,,"1,000",,,,,,,,,,,
44,전형  /  모집단위,,영역별  반영비율  및  배점,,총점,,,,,,,,,,,,,
44,,,국어  80%,영어  20%,,,,,,,,,,,,,,
44,<가>군  일반전형,성악과  [2단계],160,40,200,,,,,,,,,,,,,
44,,관현악과,160,40,200,,,,,,,,,,,,,
44,,작곡과,240,60,300,,,,,,,,,,,,,
44,<나>군  일반전형,피아노과  [2단계],240,60,300,,,,,,,,,,,,,
44,전형  /  모집단위,영역별  반영비율  및  배점,,,,총점,,,,,,,,,,,,
44,,"국어 
35%","수학 
30%","영어 
10%",탐구  25%,,,,,,,,,,,,,
44,,,,,"사탐/과탐
(2과목)",,,,,,,,,,,,,
44,"<가>군  일반전형
연극영화학과(영화)",350,300,100,250,"1,000",,,,,,,,,,,,
44,전형  /  모집단위,영역별  반영비율  및  배점,,,총점,,,,,,,,,,,,,
44,,국어  50%,영어  30%,탐구  20%,,,,,,,,,,,,,,
44,,,,"사탐/과탐
(1과목)",,,,,,,,,,,,,,
44,"연극영화학과
<가>군  일반전형
(연출및스탭,  연기)",225,135,90,450,,,,,,,,,,,,,
44,전형  /  모집단위,,영역별  반영비율  및  배점,,,,총점,,,,,,,,,,,
44,,,"국어 
40%","수학 
30%","영어 
10%",탐구  20%,,,,,,,,,,,,
44,,,,,,"사탐/과탐
(1과목)",,,,,,,,,,,,
44,<가>군  일반전형,"스포츠산업과학부
(스포츠매니지먼트)",400,300,100,200,"1,000",,,,,,,,,,,
44,<나>군  일반전형,"스포츠산업과학부
(스포츠사이언스)",280,210,70,140,700,,,,,,,,,,,
45,국어  25%,수학  40%,영어  10%,탐구  25%,,,,,,,,,,,,,,
45,,,,사탐/과탐(2과목),직탐(2과목),,,,,,,,,,,,,
45,"본인표준점수
×250
139","본인표준점수
×400
140",등급별  점수,"H
1
  + H2
×250
70×2","Y1  + Y2
×250
70×2",,,,,,,,,,,,,
45,국어  35%,수학  30%,영어  10%,탐구  25%,,,,,,,,,,,,,,
45,,,,사탐/과탐(2과목),직탐(2과목),,,,,,,,,,,,,
45,"본인표준점수
×350
139","본인표준점수
×300
140",등급별  점수,"H
1
  + H2
×250
70×2","Y1  + Y2
×250
70×2",,,,,,,,,,,,,
45,국어  35%,수학  35%,영어  10%,탐구  20%,,,,,,,,,,,,,,
45,,,,사탐/과탐(2과목),직탐(2과목),,,,,,,,,,,,,
45,"본인표준점수
×350
139","본인표준점수
×350
140",등급별  점수,"H
1
  + H2
×200
70×2","Y1  + Y2
×200
70×2",,,,,,,,,,,,,
46,국어  35%,수학  30%,영어  10%,탐구  25%,,,,,,,,,,,,,,
46,,,,사탐/과탐(2과목),,,,,,,,,,,,,,
46,"본인표준점수
×350
139","본인표준점수
×300
140",등급별  점수,"H
1
  + H2
×250
70×2",,,,,,,,,,,,,,
46,국어  50%,영어  30%,탐구  20%,,,,,,,,,,,,,,,
46,,,사탐/과탐(1과목),,,,,,,,,,,,,,,
46,"본인표준점수
×500
139",등급별  점수,"H1 
×200
70",,,,,,,,,,,,,,,
46,국어  40%,수학  30%,영어  10%,탐구  20%,,,,,,,,,,,,,,
46,,,,사탐/과탐(1과목),,,,,,,,,,,,,,
46,"본인표준점수
×400
139","본인표준점수
×300
140",등급별  점수,"H
1
×200
70",,,,,,,,,,,,,,
47,"백분위
100
99
98
97
96","변환표준점수
70.00
69.39
68.73
68.24
67.79","백분위
65
64
63
62
61","변환표준점수
59.93
59.69
59.44
59.18
58.91","백분위
30
29
28
27
26","변환표준점수
51.91
51.71
51.51
51.33
51.13",,,,,,,,,,,,
47,"95
94
93
92
91","67.37
67.01
66.71
66.36
66.12","60
59
58
57
56","58.67
58.44
58.22
57.97
57.74","25
24
23
22
21","50.94
50.75
50.55
50.38
50.20",,,,,,,,,,,,
47,"90
89
88
87
86","65.88
65.62
65.40
65.16
64.93","55
54
53
52
51","57.48
57.20
56.94
56.72
56.46","20
19
18
17
16","50.03
49.86
49.69
49.51
49.32",,,,,,,,,,,,
47,"85
84
83
82
81","64.70
64.47
64.23
64.00
63.76","50
49
48
47
46","56.24
56.01
55.77
55.53
55.25","15
14
13
12
11","49.13
48.95
48.77
48.58
48.39",,,,,,,,,,,,
47,"80
79
78
77
76","63.53
63.30
63.05
62.79
62.57","45
44
43
42
41","55.01
54.76
54.54
54.31
54.09","10
9
8
7
6","48.15
47.93
47.68
47.43
47.16",,,,,,,,,,,,
47,"75
74
73
72
71","62.33
62.12
61.85
61.59
61.38","40
39
38
37
36","53.88
53.69
53.49
53.29
53.08","5
4
3
2
1","46.88
46.62
46.28
45.84
45.06",,,,,,,,,,,,
47,"70
69
68
67
66","61.16
60.94
60.68
60.41
60.16","35
34
33
32
31","52.88
52.68
52.49
52.29
52.10",0,43.80,,,,,,,,,,,,
48,"등급
1","자연
[영어  10%]","인문･상경･예체능
한양인터칼리지학부
[영어  10%]","음악대학
[영어  20%]","연극영화학과
(연출및스탭,  연기)
[영어  30%]",,,,,,,,,,,,,
48,,"등급별
등급  간
점수
점수
100
0","등급별
등급  간
점수
점수
100
0","등급별
등급  간
점수
점수
200
0","등급별
등급  간
점수
점수
300
0",,,,,,,,,,,,,
48,2,"98
-2","96
-4","-8
192","288
-12",,,,,,,,,,,,,
48,3,"94
-4","90
-6","-12
180","270
-18",,,,,,,,,,,,,
48,4,"88
-6","82
-8","-16
164","246
-24",,,,,,,,,,,,,
48,5,"80
-8","72
-10","-20
144","216
-30",,,,,,,,,,,,,
48,6,"70
-10","60
-12","-24
120","180
-36",,,,,,,,,,,,,
48,7,"58
-12","46
-14","-28
92","138
-42",,,,,,,,,,,,,
48,8,"44
-14","30
-16","-32
60","90
-48",,,,,,,,,,,,,
48,9,"28
-16","12
-18","-36
24","36
-54",,,,,,,,,,,,,
48,"계열/대학/학과(부)
자연계열","등급
1~4등급","반영방법
4등급까지  만점  처리",,,,,,,,,,,,,,,
48,,4등급  미만,1등급당  0.1점씩  감점  처리,,,,,,,,,,,,,,,
48,"인문･상경계열,
연극영화학과(영화),
한양인터칼리지학부",1~3등급,3등급까지  만점  처리,,,,,,,,,,,,,,,
48,,3등급  미만,1등급당  0.1점씩  감점  처리,,,,,,,,,,,,,,,
48,예체능계열,1~8등급,8등급까지  만점  처리,,,,,,,,,,,,,,,
48,,8등급  미만,1등급당  0.1점씩  감점  처리,,,,,,,,,,,,,,,
49,"재학생수
(명)","등록금수입
(천원)",장학금액(천원),장학금  수혜비율(%),,,,,,,,,,,,,,
49,,,"교외(국가+교외) 
교내  장학금
장학금",,,,,,,,,,,,,,,
49,"15,913","135,601,845","25,962,575
31,237,197",42.2%,,,,,,,,,,,,,,
49,,,"57,199,772",,,,,,,,,,,,,,,
49,대상,"●  장학지원내역
◌  수혜기간(지원학기수)",기타  특전  및  유지조건,,,,,,,,,,,,,,,
49,"정시  <나>군 
반도체공학과  입학자","●  등록금  전액
◌  2년(최대  4학기)","• 재학중  학업장려금  추가  지급
• 3~4학년  ㈜SK하이닉스와  채용계약시  수업료  전액  지원
• 자세한  유지조건  및  특전은  학과로  문의",,,,,,,,,,,,,,,
49,대상  전형,"●  장학지원내역
◌  수혜기간(지원학기수)",선발기준,유지조건,,,,,,,,,,,,,,
49,"정시  <나>군 
일반전형","●  수업료  50%
◌  2년(최대  4학기)",정시  <나>군  일반전형  최초합격자,직전학기 장학용 평균평점 3.75 이상,,,,,,,,,,,,,,
50,"●  장학내역  :  등록금  50%(2년,  최대  4학기)  /  학업보조비  200만원(학업보조비  학년별  수혜조건  충족자에  한함)
◎  수혜조건 
  ◾  등록금  지원  계속수혜조건(성적조건  +  교육과정  이수요건  충족  시  지급) 
        -  신입학  첫  학기는  수혜조건  적용하지  않음
학년
1-1학기
1-2학기
2-1학기
   
2-2학기
        *  최대  지원학기수  내에서  장학금  지급
        *  챌린지  장학금의  학기별  수혜조건은  교육과정  구체화  단계에서  일부  변경될  수  있음 
  ◾  학업보조비  학년별  수혜조건(성적조건  +  전공  프로젝트  요건  충족시  지급)
학년
2학년
3학년
   
4학년
  ※  전공  프로젝트  완료  요건  :  각  학년별  전공  프로젝트  진행  후  별도의  완료  심사평가  진행  예정
  ※  재수강,  유급  등으로  각  학년-학기를  재이수하는  경우  챌린지  장학금  수혜  대상에서  당연  제외
  ※  제적  시  장학금  대상  자격  영구  중지
  ※  기타  장학금  관련  문의  :  한양인터칼리지  행정팀(02-2220-1162)","성적조건
해당  없음
직전학기 
평점평균 
3.75이상","성적조건
직전학기 
평점평균 
2.0이상","교육과정  이수요건
해당  없음
1-1학기  FYE  이수완료",,"장학내역
등록금  50%
(고지서  감면)","비고
연속  2년(최대  4학기)지원이며,  성적조건  및 
이수조건  미충족에  따른  탈락  학기  수를 
포함함","지급액
200만원","지급시기
2학년  중",,,,,,,,,
50,,,,,,,,,,,,,,,,,,
50,,,,,,,,,,,,,,,,,,
50,,,,,,,,,,,,,,,,,,
50,,,,해당  없음,,,,,,,,,,,,,,
50,,,,해당  없음,"전공  프로젝트  요건
한양인터칼리지  전공선택  프로젝트  완료",,,,,,,,,,,,,
50,,,,,,,,,,,,,,,,,,
50,,,,,,,,,,,,,,,,,,
50,,,,,,,,,,,,,,,,,,
50,,,,,한양인터칼리지  전공심화  프로젝트  완료,,,200만원,3학년  중,,,,,,,,,
50,,,,,한양인터칼리지  전공융합  프로젝트  완료,,,200만원,4학년  중,,,,,,,,,
50,,,,,,,,,,,,,,,,,,
50,장학  명칭,"●  장학  지원내역
◌  수혜  기간,  유지조건
◉  신청구분",선발기준  및  신청방법,,,,,,,,,,,,,,,
50,한양형제자매,"●  등록금  50%  감면
○  입학  년도  첫  학기(1회  한)
◉  신청서  및  관련  증빙  제출","• 서울/ERICA캠퍼스 학부에  형제, 자매가 재적(재학 또는 휴학) 
중인  합격자
  (※  동일  학기  입학자  및  편입학자  대상  제외)
• 신입학 등록  전 또는 입학 후  3월 말까지 관련 신청서 및 증빙
학생지원팀에  제출
• 추후  합격자  등록안내  제출서류  및  기간  공지  참조",,,,,,,,,,,,,,,
50,사랑의실천,"●  소득분위에  국가장학금  Ⅰ·Ⅱ금액을 
포함하여  등록금  일부  지원
○ 수업 연한  내, 직전학기 장학평점  2.0 이상
◉ 매 학기 국가장학금 및 교내가계곤란장학 
신청  필수","• 매 학기 교내 장학(가계곤란)신청자 중 한국장학재단의 소득구
간을 활용하여  가계 곤란 정도에 따라 차등  지원(한국장학재단
의  소득구간  활용)
• 신(편)입생은  입학  후  3월  중  교내장학  신청  접수  진행
• 다만,  입학 전  학생 본인  또는 직계가족의 기초생활수급자 또는 
차상위계층  증명서  제출자에  한하여  사전감면
-  추후 합격자  등록안내 대상자  사전감면을 위한 서류제출 안내 
참조",,,,,,,,,,,,,,,
50,실용인재,,,,,,,,,,,,,,,,,
50,"한양브레인
(성적우수)","●  등록금  전액  또는  부분  감면
○  매학기  교내  장학신청  필수","• 제도개편중으로  자세한  기준은  추후  장학안내  홈페이지  공지 
예정
• 신입학 첫 학기는 직전학기 성적이 존재하지 않으므로 대상 아님",,,,,,,,,,,,,,,
51,장학  명칭,"●  장학금  /  ○  수혜기간,  유지조건",선발기준  및  신청방법,,,,,,,,,,,,,,,
51,"보훈장학*
(국가유공자)","●  등록금  전액  감면
○  수업  연한  내  학기  수(타  대학에서  수혜받은 
횟수  합산),  보훈청  교육지원대상  성적기준 
충족자","• '국가유공자 등 예우 및  지원에  관한  법률'이 규정
하는 요건을 충족하는 국가유공자 본인, 자녀 및 
독립유공자  손자녀(다만,  보훈청의  ‘대학수업료 
등  면제대상자 증명서’를 학생지원팀에 제출하여
야  함)
•  학기  개시  전  서류제출(신청서  및  관련  증빙)",,,,,,,,,,,,,,,
51,"보훈장학*
(북한이탈주민지원)","●  등록금  전액  감면
○ 새터민 보훈장학 지원조건 충족하는 수업 연한 
내 학기(단, 타대학교에서 수혜받은 지원 횟수 
합산),  새터민  교육지원대상  성적기준  충족자","• '북한이탈주민의 보호 및 정착지원에 관한 법률'이 
규정하는  요건을  충족하고,  통일부(북한이탈주
민)의  ‘교육지원대상자  증명서’를  학생지원팀에 
제출한 자(새터민전형 합격자는 입학팀 경유 함)
• 학기 개시  전 입학팀을 통해 관련  서류 학생지원
팀에서  요청",,,,,,,,,,,,,,,
51,"국가
(학생직접지원1/
대학연계지원2  유형)","●  가계소득별(소득구간)  장학금  지원
○  매학기  신청
○  상세내용은  한국장학재단  홈페이지  참고","• 소득  8분위  이하,  성적기준은  한국장학재단 
공지(http://www.kosaf.go.kr/)
•  한국장학재단  사이트에서  신청",,,,,,,,,,,,,,,
51,"국가장학2유형 
신/편입생지원장학",○ 신(편)입학 학기 한국장학재단 국가장학금  신청,•  한국장학재단  사이트에서  신청,,,,,,,,,,,,,,,
51,"국가
(푸른등대  기부장학금)",●  학기당  등록금  및  생활비  지급,"•  소외계층에  해당하는  본인  또는  자녀
  (한국장학재단  선발기준  및  선발결과에  따름)
•  별도  공지  후  선발",,,,,,,,,,,,,,,
51,"국가우수  장학금
(이공계)","4년  전액(입학금  포함)
※  기초생활수급자  :  생활비(학기당  250만원) 
지급","• 이공계열  학과(부)에  입학한  신입생  중  수능
성적  우수자와  수시  입학성적  우수자
  (한국장학재단  선발기준  및  선발결과에  따름)
•  단과대학별  별도  추천",,,,,,,,,,,,,,,
51,국가근로,"●  실제  근무한  시간에  시급  단가를  곱한  금액
    시급  단가는  한국장학재단의  국가근로  장학금 
지급기준에  따름","• 대한민국 국적의  학생  중  소득구간  9구간 이
하의 저소득계층  재학생  중 직전학기  성적 백
분율이  70점  이상인  자
  (한국장학재단  선발기준  및  선발결과에  따름)
•  한국장학재단  사이트에서  신청",,,,,,,,,,,,,,,
51,교외단체,(재)롯데장학재단  외  100여  개,단체별  선발기준에  따라  선발,,,,,,,,,,,,,,,
52,장학  명칭,"●  장학  지원내역
◌  국가장학금  지원  소득구간
●  성적조건",비고,,,,,,,,,,,,,,,
52,"라이언  장학금
라이언플러스 
장학금","●  생활장학금(매월  20만원  지급)
○  기초생활수급자  또는  차상위계층
  ◉  직전학기  장학용  평균평점  이상자
      -  기초생활수급자  :  2.0이상
      -  차상위계층  :  3.0이상
●  생활장학금(매월  50만원  지급)
○  기초생활수급자
  ◉  직전학기  장학용  평균평점  3.5이상자  또는  재학중     
        성적비교를  통한  조건  충족자","• 신(편)입학  최초  등록학기의  경우 
성적기준을  적용하지  않으며,  라이언 
장학금(월  20만원)으로  일괄  지원
• 라이언장학금(생활장학금)  그룹  및  본교 
기부금으로  지원하는  라이언  프라이드 
장학금  내에서  중복수혜  불가",,,,,,,,,,,,,,,
52,"라이언에이드 
장학금","●  생활장학금(매월  40만원  지급)
○  차상위계층
◉  직전학기  장학용  평균평점  3.5이상자  또는  재학중     
성적비교를  통한  조건  충족자",,,,,,,,,,,,,,,,
52,구  분,내  용,안  내,,,,,,,,,,,,,,,
52,농촌출신대학생  학자금,등록금  내에서  대출  가능,"농어촌  지역에 주소를  두고 6개월 이상  거주하고  있는  가계의 
학생들에게 한국장학재단에서 무이자 혜택을 제공하는 대출제도",,,,,,,,,,,,,,,
52,취업  후  상환  학자금,"등록금  내에서  대출  가능
생활비  200만원  추가  대출  가능","한국장학재단에서 소득 8구간 이하의 대학생에게 등록금 전액을 
대출해 주어 학업에 전념할 수 있도록 도와주고, 취직 후 소득이 
발생하면  원리금을  나누어  상환하는  대출제도",,,,,,,,,,,,,,,
52,일반상환  학자금,"등록금  내에서  대출  가능
생활비  200만원  추가  대출  가능","한국장학재단에서 온라인 직접 대출 방식을 도입하여 약 1.7%
대의  이율로  지원하는  수요자  중심의  대출제도",,,,,,,,,,,,,,,
53,"기숙사
유형
대학직영
기숙사","생활관명
제2학생
생활관","성별
남","호실
타입
2인실","거주보장
기간
1개 학기",모집인원 (전체),,,"단과대학별 
모집인원
「학생생활관 
2025학년도 
학부  신입생용 
모집요강」  참조",,,,,,,,,
53,,,,,,"남학생
200","여학생
-","계
200",,,,,,,,,,
53,,개나리관,여,2인실,1개 학기,-,70,70,,,,,,,,,,
53,,"제7학생
생활관
(개관예정)",남,2인실,1년,433,,433,,,,,,,,,,
53,"행복
기숙사","제5학생
생활관",여,"2인실
·
3인실",1년,-,398,398,,,,,,,,,,
53,합계,,,,,633,468,"1,101",,,,,,,,,,
53,"성별
남학생","생활관명
제2학생생활관","모집인원
148",전형별  모집인원  (2024학년도  기준  예시),,,,,,,,,,,,,,
53,,,,"재외국민+수시모집
합격자
93","정시모집  합격자
55","합계   
148",,,,,,,,,,,,
53,,제5학생생활관,177,111,66,177,,,,,,,,,,,,
53,,계,325,204,121,325,,,,,,,,,,,,
53,여학생,개나리관,52,33,19,52,,,,,,,,,,,,
53,,제5학생생활관,212,133,79,212,,,,,,,,,,,,
53,,계,264,166,98,264,,,,,,,,,,,,
54,"기숙사
유형
대학직영
기숙사","생활관명
제2학생생활관","성별
남","호실
타입
2인실","호실
면적
4~5평","호실  개인 비품 및 시설
싱글침대,  옷장,  책상,  책꽂이, 
의자,  에어컨,  빨래건조대","비고
층별  공용화장실  및 
샤워실  사용
(호실  내  화장실  및 
샤워실  없음)",,,,,,,,,,,
54,,개나리관,여,2인실,6평,"싱글침대,  옷장,  책상,  책꽂이, 
의자, 수납장, 에어컨, 화장실  및 
샤워실",,,,,,,,,,,,
54,,제7학생생활관,남,2인실,7.6평,"싱글침대, 옷장, 책상, 책꽂이, 의
자,  거실수납장,  신발장",,,,,,,,,,,,
54,"행복
기숙사",제5학생생활관,남  ·  여,2인실,7평,"싱글침대,  옷장,  책상,  책꽂이, 
의자, 신발장,  에어컨, 빨래건조
대,  화장실  및  샤워실",,,,,,,,,,,,
54,,,,3인실,14평,,,,,,,,,,,,,
54,"기숙사
유형
대학직영
기숙사","생활관명
제2학생생활관","성별
남","거주보장
기간
1개 학기","호실
타입
2인실",1개 학기  생활관비,,"비고
층별  공용화장실  및 
샤워실  사용
(호실  내  화장실  및 
샤워실  없음)",,,,,,,,,,
54,,,,,,"학기
(116일  기준)
943,000","학기+방학
(178일  기준)
1,435,000",,,,,,,,,,,
54,,개나리관,여,1개 학기,2인실,"1,323,000","2,013,000",,,,,,,,,,,
54,행복기숙사,제5학생생활관,남  ·  여,1년,2인실,×,"1,880,000","2024년  7월  초에
2024-2학기분
생활관비  납부",,,,,,,,,,
54,,,,,3인실,×,"1,880,000",,,,,,,,,,,
55,"구분
학적","입사신청  자격                  *  아래의  항목을  모두  충족하여야  함
§ 서울캠퍼스  2025학년도  신입학  예정자 
(재외국민과  외국인  특별전형ㆍ수시모집ㆍ정시모집  합격자)
※ 단, 생활관 모집일정 상「생활관 입사신청」시작일 이전에  합격한 자에 한하여  입사신청  자격이 부여되며, 「생활관 
입사신청」시작일  이후에  합격한  경우  입사신청이  불가함",,,,,,,,,,,,,,,,
55,거주지,"§ 부모(양친)  모두  『서울 지역  외』  거주자 
  -  부모(양친)  모두의  주민등록표등본상  주소지를  기준으로  판단함 
          ex)  등본상  주소가  부친: 1순위  지역  /  모친: 2순위  지역일  경우,  학생의  거주지  순위는  2순위
          ex)  부친,  모친  모두  1순위  지역일  경우,  학생의  거주지  순위는  1순위 
  -  학생의  주민등록표등본상  주소지는  상관없음
거주지  순위
1순위  지역
2순위  지역
<예외>  신체장애  학생 (중증 이상)은  서울 지역  거주자도  허용","보호자  거주  지역
§ 해외(재외국민)
§ 강원도,  충청도  이하  지역 (충청도,  전라도,  경상도,  제주도  등)
§ 경기도
가평군,  안성시, 여주시,  연천군,  오산시,  이천시,  파주시,  평택시,  포천시,  화성시,  김포시
(월곶면,  하성면,  통진읍,  대곶면),  용인시 (처인구),  인천광역시 (강화군,  옹진군,  중구)
§ 경기도
고양시,  과천시,  광명시,  광주시,  구리시,  남양주시,  동두천시,  부천시,  성남시,  수원시, 
시흥시,  안산시,  안양시,  양주시,  양평군,  의왕시,  의정부시,  하남시,
*  김포시/용인시/인천광역시 (1순위  지역이  아닌  행정구역)",,,,,,,,,,,,,,,
55,,,,,,,,,,,,,,,,,,
55,,,,,,,,,,,,,,,,,,
55,,,,,,,,,,,,,,,,,,
55,,,,,,,,,,,,,,,,,,
55,대상자,거주지  순위,비고,,,,,,,,,,,,,,,
55,신체장애  학생,"거주지  제한  없음
(서울지역도  허용)",장애  중증  이상,,,,,,,,,,,,,,,
55,국민기초생활보장수급  학생,1순위  지역  거주자,본인이  수급자이어야  함,,,,,,,,,,,,,,,
55,아동복지시설퇴소  학생,1순위  지역  거주자,,,,,,,,,,,,,,,,
55,"우선
순위
1순위","거주지
순위
1순위 지역","선발기준
§ 우선선발  대상자 
대상자
신체장애  학생 
국민기초생활보장수급  학생 
아동복지시설퇴소  학생","거주지  순위
거주지  제한  없음
(서울지역도  허용)
1순위  지역  거주자
1순위  지역  거주자","비고
장애  중증  이상
본인이  수급자이어야  함",,,,,,,,,,,,,
55,,,,,,,,,,,,,,,,,,
55,,,,,,,,,,,,,,,,,,
55,,,,,,,,,,,,,,,,,,
55,,,,,,,,,,,,,,,,,,
55,,,,,,,,,,,,,,,,,,
55,2순위,1순위 지역,§ 1순위 지역  거주자  중  성적  우위자,,,,,,,,,,,,,,,
55,3순위,2순위 지역,"§ 2순위 지역  거주자  중  우선선발  대상자
대상자
거주지  순위
비고
국민기초생활보장수급  학생 
2순위  지역  거주자
본인이  수급자이어야  함
아동복지시설퇴소  학생
2순위  지역  거주자",,,,,,,,,,,,,,,
55,4순위,2순위 지역,§ 2순위 지역  거주자  중  성적  우위자,,,,,,,,,,,,,,,
56,"모집단위
학부신입생
(재외국민
ㆍ
수시모집
합격자용)","구분
모집요강  공지","일정(예정)
2024년  12월  06일(금)  16:00","모집요강  공지
①  한양대학교  홈페이지
②  일정은  조정될  수  있으니
      [한양대학교  학생생활관]
      홈페이지참조",,,,,,,,,,,,,,
56,,인터넷  입사신청,2025년  1월  초,,,,,,,,,,,,,,,
56,,합격자  발표,2025년  1월  중순,,,,,,,,,,,,,,,
56,,생활관비  납부,2025년  1월  중순,,,,,,,,,,,,,,,
56,,합격자  증빙서류  제출,2025년  1월  말,,,,,,,,,,,,,,,
56,,호실배정  신청,2025년  2월  초,,,,,,,,,,,,,,,
56,"학부신입생
(정시모집
합격자용)",모집요강  공지,2024년  12월  18일(수)  16:00,,,,,,,,,,,,,,,
56,,인터넷  입사신청,2025년  1월  말,,,,,,,,,,,,,,,
56,,합격자  발표,2025년  2월  초,,,,,,,,,,,,,,,
56,,생활관비  납부,2025년  2월  초,,,,,,,,,,,,,,,
56,,합격자  증빙서류  제출,2025년  2월  중순,,,,,,,,,,,,,,,
56,,배정호실  확인,2025년  2월  중순,,,,,,,,,,,,,,,
56,"학부신입생
(전체)",개관일(입사개시일),2025년  2월  말,,,,,,,,,,,,,,,
56,,입사등록(입사),2025년  2월  말,,,,,,,,,,,,,,,
63,구분,"영어권 
유럽/남미/아시아
ISEP/GE3
중국어권,  일본
(미국/영국/호주  등)
(중국,  일본  제외)",,,,,,,,,,,,,,,,
63,TOEFL  IBT,75  이상,,,,,,,,,,,,,,,,
63,"IELTS
(Academic)",6.0  이상,,,,,,,,,,,,,,,,
63,TOEFL  ITP,"X
550  이상",,,,,,,,,,,,,,,,
63,TOEIC,"X
700  이상",,,,,,,,,,,,,,,,
63,유의사항,"-  위  기준은  본교  지원기준으로  파견교에서  정하는  어학기준  또한  충족해야  함
※  파견교에서  인정하는  다른  어학점수가  있어도  위에  제시된  어학성적으로만  지원  가능
-  TOEFL  ITP를  인정하지  않는  대학이  있으므로  지원  가능여부  반드시  확인
-  영국  1년  파견  희망자는  IELTS(Academic)  성적으로만  지원  가능",,,,,,,,,,,,,,,,
65,목적,항목,보유기간,,,,,,,,,,,,,,,
65,"대입  원서  접수  및
대입  전형","이름, 국적, 공통원서비밀번호, 주소, 전화번호, 휴대전화번호, 추가전화번호(1
개),  이메일,  학교정보(최종학력구분,  재학/출신  고교명,  졸업(예정)연도,  고교 
전화번호),  전형구분,  모집단위(지망학과)","처리목적
달성  시  까지",,,,,,,,,,,,,,,
65,목적,항목,보유기간,,,,,,,,,,,,,,,
65,"대입  원서  접수  및
대입  전형","추가전화번호(1~4개),  환불계좌정보(은행명,  계좌번호,  예금주  이름)","처리목적  달성
시  까지",,,,,,,,,,,,,,,
65,개인정보  처리사유,개인정보  항목,보유기간,,,,,,,,,,,,,,,
65,"대입  원서  접수  및
대입  전형","주민등록번호 (재외국민과 외국인 전형 등의 경우 :  외국인 등록번호 
또는  여권번호)",처리목적  달성  시까지,,,,,,,,,,,,,,,
66,"개인정보(민감정보)의
수집  출처",개인정보  항목,관련법령,,,,,,,,,,,,,,,
66,질병관리청,"이름,  생년월일,  성별, 
주소","감염예방법(제6조4항)  및  재난안전법(제74조3항), 
개인정보보호법(제15조1항3호)",,,,,,,,,,,,,,,
66,수탁받는  자,위탁업무  내용,"위탁업무처리
개인정보항목","개인정보의 
보유․이용기간",기타,,,,,,,,,,,,,
66,한국교육학술정보원,"학교생활기록부
온라인  추출","이름,  주민등록번호","처리목적  달성 시 또는
위탁계약  종료  시까지",,,,,,,,,,,,,,
66,,"검정고시
대입전형자료
온라인  추출","이름,  주민등록번호,  합격정보,  과목성
적정보",,,,,,,,,,,,,,,
66,한국교육과정평가원,"수능성적
온라인  추출","이름,  주민등록번호","처리목적  달성 시 또는
위탁계약  종료  시까지",,,,,,,,,,,,,,
66,"한국대학교육협의회/
한국전문대학
교육협의회","지원방법위반  및
이중등록  조항
위반자  사전  예방","모집시기,  이름,  주민등록번호(재외국
민과 외국인 전형 등의 경우 : 외국인등
록번호 또는 여권번호), 수험번호, 대학
코드, 합격/예치금구분,  접수장소, 접수
일자, 지원결과, 전형유형, 모집단위명, 
계열코드, 출신고교코드, 출신고교유형
코드,  졸업연도,  등록일자구분","처리목적  달성 시 또는
위탁계약  종료  시까지","고등교육법 
시행령
제42조,
제42조의2",,,,,,,,,,,,,
66,한국대학교육협의회,"표준  공통원서접수 
서비스  관련 
대입원서접수정보 
연계","이름, 주민등록번호(재외국민과 외국인 
전형  등의 경우 : 외국인등록번호  또는 
여권번호), 국적, 공통원서비밀번호, 주
소,  전화번호,  휴대전화번호,  추가전화
번호,  이메일,  학교정보{최종학력구분, 
재학/출신  고교명,  졸업(예정)연도,  고
교 전화번호}, 은행명,  예금주 이름, 계
좌번호,  전형구분,  모집단위(지망학과)",-,"※ 즉시 연계 수행
함으로  개인정보 
보유하지  않음",,,,,,,,,,,,,
67,수탁받는  자,위탁업무  내용,"위탁업무처리
개인정보항목","개인정보의 
보유․이용기간",기타,,,,,,,,,,,,,
67,한국대학교육협의회,"대학원서  일치성 
검사","대학명, 수험번호, 이름, 모집단위, 전형
유형,  접수기간","처리목적  달성 시 또는 
위탁계약  종료  시까지","대학원서접수대
장의  원서일치성 
검사  서비스를 
위한  필요  사항",,,,,,,,,,,,,
67,한국대학교육협의회,"고등학교 
졸업예정자  중 
졸업자격 
미취득자의  대학 
진학 현황 검색 및 
후속조치",고교졸업여부,"고등교육법 제33조 근거 
수집 및 활용종료 시까지",,,,,,,,,,,,,,
67,한국대학교육협의회,"수능시험 
대리응시자 확인을 
위한  수능응시원서 
요청  명단  수합","학력정보(출신고교,  검정고시,  기타수
능응시자격정보),  수능수험번호,  이름","고등교육법 제34조 근거 
수집 및 활용종료 시까지",,,,,,,,,,,,,,
67,한국대학교육협의회,"개인정보보호 
모니터링","ID, 접속정보, 개인민감정보 복호화 내역, 
접속IP주소","처리목적  달성 시 또는
위탁계약  종료  시까지","개인정보보호를
위한  필수사항",,,,,,,,,,,,,
67,㈜진학어플라이,대입원서 접수대행,㈜진학어플라이  개인정보취급방침  참조,"처리목적  달성 시 또는 
위탁계약  종료  시까지",,,,,,,,,,,,,,
67,"개인정보를
제공받는  자","제공받는  자의
개인정보  이용목적","제공하는
개인정보  항목","제공받는  자의 
보유․이용기간",,,,,,,,,,,,,,
67,한국대학교육협의회,"출신고교의  고등학교별 
대학진학자  조회  서비스  제공","성명,  성별,  대학구분, 
등록대학,  모집단위명",처리목적  달성  시까지,,,,,,,,,,,,,,
68,"개인정보를
제공받는  자","제공받는  자의
개인정보  이용목적","제공하는
개인정보  항목","제공받는  자의 
보유․이용기간",,,,,,,,,,,,,,
68,지원자  출신  고등학교,"학교알리미  진학  통계  작성을 
위한  자료  열람","이름,  성별,  대학구분, 
등록대학,  모집단위명",처리목적  달성  시까지,,,,,,,,,,,,,,
