Page,0,1,2,3,4,5,6,7,8,9,10,11,12
2,,,,,,,,,,,,,
2,,"∙ 인터넷  원서접수  :  2025.  9.  9.(화)  10:00  ~  9.  12.(금)  18:00
∙ 본교  캠퍼스,  전형  간  중복(복수)  지원을  할  수  있습니다.
※  전형별로  모집단위는  1개만  선택할  수  있습니다. 
∙ 수시모집에서는  최대  6개  이내의  전형에  지원  가능합니다.
∙ 수시모집의 최종합격자(최초 및 충원합격자)는 등록여부와 상관없이 정시 및 추가모집에 지원
할  수  없습니다.
∙ 본 모집요강의 일부  내용이 수정될  수 있으므로 원서접수 전 입학처 홈페이지의 공지사항을 
반드시  확인하시기  바랍니다.
http://go.hanyang.ac.kr",,,,,,,,,,,
2,,,,,,,,,,,,,
4,"전  형
학생부교과(추천형)
학생부종합(추천형)",,"일  정
∙ 추천서  제출기간 
  9.  15.(월)  ~  9.  19.(금)
∙ 최종합격자  발표
12.  12.(금)  예정",,,,,,,,,,
4,학생부종합(면접형),,"∙ 1단계  합격자  발표
11.    7.(금)  예정
∙ 2단계  면접고사
11.  29.(토)  -  공과대학
                          한양인터칼리지학부(자연)
11.  30.(일)  -  사범대학
∙ 최종합격자  발표
12.  12.(금)  예정",,,,,,,,,,
4,"학생부종합
(서류형,  고른기회,  특성화고졸재직자)",,"∙ 최종합격자  발표
12.  12.(금)  예정",,,,,,,,,,
4,논술,,"∙ 논술고사 
11.  22.(토)  -  상경/인문계열
11.  23.(일)  -  자연계열
∙ 최종합격자  발표
12.  12.(금)  예정",,,,,,,,,,
4,실기/실적(미술특기자),,"∙ 1단계  합격자  발표
10.  21.(화)  예정
∙ 2단계  실기고사
10.  23.(목) 
∙ 최종합격자  발표
11.    7.(금)  예정",,,,,,,,,,
4,"실기/실적
(음악특기자)","관현악과
국악과","∙ 일괄합산  실기고사
10.  18.(토)  ~  10.  19.(일),
10.  25.(토)  ~  10.  26.(일),
 
11.    1.(토)  ~  11.    2.(일)
∙ 최종합격자  발표
11.    7.(금)  예정",,,,,,,,,,
4,실기/실적(체육특기자),,"∙ 1단계  합격자  발표
10.  21.(화)  예정
∙ 2단계  면접고사
10.  25.(토) 
∙ 최종합격자  발표 
11.    7.(금)  예정",,,,,,,,,,
4,실기/실적(연기특기자),,"∙ 면접고사 
10.  31.(금)
∙ 최종합격자  발표
11.    7.(금)  예정",,,,,,,,,,
4,실기/실적(무용특기자),,"∙ 실기고사 
10.  18.(토)  ~  10.  20.(월)
∙ 최종합격자  발표
11.    7.(금)  예정",,,,,,,,,,
5,"기  간
9.  9.(화)  ~  9.  12.(금)","전  형
수시  전  전형","내  용
인터넷  원서접수",,,,,,,,,,
5,9.  9.(화)  ~  9.  15.(월),"제출서류가  있는  전형  지원자에  한함
(방문접수  불가)
※  9.  15.(월)  우편  소인분까지  유효",제출서류  접수,,,,,,,,,,
5,9.  15.(월)  ~  9.  19.(금),"학생부교과(추천형), 학생부종합(추천형)",학교장  추천  명단  입력,,,,,,,,,,
5,"10.  18.(토)  ~  10.  19.(일)
10.  25.(토)  ~  10.  26.(일)
11.    1.(토)  ~  11.    2.(일)",실기/실적(음악특기자),"(관현악,  국악)  실기고사",,,,,,,,,,
5,10.  18.(토)  ~  10.  20.(월),실기/실적(무용특기자),실기고사,,,,,,,,,,
5,10.  21.(화),"실기/실적(미술특기자,  체육특기자)",1단계  합격자  발표,,,,,,,,,,
5,10.  23.(목),실기/실적(미술특기자),2단계  실기고사,,,,,,,,,,
5,10.  25.(토),실기/실적(체육특기자),2단계  면접고사,,,,,,,,,,
5,10.  31.(금),실기/실적(연기특기자),면접고사,,,,,,,,,,
5,11.    7.(금),학생부종합(면접형),1단계  합격자  발표,,,,,,,,,,
5,,실기/실적  전  전형,최종합격자  발표,,,,,,,,,,
5,11.  22.(토)  ~  11.  23.(일),논술,"논술고사
  -  22.(토)  :  상경/인문계열
  -  23.(일)  :  자연계열",,,,,,,,,,
5,11.  29.(토)  ~  11.  30.(일),학생부종합(면접형),"2단계  면접고사
  -  29.(토)  :  공과대학
  -                :  한양인터칼리지학부(자연)
  -  30.(일)  :  사범대학-  30.(일)",,,,,,,,,,
5,12.  12.(금),"학생부교과(추천형), 
학생부종합(추천형,  서류형,  면접형, 
고른기회,  특성화고졸재직자),  논술",최종합격자  발표,,,,,,,,,,
5,12.  15.(월)  ~  12.  17.(수),수시  전  전형,합격자  등록,,,,,,,,,,
5,"12.  18.(목)  ~  12.  23.(화)
  ※  23일  18:00까지",수시  전  전형,미등록  충원,,,,,,,,,,
5,"12.  18.(목)  ~  12.  24.(수)
  ※  24일  22:00까지",수시  전  전형,미등록  충원  등록,,,,,,,,,,
5,‘26.  2.  3.(화)  ~  2.  5.(목),수시  전  전형,최종  등록,,,,,,,,,,
6,"대  학
공과","선발
계열
자연","모집단위(학과)
건축학부(5년제)","모집
인원
39",수시  모집인원,,,,,,,,
6,,,,,"학생부
교과",학생부종합,,,,,"논술
4","실기/
실적","수시
계
21"
6,,,,,"추천형
5",추천형,"서류형
10",면접형,"고른
기회
2","특성화
고졸
재직자
정원외",,,
6,,자연,건축공학부,37,5,,9,,3,,4,,21
6,,자연,건설환경공학과,47,6,,11,,4,,4,,25
6,,자연,도시공학과,36,5,,8,,3,,4,,20
6,,자연,자원환경공학과,28,3,,10,,2,,,,15
6,,자연,융합전자공학부,159,17,10,28,10,5,,10,,80
6,,자연,컴퓨터소프트웨어학부,130,13,11,13,13,6,,10,,66
6,,상경,정보시스템학과(상경),34,5,,6,,2,,4,,17
6,,자연,"전기·생체공학부
(전기공학전공)",58,5,5,7,6,4,,5,,32
6,,자연,"전기·생체공학부
(바이오메디컬공학전공)",24,,4,4,4,,,,,12
6,,자연,신소재공학부,79,8,5,7,7,4,,7,,38
6,,자연,화학공학과,50,5,5,4,4,4,,4,,26
6,,자연,생명공학과,23,3,,9,,,,,,12
6,,자연,유기나노공학과,28,4,,8,,2,,,,14
6,,자연,에너지공학과,30,4,,5,5,2,,,,16
6,,자연,기계공학부,135,17,11,14,14,5,,9,,70
6,,자연,원자력공학과,33,5,,9,,2,,,,16
6,,자연,산업공학과,39,5,,7,,2,,5,,19
6,,자연,미래자동차공학과,60,6,,14,4,2,,5,,31
6,,자연,데이터사이언스학부,60,7,5,14,4,,,,,30
6,,자연,반도체공학과,(40),(6),,(22),,,,(4),,(32)
6,의과,자연,의예과,110,,40,16,,2,,8,,66
6,간호,자연,간호학과,38,4,,13,,3,,5,,25
6,"인문
과학",인문,국어국문학과,29,4,,7,,2,,4,,17
6,,인문,중어중문학과,40,6,,13,,2,,,,21
6,,인문,영어영문학과,49,7,5,11,,2,,,,25
6,,인문,독어독문학과,17,4,,13,,,,,,17
6,,인문,사학과,22,3,,6,,,,4,,13
6,,인문,철학과,17,3,,4,,,,3,,10
6,"사회
과학",인문,정치외교학과,30,4,,8,,,,4,,16
6,,인문,사회학과,29,4,,8,,,,4,,16
6,,인문,미디어커뮤니케이션학과,41,5,4,9,,2,,5,,25
6,,인문,관광학부,34,5,4,5,,2,,4,,20
6,"자연
과학",자연,수학과,40,5,,9,,3,,8,,25
6,,자연,물리학과,36,4,,11,,2,,5,,22
6,,자연,화학과,47,6,,14,,3,,5,,28
6,,자연,생명과학과,44,6,,13,,3,,5,,27
7,"대  학
정책
과학","선발
계열
인문","모집단위(학과)
정책학과","모집
인원
83",수시  모집인원,,,,,,,,
7,,,,,"학생부
교과",학생부종합,,,,,"논술
4","실기/
실적","수시
계
51"
7,,,,,"추천형
9","추천형
10","서류형
24",면접형,"고른
기회
4","특성화
고졸
재직자
정원외",,,
7,,인문,행정학과,36,5,,12,,2,,,,19
7,"경제
금융",상경,경제금융학부,100,9,8,19,,4,,9,,49
7,경영,상경,경영학부,192,26,18,60,,5,,12,,121
7,,상경,파이낸스경영학과,45,5,5,9,,2,,4,,25
7,사범,인문,교육학과,20,3,,,6,2,,,,11
7,,인문,교육공학과,20,3,,,6,2,,,,11
7,,인문,국어교육과,23,3,,,8,2,,,,13
7,,인문,영어교육과,23,4,,,6,2,,,,12
7,,자연,수학교육과,19,3,,,3,2,,3,,11
7,,예체능,응용미술교육과,22,,,,,,,,22,22
7,"생활
과학",인문/자연,의류학과,31,9,,12,,2,,,,23
7,,자연,식품영양학과,33,8,,11,,2,,4,,25
7,,인문/자연,실내건축디자인학과,33,10,,13,,2,,,,25
7,음악,예체능,성악과,25,,,,,,,,,0
7,,예체능,작곡과,14,,,,,,,,,0
7,,예체능,피아노과,19,,,,,,,,,0
7,,예체능,관현악과,38,,,,,,,,10,10
7,,예체능,국악과,31,,,,,,,,31,31
7,"예술
체육",예체능,"스포츠산업과학부
(스포츠매니지먼트전공)",30,,,7,,,,,6,13
7,,예체능,"스포츠산업과학부
(스포츠사이언스전공)",30,,,6,,,,,6,12
7,,인문,연극영화학과(영화),21,,,7,,,,4,,11
7,,예체능,연극영화학과(연출및스탭),7,,,,,,,,,0
7,,예체능,연극영화학과(연기),15,,,,,,,,2,2
7,,예체능,무용학과,31,,,,,,,,31,31
7,국제,인문,국제학부,45,,9,27,,,,,,36
7,,산업융합 자연/인문,산업융합학부,(157),,,,,,(157),,,(157)
7,한양,인터칼리지 자연/인문,한양인터칼리지학부(자연),250,40,30,25,20,5,,35,,190
7,,,한양인터칼리지학부(인문),,,10,10,,,,15,,
7,정원  내,,합    계,"2,988",335,199,599,120,118,,229,108,"1,708"
7,정원  외,,합    계,(366),(6),,(22),,,(157),(4),,(189)
9,"대  학
간호대학","모집단위(전공)
간호학과",,,,,,,,,,,
9,인문과학대학,"국어국문학과,  중어중문학과,  영어영문학과,  사학과",,,,,,,,,,,
9,사회과학대학,관광학부,,,,,,,,,,,
9,자연과학대학,"수학과,  물리학과",,,,,,,,,,,
9,생활과학대학,식품영양학과,,,,,,,,,,,
9,음악대학,"성악과,  작곡과,  피아노과,  관현악과,  국악과",,,,,,,,,,,
9,예술체육대학,"스포츠산업과학부(스포츠사이언스전공),  연극영화학과,  무용학과",,,,,,,,,,,
9,"대학/학과
경영대학",,"내  용
15개국  29개  대학과  학생교류  프로그램  운영
  *  교환학생  :  캐나다  Alberta  School  of  Business,
University  of  Alberta  외  19개교   
  *  학‧석사  연계  과정  :  미국  Temple  University  외  1개교 
  *  복수학위  :  프랑스  NEOMA  Business  School","문  의
02)2220-2433",,,,,,,,,
9,"인문과학
대학",중어중문학과,"2학년  2학기부터  타이완  국립  타이완대학교  중문과에서  2년간  수학  후
양  대학  학사학위  동시  취득(매년  2명  선발)",02)2220-0770,,,,,,,,,
9,,독어독문학과,"지원자에  한하여  독일  국립  바이로이트대학교에서  3학년  1학기  한  학기 
과정  이수",02)2220-0730,,,,,,,,,
10,학생부교과,학생부종합,,,,논술,실기/실적,,,,,,
10,추천형,추천형,서류형,면접형,고른기회,논술,특기자,,,,,,
10,○,○,○,○,○,○,○,,,,,,
10,"대학  및  모집단위
사범대학","모집인원
29명","면접유형
학교생활기록부  기반  면접",,,,,,,,,,
10,"공과대학  일부  모집단위,
한양인터칼리지학부(자연)",91명,제시문  기반  면접,,,,,,,,,,
10,전체,120명,,,,,,,,,,,
11,"호수
전형별 
총점(만점)기준","1호
-30점","2호
3호
-100점","4호
5호
-200점","6호
7호
-300점","8호
9호
부적격",,,,,,,
11,모집단위,모집인원,,수시,,,,정시,,,,,
11,,변경  전,변경  후,"학생부교과
(추천형)",학생부종합,,논술,수능,,,,,
11,,,,,추천형,서류형,,,,,,,
11,융합전자공학부,119,159  (+40),17  (+4),10  (+2),28  (+17),10  (+1),79  (+16),,,,,
11,미래자동차공학과,40,60  (+20),6  (+2),-,14  (+10),-,29  (+8),,,,,
11,데이터사이언스학부,40,60  (+20),7  (+2),-,14  (+10),-,30  (+8),,,,,
11,총  인원,199,279  (+80),30  (+8),10  (+2),56  (+37),10  (+1),138  (+32),,,,,
12,"전  형  유  형
학생부교과","주  요  사  항
• 정원  내/외  모집인원 
      -  학생부교과(추천형)  :  341명
• 전형방법  :  학생부교과  90  +  교과  정성평가  10
• 수능최저학력기준  적용,  면접  없음
• 학생부  외  제출서류  없음",,,,,,,,,,,
12,학생부종합,"전형명
  구분",추천형,서류형,면접형,고른기회,,특성화고졸재직자,,,,,
12,,"정원  내/외 
모집인원",199명,621명,120명,118명,,157명,,,,,
12,,전형방법,학생부종합평가  100,학생부종합평가  100,"1단계  :  학생부종합평가  100
2단계  :  1단계  70  +  면접  30",학생부종합평가  100 학생부종합평가  100,,,,,,,
12,,"수능최저
학력기준",적용,미적용,미적용,미적용,,미적용,,,,,
12,,면접,미실시,미실시,실시,미실시,,미실시,,,,,
12,논  술,"• 정원  내/외  모집인원  :  233명
• 전형방법  :  논술  90  +  학생부종합평가  10
• 논술중심  전형
• 고교  교육과정  내  출제
• 논술고사  :  90분
• 수능최저학력기준  적용",,,,,,,,,,,
12,실기/실적,"• 정원  내  모집인원  :  총  108명
• 미술특기자  :  22명
      -  1단계(20배수)  :  학생부종합평가  100 
      -  2단계  :  실기  100
• 음악특기자  :  41명 
      -  실기중심  선발  (*모집단위별  전형방법  상이)
• 체육특기자  :  12명
      -  1단계(5배수)  :  경기실적  70  +  학생부종합평가  30
      -  2단계  :  1단계  성적  90  +  면접  10
• 연기특기자  :  2명
      -  연기실적  70  +  면접  30
• 무용특기자  :  31명
      -  실기  80  +  학생부교과  20",,,,,"• 수능최저학력기준 
미적용",,,,,,
14,"전형  구분
학생부교과(추천형)1),2)",,,"졸업  연도
2025년 
2월  이후","수능최저
학력기준
O",고교유형,,,,,,,
14,,,,,,"일반고
O","특목고
O1)",X,"영재고 특성화고 외국고 검정고시
X",X,X,,
14,"학생부
종합",추천형2),,"2025년 
2월  이후",O,O,O,O,O,X,X,,
14,,서류형,,제한없음,-,O,O,O,O,O,O,,
14,,면접형,,,-,O,O,O,O,O,O,,
14,,"고른
기회","기초생활수급자
및  차상위계층",,-,O,O,O,O,O,O,,
14,,,국가보훈대상자,,-,O,O,O,O,O,O,,
14,,,농어촌학생,,-,O,X,X,O,X,X,,
14,,,특성화고교졸업자,,-,X,X,X,O,X,X,,
14,,,특수교육대상자,,-,O,O,O,O,O,O,,
14,,특성화고졸재직자3),,,-,△3),△3),X,O,X,X,,
14,논  술,,,제한없음,O,O,O,O,O,O,O,,
14,실기/실적,,미술특기자,제한없음,-,O,O,O,O,X,X,,
14,,,음악특기자,,-,O,O,O,O,O,O,,
14,,,체육특기자,,-,O,O,O,O,O,O,,
14,,,연기특기자,,-,O,O,O,O,O,O,,
14,,,무용특기자,,-,O,O,O,O,O,O,,
16,"구  분
전자문서  등록","납부기간
  2025.  12.  15.(월)  09:00  ~  12.  17.(수)  16:00까지","금  액
-","납부은행
-",,,,,,,,,
16,등록금  납부,2026.  2.  3.(화)  10:00  ~  2.  5.(목)  16:00까지,추후공지,신한은행,,,,,,,,,
16,"신청메뉴
등록포기  신청  및  조회","대  상
합격자  중에서  등록할  의사가  없는  학생","신청기한
등록  포기원인  발생  즉시",,,,,,,,,,
16,환불  신청  및  조회,등록한  자  중에서  환불(등록포기)을  원하는  학생,,,,,,,,,,,
17,"전형
학생부교과(추천형)",,"전형료
45,000원","감면금액
-","납부금액
45,000원","1단계  불합격자
환불금액
-",,,,,,,
17,학생부종합(추천형),,"60,000원",-,"60,000원",-,,,,,,,
17,학생부종합(서류형),,"50,000원",,"50,000원",-,,,,,,,
17,학생부종합(면접형),,"80,000원",,"80,000원","30,000원",,,,,,,
17,학생부종합(고른기회1),,"25,000원","24,000원","1,000원",-,,,,,,,
17,학생부종합(고른기회2),,"25,000원",-,"25,000원",-,,,,,,,
17,학생부종합(특성화고졸재직자),,"35,000원",-,"35,000원",-,,,,,,,
17,논술,,"60,000원",-,"60,000원",-,,,,,,,
17,"실기/
실적",미술특기자,"95,000원",-,"95,000원","50,000원",,,,,,,
17,,음악특기자[관현악과],"95,000원",-,"95,000원",-,,,,,,,
17,,음악특기자[국악과],"95,000원",-,"95,000원",-,,,,,,,
17,,체육특기자,"75,000원",-,"75,000원","30,000원",,,,,,,
17,,연기특기자,"65,000원",-,"65,000원",-,,,,,,,
17,,무용특기자,"95,000원",-,"95,000원",-,,,,,,,
18,"구  분
원서접수  마감  전","환불금액
전형료  전액",,,,,,,,,,,
18,원서접수  마감  후  3일  이내,전형료의  70%  환불,,,,,,,,,,,
18,원서접수  마감  후  4일  이후부터  전형별  고사  후  3일  이내,전형료의  50%  환불,,,,,,,,,,,
18,전형별  고사  후  4일  이후,반환하지  않음,,,,,,,,,,,
21,"전  형
  학생부교과(추천형)",,,"선발방법
일괄합산","전형요소  반영비율  (%)
  학생부교과  90  +  교과  정성평가  10",,,,,,,,
21,학생부종합(추천형),,,일괄합산,학생부종합평가  100,,,,,,,,
21,학생부종합(서류형),,,일괄합산,학생부종합평가  100,,,,,,,,
21,학생부종합(면접형),,,"1단계
(7배수)",학생부종합평가  100,,,,,,,,
21,,,,2단계,1단계  성적  70  +  면접  30,,,,,,,,
21,학생부종합(고른기회),,,일괄합산,학생부종합평가  100,,,,,,,,
21,학생부종합(특성화고졸재직자),,,일괄합산,학생부종합평가  100,,,,,,,,
21,논술,,,일괄합산,논술  90  +  학생부종합평가  10,,,,,,,,
21,실기/실적,미술특기자,,"1단계
(20배수)",학생부종합평가  100,,,,,,,,
21,,,,2단계,실기  100,,,,,,,,
21,,"음악
특기자",관현악과,일괄합산,실기  90  +  학생부교과  10,,,,,,,,
21,,,"국악과
(기악,  성악)",일괄합산,실기  80  +  학생부교과  20,,,,,,,,
21,,,"국악과
(작곡,  이론)",일괄합산,실기  60  +  학생부교과  40,,,,,,,,
21,,체육특기자,,"1단계
(5배수)",경기실적  70  +  학생부종합평가  30,,,,,,,,
21,,,,2단계,1단계  성적  90  +  면접  10,,,,,,,,
21,,연기특기자,,일괄합산,연기실적  70  +  면접  30,,,,,,,,
21,,무용특기자,,일괄합산,실기  80  +  학생부교과  20,,,,,,,,
23,"계  열
순  위
1","자연
수학  교과성적","인문
영어  교과성적","상경  /  한양인터칼리지학부
영어  교과성적",,,,,,,,,
23,2,과학  교과성적,국어  교과성적,수학  교과성적,,,,,,,,,
23,3,영어  교과성적,수학  교과성적,국어  교과성적,,,,,,,,,
23,4,수학  이수단위(학점),영어  이수단위(학점),영어  이수단위(학점),,,,,,,,,
23,5,과학  이수단위(학점),국어  이수단위(학점),수학  이수단위(학점),,,,,,,,,
23,6,영어  이수단위(학점),수학  이수단위(학점),국어  이수단위(학점),,,,,,,,,
27,"전형단계
1단계","전형방법
학생부종합평가  100","선발
7배수  내외",,,,,,,,,,
27,2단계,1단계  성적  70  +  면접  30,최종선발,,,,,,,,,,
28,"대학
공과","모집단위
융합전자공학부,  컴퓨터소프트웨어학부, 
전기·생체공학부(전기공학전공),  전기·생체공학부(바이오메디컬공학전공), 
신소재공학부,  화학공학과,  에너지공학과,  기계공학부, 
미래자동차공학과,  데이터사이언스학부","면접  방식
제시문  기반  면접",,,,,,,,,,
28,한양인터칼리지,한양인터칼리지학부(자연),,,,,,,,,,,
28,사범,"교육학과,  교육공학과,  국어교육과,  영어교육과,  수학교육과",학생부  기반  면접,,,,,,,,,,
28,"면접일
11.  29.(토)","면접방법
현장 
녹화  면접
(비대면)","시간
20분  내외","평가요소 
학업, 
논리적사고, 
의사소통","평가내용
• 제시문  기반  학업, 
논리적  사고력  및 
의사소통  능력 
평가","출제범위
•  수학  :  수학,  수학Ⅰ,  수학Ⅱ, 
미적분,  확률과통계,  기하
•  과학  :  통합과학,  물리학Ⅰ, 
화학Ⅰ,  생명과학Ⅰ,  물리학Ⅱ, 
화학Ⅱ,  생명과학Ⅱ",,,,,,,
28,"면접일
11.  30.(일)","면접방법
2인  내외
(대면)","시간
10분  내외","평가요소 
적성,  인성, 
잠재력","평가내용
•  예비  교육인으로서  가치관  및  태도
• 질문에 대한 의사표현의 적절성 및 논리적인 전개력
  ※ 학업 지식 또는 대학 전공 수준의 이해를 요구하는 
어려운 질문은 배제하고 개인 역량을 중심으로 평가",,,,,,,,
31,구  분,자  격  요  건,,,,,,,,,,,
31,농어촌학생,"⑤  농어촌  지역
중․고등학교
6년  이수자","중학교 입학일부터 고등학교 졸업(예정)일까지 농․어촌(읍․면) 또는 도서․벽지 지역의 
중․고등학교에서 전 교육과정을 이수(예정)한 졸업(예정)자로서 중․고등학교 재학기간 
동안  본인,  부,  모  모두가  농․어촌(읍․면)  또는  도서․벽지  지역에서  실제로  거주한  자",,,,,,,,,,
31,,"⑥  농어촌  지역
초․중․고등학교
12년  이수자","초등학교 입학일부터 고등학교 졸업(예정)일까지 농․어촌(읍․면) 또는 도서․벽지 지역의 
초․중․고등학교에서  전  교육과정을  이수(예정)한  졸업(예정)자로서  초․중․고등학교 
재학기간  동안  본인이  농․어촌(읍․면)  또는  도서․벽지  지역에서  실제로  거주한  자",,,,,,,,,,
31,,"※  농어촌(읍․면) 지역은 「지방자치법」 제3조, 도서․벽지 지역은 「도서․벽지 교육진흥법」 시행규칙 제2조에  따름
※ 제외 대상자 : 농어촌, 도서․벽지 지역 소재 특수목적고 중 과학고, 외국어고, 국제고, 예술고, 체육고, 학력인정고
(각종학교  포함)  출신자
※ 행정구역 적용범위 : 고등학교(또는 중학교, 초등학교) 재학 기간 중 행정구역 개편 등으로 읍․면 지역이 
동으로 변경 또는 도서․벽지 지역이 해제된 경우에는 해당 고등학교(또는 중학교, 초등학교)
의  재학  기간  동안만  해당  지역을  읍․면  또는  도서․벽지  지역으로  인정
※ 지원자격은 연속된 연수만을 인정(학교생활기록부 ‘학적사항’을 확인하여 휴학, 자퇴 등의 사실이 드러나는 
경우  불인정)
※ 합격자의 위장전입 등에 의한 지원자격 결격 사유가 확인될 경우 입학 전․후를 막론하고 합격을 취소할 수 있음",,,,,,,,,,,
31,"특성화고교
졸업자","국내  정규  고교  졸업(예정)자로서  아래  자격요건(⑦~⑧)  중  하나를  충족하는  자
⑦ 「초․중등교육법 시행령」 제91조제1항에 따른  특성화고등학교에서  입학 후 전 교육과정을 이수(예정)하고 
본교의  모집단위와  동일한  계열의  기준학과를  졸업(예정)한  자
⑧ 「초․중등교육법 시행령」 제91조제1항에 따른  특성화고등학교에서  입학 후 전 교육과정을 이수(예정)하고 
졸업(예정)한  자로서  본교의  모집단위와  동일한  계열의  전문교과를  30단위(학점)  이상  이수한  자
※  특성화고등학교  범위  :  특성화고와  같은  교육과정을  운영하는  학과가  있는  종합고  포함
(종합고  보통과[일반고  교육과정  이수자],  마이스터고,  대안교육  특성화고는  지원불가)",,,,,,,,,,,
31,특수교육대상자,"국내  정규  고교  졸업(예정)자  및  동등의  학력  소지자로서  아래  자격요건(⑨~⑩)  중  하나를  충족하는  자
  *  2026년  2월  2학년  수료예정자  중  상급학교  조기입학  자격  부여자(상급학교  진학대상자)  포함 
⑨  「장애인복지법」  제32조에  의하여  장애인  등록이  되어  있는  자로서  「장애인  등에  대한  특수교육법」 
제15조  및  동법시행령  제10조의  선정기준에  의한  자
⑩  기타  국가보훈관계  법령*에  의한  상이  및  장애  등급자  본인(국가보훈처  등록)
      * 「국가유공자  등  예우  및  지원에  관한  법률」,「보훈보상대상자  지원에  관한  법률」,  「특수임무유공자  등 
예우  및  단체설립에  관한  법률」  등",,,,,,,,,,,
32,"자격요건
①","제출서류
수급자  증명서",,"비  고
시․군․구청,  읍․면․동  주민센터  발급",,,,,,,,,
32,②,차상위  자활근로자  확인서,택1,"시․군․구청,  읍․면․동  주민센터  발급",,,,,,,,,
32,,"차상위  장애인연금,  장애수당, 
장애아동수당  대상자  확인서",,,,,,,,,,,
32,,차상위계층  확인서,,,,,,,,,,,
32,,차상위  본인부담  경감  대상자  증명서,,국민건강보험공단  발급,,,,,,,,,
32,③,한부모가족증명서,,"시․군․구청,  읍․면․동  주민센터  발급",,,,,,,,,
32,④,대학입학특별전형대상자  증명서,,보훈(지)청  발급,,,,,,,,,
32,⑤,"㉠  주민등록초본 
㉡  가족관계증명서(상세)
㉢  중학교  학교생활기록부
㉣  학교장지원자격확인서",,"㉠  주민등록초본  3부(학생,  부,  모,  기준  각  1부씩  제출)
      ※  중·고등학교  전  재학기간  동안  과거의  주소변동사항과 
발생일/신고일이  반드시  포함되도록  발급받아야  함
㉡ 가족관계증명서(학생, 부 또는 모를 기준으로 각 1부씩  제출)
㉢  중학교  학교생활기록부(재학당시  학교  소재지  명기)
㉣  학교장지원자격확인서는  입학처  홈페이지  자료실에서 
내려받아  작성",,,,,,,,,
32,⑥,"㉠  주민등록초본
㉡  초등학교  학교생활기록부
㉢  중학교  학교생활기록부
㉣  학교장지원자격확인서",,"㉠  주민등록초본  1부(학생  기준)
      ※  초·중·고등학교  전  재학기간  동안  과거의  주소변동사항과 
발생일/신고일이  반드시  포함되도록  발급받아야  함
㉡  초등학교  학교생활기록부(재학당시  학교  소재지  명기)
㉢  중학교  학교생활기록부(재학당시  학교  소재지  명기)
㉣  학교장지원자격확인서는  입학처  홈페이지  자료실에서 
내려받아  작성",,,,,,,,,
32,⑦  ~  ⑧,없음,,,,,,,,,,,
32,⑨,장애인증명서,,"시․군․구청,  읍․면․동  주민센터  발급",,,,,,,,,
32,⑩,국가유공자  확인원,,상이등급이  기재되어  있어야  함,,,,,,,,,
32,해당자,주민등록등본  및  가족관계증명서(상세),,"①,  ②,  ③  자격요건  대상자  중  지원자격  증빙을  위해
필요한  경우(지원자  본인  명의로  발급받을  수  없는  경우)",,,,,,,,,
32,해당자,"기본증명서(본인),  혼인관계증명서",,⑤  자격요건  대상자  중  이혼  가정의  경우,,,,,,,,,
32,해당자,주민등록말소자  초본  또는  제적등본(사망자),,⑤  자격요건  대상자  중  부  또는  모가  사망한  경우,,,,,,,,,
33,"모집단위
• 공과대학  전  학과
  (정보시스템학과 제외)
• 의예과
• 자연과학대학 전 학과
• 수학교육과
• 생활과학대학 전 학과
• 한양인터칼리지","동일계열
공업","교육과정의  기준학과명
기계과,  전자기계과,  금속재료과,  전기과,  전자과,  통신과,  컴퓨터응용과,  토목과, 
건축과, 디자인과, 화학공업과, 환경공업과, 세라믹과, 식품공업과, 섬유과, 인쇄과, 
자동차과,  조선과,  항공과,  컴퓨터게임과,  만화·애니메이션과,  영상제작과",,,,,,,,,,
33,,"건설,  기계,  재료,
  화학  공업,  전기·전자","토목과,  건축시공과,  조경과,  기계과,  냉동공조과,  자동차과,  조선과,  항공과, 
금속재료과,  세라믹과,  산업설비과,  화학공업과,  전기과,  전자과",,,,,,,,,,
33,,상업  정보,"경영정보과,  회계정보과,  무역정보과,  유통정보과,  정보처리과,  콘텐츠개발과, 
전자상거래과,  상업디자인과,  관광경영과,  금융정보과",,,,,,,,,,
33,,"경영·금융, 디자인·문화콘텐츠, 
미용·관광·레저,  정보·통신","경영･사무과,  재무･회계과,  유통과,  금융과,  판매과,  디자인과,  문화콘텐츠과, 
미용과,  관광･레저과,  방송･통신과,  정보컴퓨터과",,,,,,,,,,
33,,농생명  산업,"식물자원과, 동물자원과, 산림자원과, 조경과, 농업토목과, 농업기계과, 식품가공과, 
농산물유통정보과,  환경·관광농업과,  생명공학기술과",,,,,,,,,,
33,,"식품  가공,  농림·수산  해양","식품가공과,  농업과,  원예과,  산림자원과,  동물자원과,  농업기계과,  농업토목과, 
해양생산과,  수산양식과,  해양레저과",,,,,,,,,,
33,,수산·해운,"해양생산과,  수산양식과,  자영수산과,  수산식품과,  해양환경과,  냉동공조과, 
동력기계과,  항해과,  전자통신과,  해양레저산업과,  항만물류과,  해양정보과",,,,,,,,,,
33,,"환경·안전,  선박  운항","환경보건과,  산업안전과,  항해과,  기관과",,,,,,,,,,
33,"• 인문계열  전  학과
• 상경계열  전  학과
• 생활과학대학 전 학과
• 간호학과
• 한양인터칼리지",상업  정보,"경영정보과,  회계정보과,  무역정보과,  유통정보과,  정보처리과,  콘텐츠개발과, 
전자상거래과,  상업디자인과,  관광경영과,  금융정보과",,,,,,,,,,
33,,"경영·금융, 디자인·문화콘텐츠, 
미용·관광·레저,  정보·통신","경영･사무과,  재무･회계과,  유통과,  금융과,  판매과,  디자인과,  문화콘텐츠과, 
미용과,  관광･레저과,  방송･통신과,  정보컴퓨터과",,,,,,,,,,
33,,가사·실업,"조리과,  의상과,  실내디자인과,  보육과,  관광과,  간호과,  복지서비스과,  미용과",,,,,,,,,,
33,,"보건·복지,  음식  조리, 
섬유·의류,  인쇄·출판·공예","보육과,  사회복지과,  보건간호과,  조리･식음료과,  섬유과,  의류과,  인쇄･출판과, 
공예과",,,,,,,,,,
33,,농생명  산업,"식품가공과,  환경관광농업과",,,,,,,,,,
33,,"식품  가공,  농림·수산  해양","식품가공과,  농업과,  원예과,  산림자원과,  동물자원과,  농업기계과,  농업토목과, 
해양생산과,  수산양식과,  해양레저과",,,,,,,,,,
35,"순  번
1","구  분
필수","제출서류
고등학교  학교생활기록부","비  고
온라인  제공  동의자  제외",,,,,,,,,
35,2,필수,"재직증명서
(병역  관련  서류  포함)","•  재직기간이  명시되어  있어야  함
•  현  재직중인  직장에  한하여  제출함
• 군 현역복무자는  복무확인서(군  복무기간 전체 기재 요망), 전역자는 
병적증명서  또는  주민등록초본  중  1부를  제출하여야  함",,,,,,,,,
35,3,해당자,경력증명서,"• 지원자격  충족을 위해 2개  이상의 산업체 재직 사실을  증명해야 하는 
지원자에  한하여  제출
    (현  직장에서의  재직기간이  3년  미만인  경우에  한하여  제출)
• 경력증명서 발급이 불가한 경우 ‘고용·산재보험자격이력내역서’로 대체 가능",,,,,,,,,
35,4,해당자,"산업체  4대  보험  가입  확인서
(비고의  1개  항목  이상)","• 재직  또는  경력증명서를  제출한  산업체  모두  제출
• 아래  항목  중  1개  이상  제출
    ①  국민연금가입증명서(국민연금공단  발행)
    ②  건강보험자격취득실확인서(국민건강보험공단  발행)
    ③  고용·산재보험자격이력내역서(고용지원센터  발행)",,,,,,,,,
35,5,해당자,농지원부  등본  등  공적증명서,"• 4대 보험 가입 대상 사업체가 아닌 농업, 수산업 등의 산업체 종사자는 
국가･지방자치단체가  발급하는  공적증명서(농지원부  등)를  제출",,,,,,,,,
35,6,해당자,"4대  보험  미가입  영세창업  및 
자영업  증명서","• 사업자등록증명원(세무서  발행)
• 납세사실증명서(세무서  발행)
• 휴업/폐업사실증명원(세무서  발행)-해당자에  한함",,,,,,,,,
36,"단과대학
공과대학","미선발  모집단위(전공)
자원환경공학과,  전기·생체공학부(바이오메디컬공학전공),  생명공학과, 
유기나노공학과,  에너지공학과,  원자력공학과,  데이터사이언스학부",,,,,,,,,,,
36,인문과학대학,"중어중문학과,  영어영문학과,  독어독문학과",,,,,,,,,,,
36,정책과학대학,행정학과,,,,,,,,,,,
36,사범대학,"교육학과,  교육공학과,  국어교육과,  영어교육과,  응용미술교육과",,,,,,,,,,,
36,생활과학대학,"의류학과,  실내건축디자인학과",,,,,,,,,,,
36,음악대학,음악대학  전  모집단위,,,,,,,,,,,
36,예술체육대학,"스포츠산업과학부(스포츠매니지먼트전공/스포츠사이언스전공), 
연극영화학과(연출및스탭/연기),  무용학과",,,,,,,,,,,
36,국제대학,국제학부,,,,,,,,,,,
36,산업융합학부,산업융합학부,,,,,,,,,,,
37,"계열
자연","평가유형
수리논술","문항  수
2문항  (소문항  각  2~3문항)","출제범위
•  수학,  수학Ⅰ,  수학Ⅱ,  확률과통계,  미적분,  기하","시간
90분",,,,,,,,
37,인문,인문논술,"1문항  (1,200자)",•  수능  국어영역  및  사회탐구영역과  동일,,,,,,,,,
37,상경,인문논술,1문항  (600자),,,,,,,,,,
37,,수리논술,1문항  (소문항  2~3문항),"• 수학,  수학Ⅰ,  수학Ⅱ,  확률과통계,  미적분,  기하",,,,,,,,,
37,자  연,"단답형 문제를 지양하고  고등학교 수학의 다양한 주제들을 통합교과적으로 출제함.  학생들이 수학 교과서에 
있는  정의들을  기본으로  하여  제시문을  이해하고,  이를  바탕으로  창의력을  발휘하여  논리적으로  문제가 
요구하는  결론에  도달할  수  있는지를  평가함",,,,,,,,,,,
37,인  문,"제시문에  나타난  주장과  근거를  활용하여  자신만의  종합적  의견과  정합적인  방식으로  결론을  도출하는 
과정을  통해  지원자의  창의적  적용  능력과  분석적  사고 능력을 평가하는  통합논술.  다양한  주제들을  활용하
여  인문·사회과학적  사고력을  종합적으로  평가함",,,,,,,,,,,
37,상  경,"지원자의  수학능력을  적절히  평가하기 위하여  인문논술과  수리논술을  함께 출제하며,  출제  및  평가의도는 
각각  인문계열  및  자연계열의  출제  및  평가의도와  동일함",,,,,,,,,,,
38,"일자
11. 22.
(토)","응시
계열
상경","구분
오전",시험시간,모집단위,,,,,,,,
38,,,,"09:30 
~ 
11:00",공과대학,정보시스템학과(상경),,,,,,,
38,,,,,정책과학대학,정책학과,,,,,,,
38,,,,,경제금융대학,경제금융학부,,,,,,,
38,,,,,경영대학,"경영학부,  파이낸스경영학과",,,,,,,
38,,,,,한양인터칼리지,한양인터칼리지학부(인문),,,,,,,
38,,인문,오후1,"13:30 
~ 
15:00",인문과학대학,"국어국문학과,  사학과,  철학과",,,,,,,
38,,,,,예술체육대학,연극영화학과(영화),,,,,,,
38,,,오후2,"17:00 
~ 
18:30",사회과학대학,"정치외교학과,  사회학과,
미디어커뮤니케이션학과,  관광학부",,,,,,,
38,"일자
11. 23.
(일)","응시
계열
자연","구분
오전",시험시간,모집단위,,,,,,,,
38,,,,"09:30
~
11:00",공과대학,"건축학부,  건축공학부,  건설환경공학과,  도시공학과",,,,,,,
38,,,,,간호대학,간호학과,,,,,,,
38,,,,,생활과학대학,식품영양학과,,,,,,,
38,,,,,한양인터칼리지,한양인터칼리지학부(자연),,,,,,,
38,,,오후1,"13:30
~
15:00",공과대학,"전기·생체공학부(전기공학전공),  신소재공학부, 
화학공학과,  기계공학부,  산업공학과",,,,,,,
38,,,,,자연과학대학,"수학과,  물리학과,  화학과,  생명과학과",,,,,,,
38,,,,,사범대학,수학교육과,,,,,,,
38,,,오후2,"17:00
~
18:30",공과대학,"융합전자공학부,  컴퓨터소프트웨어학부, 
미래자동차공학과,  반도체공학과",,,,,,,
38,,,,,의과대학,의예과,,,,,,,
40,"모집단위
관현악과","모집인원
10","전공별  모집인원
    플루트1,  오보에1,  클라리넷1,  바순1,  색소폰1,  호른1,
    트럼펫1,  테너트롬본1,  베이스트럼본1,  타악기1",,,,,,,,,,
40,국악과,31,"가야금4,  거문고3,  대금4,  피리4,  해금4,  아쟁1,  타악2,
    성악4(경서도소리1,  판소리3),  작곡3,  이론2",,,,,,,,,,
40,"모집단위(전공)
관현악과",,"전형단계
일괄합산","전형방법
실기  90  +  학생부교과  10","선발배수
최종선발",,,,,,,,
40,국 악 과,"가야금,  거문고,  대금,  피리,  해금, 
아쟁,  타악,  경서도소리,  판소리",일괄합산,실기  80  +  학생부교과  20,최종선발,,,,,,,,
40,,"작곡,  이론",일괄합산,실기  60  +  학생부교과  40,최종선발,,,,,,,,
41,"모집인원
Flute
(1)","실기곡
1. E.  Bozza  :  Image  Op.38
2.
J.  Ibert  :  Concerto  for  Flute  1,  3악장(3악장  중  리허설번호  61~67  제외)
*  전곡  암보","배점
50
50",,,,,,,,,,
41,"Oboe
(1)","1.  G.  Gillet  :  Etude  for  Oboe  중  No.11
2.  J.  S.  Bach  :  Solo  for  Flute  in  a  minor  BWV  1013  전악장
*  전곡  암보","50
50",,,,,,,,,,
41,"Clarinet
(1)","1.  B.  Kovacs  :  Hommage  a  Bach
2.  N.  Baldeyrou  :  Bizet  Carmen  Fantasy  3,  4악장  (반주  있음)
*  전곡  암보","50
50",,,,,,,,,,
41,"Bassoon
(1)","1.  C.  Jacobi  :  6  Caprices  Op.  15  중  No.  1
2.  F.  Berwald  :  Konzertstuck  in  F  Major  Op.  2  전악장
*  전곡  암보","50
50",,,,,,,,,,
41,"Saxophone
(1)","1.  G.  Gillet  :  Etude  for  Oboe  중  No.  11  (이조없음)
2.  A.  Glazunov  :  Saxophone  Concerto  Op.  109
*  전곡  암보","50
50",,,,,,,,,,
41,"Horn
(1)","1. C. Kopprasch 2권 No. 35, 36, 42, 50, 57 중 당일 추첨 1곡 (으뜸조와 이조 모두 연주)
2.  R.  Strauss  :  Concerto  No.  2  in  E♭  Major  1악장
      W.  A.  Mozart  :  Concerto  No.  4  in  E♭  Major  K.495  1악장","30
70",,,,,,,,,,
41,"Trumpet
(1)","1.  W.  Brandt  :  Etuden  4.  9.  11.  14.  24  중  당일  추첨  1곡
2.  R.  Planel  :  Concerto  for  Trumpet  전악장","30
70",,,,,,,,,,
41,"T.Trombone
(1)","1.  M.  Bleger  :  31  Studies  11,  12,  15,  17,  30  중  당일  추첨  1곡
2.  F.  David  :  Concertino  In  E♭  Major,  Op.  4  전악장  (Cadenza  제외)","30
70",,,,,,,,,,
41,"B.Trombone
(1)","1.  V.  Blazhevich：70  Studies  No.  11~16  중  당일  추첨  1곡
2.  E.  Ewazen  :  Rhapsody  For  Bass  Trombone  전악장","30
70",,,,,,,,,,
41,"Percussion
(1)","<Snare  Drum> 
1.  M.  Markovich  :  The  Winner
2. J. Delecluse: 12 Studies for Snare Drum No. 1,  3, 5,  6, 8,  9 中 당일 추첨 1곡","30
(종합
평가)",,,,,,,,,,
41,,"<Marimba>
1.  P.  Creston  :  Concertino  for  Marimba  3악장
2.  J.  Druckman:  Reflections  on  the  Nature  of  Water  中  No.  4  Gently  swelling","40
(종합
평가)",,,,,,,,,,
41,,"<Timpani> 
1.  F.  Kruger  :  Etude  No.  45  for  Timpani",30,,,,,,,,,,
41,,"*  모든  곡은  반복  생략
*  Snare  Drum을  제외한  모든  악기는  개인지참  불가함
*  Marimba를  제외한  모든  곡은  악보를  보아도  무방함",,,,,,,,,,,
42,"단계
일괄
합산",분야(전공),,,실기곡,배점,,,,,,,
42,,기악,"가    야    금
(4)",,"1.  중광지곡  중  염불도드리
2.  산조  중  중모리(5분)","50
50",,,,,,,
42,,,"거    문    고
(3)",,,,,,,,,,
42,,,"대            금
(4)",,"1.  평조회상  중  세령산
2.  산조  중  중모리(4분)","50
50",,,,,,,
42,,,"피            리
(4)",,,,,,,,,,
42,,,"해            금
(4)",,"1.  평조회상  중  중령산
2.  산조  중  진양조,  자진모리(5분)","50
50",,,,,,,
42,,,"아            쟁
(1)",,"1.  평조회상  중  중령산
2.  산조  중  중모리,  중중모리(5분)","50
50",,,,,,,
42,,,"타            악
(2)",,"1.  가곡,  관악영산회상  (고사전일  입학처  홈페이지에  공지) 
2.  판소리  고법  (고사전일  입학처  홈페이지에  공지) 
3.  경서도민요  반주  (고사전일  입학처  홈페이지에  공지)","40
30
30",,,,,,,
42,,성악,"판    소    리
(3)",,"1.  중모리  다음  세  곡  중  택1  (5분이상)   
    가.  심청가  중  선인따라  가는  대목
    나.  춘향가  중  춘향모친  못허지야
    다.  적벽가  중  새타령
2.  자진모리  자유곡  1곡","60
40",,,,,,,
42,,,"경서도 
소리
(1)",경기민요,"1.  12잡가  중  집장가
2.  금강산타령","50
50",,,,,,,
42,,,,서도민요,"1.  서도잡가  공명가   
2.  긴아리","50
50",,,,,,,
42,,"작곡
(3)","1.  주어진  동기에  의한  해금과  대아쟁을  위한  2중주곡  작곡
      (구성  장단은  고사  당일  공지)
2.  화성학  전반 
3.  청음  (단선율,  화성  구분)
4.  피아노  자유곡  1곡  (소나타  중  빠른악장)",,,"40
30
20
10",,,,,,,
42,,"이론
(2)","1.  국악이론  ·  국악사
2.  국악기악
      -  산조  중  중중모리  (가야금,  거문고,  대금,  피리,  해금,  아쟁  중  택일)",,,"90
10",,,,,,,
44,"종  목
농구  (남)",스포츠매니지먼트전공,,스포츠사이언스전공,,,,,,,,,
44,,"모집인원
3","포지션/선발분야
포워드3","모집인원
3","포지션/선발분야
가드2,  센터1",,,,,,,,
44,배구  (남),3,"아웃사이드히터(레프트)1, 
아포짓스파이커(라이트)1, 
미들블로커(센터)1",3,"세터1, 
아웃사이드히터(레프트)1, 
미들블로커(센터)1",,,,,,,,
44,"순  번
1
2
3
4","대  상
공통","제출서류
학력증명서","비  고
  학교생활기록부,  검정고시  합격증명서  등  (※  온라인 제공  동의자  제외)",,,,,,,,,
44,,,입상증명서,주최기관  발행  증명서  또는  상장  제출,,,,,,,,,
44,,,경기실적증명서,대한체육회  인터넷경기실적발급시스템  발급서류,,,,,,,,,
44,,,개인기록증명서,고교  재학  중  본인이  엔트리에  들어간  모든  경기에  대해  제출,,,,,,,,,
44,5,해당자,포지션  확인서류,입상증명서로  포지션을  확인할  수  없는  경우  반드시  제출,,,,,,,,,
45,"전형단계
1단계","전형방법
경기실적  70  +  학생부종합평가  30","선발
5배수  내외",,,,,,,,,,
45,2단계,1단계  성적  90  +  면접  10,최종선발,,,,,,,,,,
45,"면접관
3인  이상
(대면)","시간
7분  내외","평가요소 
적성,  인성, 
잠재력","평가내용
•  체육인으로서  가치관  및  태도  /  질문에  대한  의사표현의 
적절성  등을  평가",,,,,,,,,
45,"종  목
배구","평가  요소
팀  성적","세부내용
고교  재학  기간  중  출전한  전국규모  대회  팀  성적",,,,,,,,,,
45,,대표  경력,"대한배구협회  청소년  및  유스  대표로  선발된  자
대표로  12명  최종  선발된  자",,,,,,,,,,
45,,개인  성적,"전국대회,  고등배구  리그  개인  실적  소유자",,,,,,,,,,
45,,팀  기여도,포지션별  소속팀  경기  출전  비율,,,,,,,,,,
45,농구,팀  성적,고교  재학  기간  중  출전한  전국  또는  국제규모  대회  팀  성적,,,,,,,,,,
45,,대표  경력,대한농구협회  청소년  및  유스  대표  상비군  24명  선발된  자,,,,,,,,,,
45,,개인  성적,고교  재학  기간  중  출전한  전국대회  개인  전체  평균  기록,,,,,,,,,,
45,,팀  기여도,고교  재학  기간  중  출전한  전국대회  포지션별  개인  기록,,,,,,,,,,
52,"구  분
수  시",전형위주,반영교과,,"반영
과목  수",반영학기,반영방법,"점수
활용지표","학년별
반영비율",,,,
52,,학생부교과,국어,영어,"석차  등급이 
기재된  이수한 
전  과목","3학년
1학기
까지","환산점수를
산출하여
반영","등급
·
이수단위(학점)",없음,,,,
52,,,수학,사회,,,,,,,,,
52,,,과학,한국사,,,,,,,,,
52,,실기/실적,국어,영어,,,,,,,,,
52,,,사회,한국사,,,,,,,,,
53,"평가영역
교과학습
발달상황","평가항목
계열적합성","평가내용
•  이수과목,  이수단위(학점)  등을  중심으로  계열적합성을  평가",,,,,,,,,,
53,,출결상황  등 학교생활성실도,•  출결  및  학교폭력사항  등을  중심으로  학교생활성실도를  평가,,,,,,,,,,
54,"전형명
학생부종합
(면접형)","면접일
11.  29.(토)","모집단위
공과대학  해당  모집단위,
한양인터칼리지학부(자연)","면접방법
현장  녹화  면접
(비대면)","면접유형
제시문  기반  면접",,,,,,,,
54,,11.  30.(일),사범대학,"2인  내외
(대면)",학생부  기반  면접,,,,,,,,
54,"실기/실적
(체육특기자)",10.  25.(토),스포츠산업과학부,"3인  내외
(대면)",제출서류  기반  면접,,,,,,,,
54,"실기/실적
(연기특기자)",10.  31.(금),연극영화학과(연기),"3인  내외
(대면)",제출서류  기반  면접,,,,,,,,
55,"역량명
기초학업역량","정  의
대학  교육을  충실히  이수하는  데  필요한  기본적인  수학능력","평가항목
학업성취도",,,,,,,,,,
55,,,교과목  이수  상황,,,,,,,,,,
55,심층학업역량,지적 호기심을 바탕으로 사물과 현상에 대해 탐구하고 문제를 해결하는 능력,비판적  사고,,,,,,,,,,
55,,,창의적  사고,,,,,,,,,,
55,진로탐구역량,자신의  진로(계열)에  관한  자기주도적인  탐색  노력과  준비  정도,진로(계열)  관련  성취도,,,,,,,,,,
55,,,"진로(계열)  관련 
교과이수  및  탐색과정",,,,,,,,,,
55,공동체역량,구성원들과  유기적으로  협력하며  공동체의  발전에  기여하는  태도,소통과  협업,,,,,,,,,,
55,,,성장  잠재력,,,,,,,,,,
56,"평가절차
종합역량
평가","평가주체
전임","평가항목
기초학업역량","주요  평가  영역
창의적  체험활동","평가내용
학생부에  드러난  학업  관련  기록을  통하여 
종합적인  성취를  평가
• 학생부  교과  등급을  정량적으로  평가하는  것이 
아님
• 고교의  교육여건과  학생이  이수한  교육과정을 
고려하여  종합적인  성취  수준을  정성평가",,,,,,,,
56,,,,세부능력  및  특기사항,,,,,,,,,
56,,,,행동특성  및  종합의견,,,,,,,,,
56,"성취역량
평가","전임
· 
위촉/공공",심층학업역량,창의적  체험활동,"비판적‧창의적  사고를  바탕으로  한  심층적인  학업 
역량을  평가 
• 새로운 사물‧현상에 대한 탐구  경험과 성취 내용, 
창의적  문제해결역량을  평가",,,,,,,,
56,,,,세부능력  및  특기사항,,,,,,,,,
56,,,진로탐구역량,창의적  체험활동,"진로(계열)  관련  학업적  성취  수준과  진로  탐색 
과정을  평가
• 진로(계열)  관련  교육과정  이수  및  성취  내용, 
자기주도적인  진로(계열)  탐색  노력을  평가",,,,,,,,
56,,,,세부능력  및  특기사항,,,,,,,,,
56,,,공동체역량,행동특성  및  종합의견,"공동체의  발전을  도모하는  인성적  소양과 
성장잠재력을  평가
• 소통과  협업,  리더십  등  공동체의  발전에 
기여하는  태도를  평가",,,,,,,,
57,"평가  단계
종합역량
평가","단계별  평가  방법
학교생활기록부에  드러난  학업  관련  기록을  바탕으로  2인으로  구성된  평가자  그룹이  지원자의 
기초학업역량을  독립적으로  평가합니다.",,,,,,,,,,,
57,"성취역량
평가","2인의 전임사정관으로 구성된 평가자 그룹이 학생의 심층학업역량, 진로탐구역량, 공동체역량을 평가합니다. 
또한,  위촉/공공사정관은  해당  학생부에  나타난  학생의  역량을  종합적으로  검토하여  평가합니다.",,,,,,,,,,,
57,재심위원회,"평가  결과에 대한 편차 발생 시  전임사정관  5명으로  구성된 재심위원회를 개최하여 점수 차이에 대해 
논의하고  조율할  수  있습니다.",,,,,,,,,,,
57,고교실사,"마지막으로 학생의 역량과 학생부 기재내용에 관한 추가적인 확인이 필요할 경우, 실제로 해당 고등학교
에  방문하여  사실을  확인하고  있습니다.",,,,,,,,,,,
59,"호수
전형별 
총점(만점)기준","1호
-30점","2호
3호
-100점","4호
5호
-200점","6호
7호
-300점","8호
9호
부적격",,,,,,,
60,"재학생수
(명)","등록금수입
(천원)",장학금액(천원),장학금  수혜비율(%),,,,,,,,,
60,,,"교내  장학금
교외(국가+교외)  장학금",,,,,,,,,,
60,"15,829","133,333,417","24,585,047
34,252,364",44.1%,,,,,,,,,
60,,,"58,837,411",,,,,,,,,,
61,대상,"●  장학지원내역
◌  수혜기간(지원학기수)",기타  특전  및  유지조건,,,,,,,,,,
61,반도체공학과  입학자,"●  등록금  전액
◌  2년(최대  4학기)","• 재학중  학업장려금  추가  지급
• 3~4학년  ㈜SK하이닉스와  채용계약시  수업료  전액  지원
• 자세한  유지조건  및  특전은  학과로  문의",,,,,,,,,,
61,"■  대상  :  한양인터칼리지학부(자연,인문)  신입학자
●  장학내역  :  등록금  50%(2년,  최대  4학기)  /  학업보조비  200만원(학업보조비  학년별  수혜조건  충족자에  한함)
◎  수혜조건 
  ◾  등록금  지원  계속수혜조건(성적조건  +  교육과정  이수요건  충족  시  지급) 
        -  신입학  첫  학기는  수혜조건  적용하지  않음
학년
1-1학기
1-2학기
2-1학기
   
2-2학기
        *  최대  지원학기수  내에서  장학금  지급
        *  챌린지  장학금의  학기별  수혜조건은  교육과정  구체화  단계에서  일부  변경될  수  있음 
  ◾  학업보조비  학년별  수혜조건(성적조건  +  전공  프로젝트  요건  충족시  지급)
학년
2학년
3학년
   
4학년
  ※  전공  프로젝트  완료  요건  :  각  학년별  전공  프로젝트  진행  후  별도의  완료  심사평가  진행  예정
  ※  재수강,  유급  등으로  각  학년-학기를  재이수하는  경우  챌린지  장학금  수혜  대상에서  당연  제외
  ※  제적  시  장학금  대상  자격  영구  중지
  ※  기타  장학금  관련  문의  :  한양인터칼리지  행정팀(02-2220-1162)","성적조건
해당  없음
직전학기 
평점평균 
3.75이상","성적조건
직전학기 
평점평균 
2.0이상","장학내역
등록금  50%
(고지서  감면)","전공  프로젝트  요건
한양인터칼리지  전공선택  프로젝트  완료","비고
연속 2년(최대  4학기)지원이며, 성적조건 및 이수조건 미충족에  따른 탈락 
학기  수를  포함함","지급액
200만원","지급시기
2학년  중",,,,,
61,,,,,,,,,,,,,
61,,,,,,,,,,,,,
61,,,,,,,,,,,,,
61,,,,,,,,,,,,,
61,,,,,,,,,,,,,
61,,,,,,,,,,,,,
61,,,,,,,,,,,,,
61,,,,,,,,,,,,,
61,,,,,한양인터칼리지  전공심화  프로젝트  완료,,200만원,3학년  중,,,,,
61,,,,,한양인터칼리지  전공융합  프로젝트  완료,,200만원,4학년  중,,,,,
61,,,,,,,,,,,,,
62,대상  전형,"●  장학지원내역
◌  수혜기간(지원학기수)",선발기준,유지조건,,,,,,,,,
62,"학생부종합
(서류형)","●  등록금  전액
◌  4년(최대  8학기)","건설환경공학과  합격자
(석차  순  상위  3명)",직전학기  장학용  평균평점  3.5  이상,,,,,,,,,
62,음악특기자,"●  등록금  전액
◌  4년(최대  8학기)","한양음악콩쿠르  1등  입상자
※  최초합격자에  한함","직전학기  장학용  평균평점  2.5  이상,
  전공실기  A  이상",,,,,,,,,
62,,"●  등록금  50%
◌  4년(최대  8학기)","한양음악콩쿠르  2등  입상자
※  최초합격자에  한함","직전학기  장학용  평균평점  2.5  이상, 
전공실기  A  이상",,,,,,,,,
62,"장학
구분","장학명칭
(소득구간)","●  장학지원내역
◌  수혜  기간,  최소  조건",비  고,,,,,,,,,
62,"가계
곤란
장학","사랑의실천
장학금
(기초,차상위)","●  한국장학재단의  소득분위에 
따라 국가장학금 1유형, 2유형 
금액을 포함하여 등록금 범위내 
일부  지원
○  수업  연한내,  직전학기 
취득학점  10학점  이상, 
장학평점  2.0  이상 
(신(편)입생의 첫학기  성적조건 
적용하지  않음)","• 매  학기  교내장학(가계곤란)신청자  중  한국장학재단의  소득
구간을 활용하여 가계곤란  정도에  따라 차등 지원(한국장학재단
의  소득구간  활용)
• 신(편)입생의  첫 학기 교내장학신청 접수는  3월 학기 개시 이후 
진행.  다만,  신(편)입학  등록  전  학생  본인의  수급자증명  또는 
차상위계층  증명서  제출자에  한하여  사전감면  가능
  (신(편)입생의  경우  합격자등록  안내에  장학  사전감면을  위한 
서류제출  안내  참조  必)
• 재학생,  신(편)입생  및  복학생  구분  없이  매  학기  국가장학금 
신청  및 교내가계곤란장학  신청  필수(매  학기  관련 공지  참조)
• 매 학기 한국장학재단의  소득구간 확인을 위한  국가장학 신청과 
함께  교내  가계곤란장학  신청  필수
•  재학생  신청기간  :  1학기  –  12월  초  ~  2월  초
                                    2학기  –  6월  초  ~  8월  초",,,,,,,,,
62,,"실용인재
장학금
(소득구간 
1~9구간)",,,,,,,,,,,
63,장학  명칭,"●  장학금  /  ○  수혜기간,  유지조건",선발기준  및  신청방법,,,,,,,,,,
63,"국가장학1,2유형","●  가계소득별(소득구간)  장학금  지원
○  매  학기  신청
○  상세내용은  한국장학재단  홈페이지  참고
※  국가장학2유형의 경우  대학의 사업참여  여부에 
따라  지원되지  않을  수도  있음","• 소득 9분위 이하, 성적기준  및 지원조건은  한국
장학재단  공지  확인  必
• 한국장학재단  사이트에서  신청 
(http://www.kosaf.go.kr/)",,,,,,,,,,
63,"주거안정장학금
(한국장학재단)","●  소속대학을  기준으로  부모  모두의  주민등록상 
주소지가  원거리  지역에  해당하는  만  39세  이하 
미혼인  대학생
○  학자금  지원구간  기초  또는  차상위계층인  자","• 상세내용은  한국장학재단  홈페이지  참고
• 한국장학재단  사이트에서  신청 
(http://www.kosaf.go.kr/)",,,,,,,,,,
63,"국가
(푸른등대  기부장학금)",●  학기당  등록금  및  생활비  지급,"• 소외계층에  해당하는  본인  또는  자녀
(한국장학재단  선발기준  및  선발결과에  따름)
• 별도공지  후  선발",,,,,,,,,,
63,"국가우수  장학금
(이공계)","●  4년  등록금  전액
※  기초생활수급자 : 생활비(학기당 250만원)  지급
○  계속지원  기준은  한국장학재단  홈페이지 
참고(http://www.kosaf.go.kr/)","• 이공계열 학과(부)에 입학한 신입생 중  수능성적 
우수자와  수시  입학성적  우수자
(한국장학재단  선발기준  및  선발결과에  따름)
• 입학처  별도추천",,,,,,,,,,
63,"국가우수  장학금
(인문100년)","●  4년  등록금  전액(전공탐색  I  ·  II유형)
※  I유형:  등록금  +  생활비  지원,  II유형:  등록금 
지원
○  계속지원  기준은  한국장학재단  홈페이지 
참고(http://www.kosaf.go.kr/)","• 인문·사회계열 학과(부)에 재학 중인 1학년 신입
생(한국장학재단  선발기준  및  선발결과에  따름)
• 단과대학별  별도추천",,,,,,,,,,
63,"국가우수  장학금
(예술체육비전)","●  4년  등록금  전액(전공탐색  I  ·  II유형)
※  I유형:  등록금  +  생활비  지원,  II유형:  등록금 
지원
○  계속지원  기준은  한국장학재단  홈페이지 
참고(http://www.kosaf.go.kr/)","• 예술 및 체육계열 학과(부) 에 재학  중인 1학년 
신입생(한국장학재단  선발기준  및 선발결과에 따
름)
• 단과대학별  별도추천",,,,,,,,,,
63,국가근로,"●  실제  근무한  시간에  시급단가를  곱한  금액
    시급단가는  한국장학재단의  국가근로장학금
      지급기준에  따름","• 대한민국  국적의  학생  중 소득구간  9구간 이하
의 저소득계층 재학생 중 직전학기  성적 백분율
이  70점  이상인  자
(한국장학재단  선발기준  및  선발결과에  따름)
• 한국장학재단  사이트에서  신청 
(http://www.kosaf.go.kr/)",,,,,,,,,,
63,교외단체,(재)롯데장학재단  외  100여  개,단체별  선발기준에  따라  선발,,,,,,,,,,
64,장학금명,"■  지원대상
●  장학지원내역
◌  수혜  기간  및  조건",신청방법  등,,,,,,,,,,
64,"한양형제자매 
장학금","■  한양대학교(서울/ERICA)  학부에  형제,  자매가 
정규학기 재적(재학 또는 휴학) 중인 신입학  합격자 
  (동일학기  입학자  및  편입학자는  대상  아님)
●  1학년  1학기  수업료  50%  감면
○  입학  년도  첫학기(1회  한)","• 제출서류 :  장학신청서(본교양식), 합격통지서(또는 
재학증명서),  형제자매의  재학(또는  휴학)  증명서, 
(형제자매임을  확인할  수  있는)가족관계증명서  등
• 제출기한  :  신입학  등록전  또는  입학후  3월  말
• 제출처  :  신입학자  소속  캠퍼스  학생지원팀
  (상세일정은  합격자등록안내  또는  장학공지  참조)
※  기한내  미제출시  지원  불가  및  소급  신청  불가
※  교내  다른  학비감면  장학과  중복수혜  불가",,,,,,,,,,
64,"한양복지장학
(직계자녀장학)","■ 한양대학교, 재단 법인사무국, 한양대학교 부속병
원의  정규직원  재직자의  직계자녀  학부  신입생
●  수업료  전액
○  수업연한  내,  성적기준  2.0이상
    (성적으로  인한  탈락  수혜횟수에  포함)","• 제출서류 :  장학신청서(본교양식), 합격통지서(또는 
재학증명서),  (교)직원  재직증명서,  가족관계증명서
  (합격자  유의사항  장학서류제출  안내  확인  要)
• 제출처  :  입학생의  소속  캠퍼스  학생지원팀
• 최초  서류제출  이후  추가  신청  필요  없으며,  학적 
및  성적기준  충족시  수업연한  횟수  내  자동  지원",,,,,,,,,,
64,"보훈  장학금
(국가유공자)","■ ['국가유공자 등 예우 및 지원에  관한 법률]이  규정
하는 요건을 충족하는  국가유공자 본인 또는 (손)자
녀로  관련  서류를  학생지원팀에  제출한  자
  (다만,  손자·손녀는  독립유공자만  해당)
●  등록금  전액  감면(국고+교비)
○ 수업  연한 내  학기 수(타 대학에서 지원  받은 횟수 
합산),  보훈청  교육지원대상  성적기준  충족자
  (성적으로  인한  탈락  지원횟수에  포함됨)","• 제출서류 :  장학신청서(본교양식), 합격통지서(또는 
재학증명서),  대학수업료면제대상자증명서(본인이 
국가유공자인  경우  “교육지원대상자  증명서”)
• 제출처  :  입학생의  소속  캠퍼스  학생지원팀
• 제출기한  :  신입학  등록전  또는  학기  개시  전
  (합격자  유의사항  장학서류제출  안내  확인  要)
• 최초  서류제출 이후  추가 신청 필요 없으며, 교육지
원대상  조건  충족시  자동  지원",,,,,,,,,,
64,"보훈  장학금
(새터민)","■  [북한이탈주민의 보호 및 정착지원에 관한 법률]
이  규정하는  요건을  충족하고,  통일부(북한이탈주
민)의  ‘교육지원대상자 증명서’를 학생지원팀에  제
출한  자
●  등록금  전액  감면(국고+교비)
○ 수업 연한 내  학기(타 대학교에서  지원 받은 횟수 
포함),  통일부의  교육지원대상  조건  충족자
  (성적으로  인한  탈락  지원횟수에  포함)","• 새터민전형  합격자는  입학팀  경유하여  학생지원팀
에서 관련서류를 학생지원팀에서 요청 함(별도 추가
확인이  필요한  경우  개별연락)
• 최초  서류제출 이후  추가 신청 필요 없으며, 통일부
의 교육지원대상 조건(교육이수, 성적,  지원가능  횟
수  유무,  지원가능  기한  등)  충족시  자동  지원",,,,,,,,,,
65,"장학명
(월  지급액)",성적조건,"한국장학재단 
소득구간",비고,,,,,,,,,
65,"라이언  장학금
(월20만원)","◉  직전학기  장학용  평균평점  이상자
      -  기초생활수급자  :  2.0이상
      -  차상위계층  :  3.0이상","기초생활수급자
차상위계층","• 신입학  최초  등록학기의  경우 
성적기준을  적용하지  않으며, 
  라이언  장학금(월20만원)으로  일괄 
지원
• 라이언장학금(생활장학금)  그룹  및 
본교  기부금으로  지원하는 
라이언프라이드  장학금  내에서 
중복수혜  불가",,,,,,,,,
65,"라이언플러스  장학금
(월50만원)","◉  직전학기  장학용  평균평점  3.5이상  or
      재학중  성적비교를  통한  조건  충족자",기초생활수급자,,,,,,,,,,
65,"라이언에이드  장학금
(월40만원)","◉  직전학기  장학용  평균평점  3.5이상  or
      재학중  성적비교를  통한  조건  충족자",차상위계층,,,,,,,,,,
65,장학명,대상,비고,,,,,,,,,,
65,고시반  생활장학,"관련  고시반(행정고시반,  국립외교원반, 
기술고시반,  변리사반,  공인회계사반)에 
입반하여 각 고시반 지도교수 추천을 받은 자",매  학기  고시반  생활비장학  지급내규에  따름,,,,,,,,,,
65,교내  근로장학,"교내  행정부서의  근로장학생으로  선발되어 
근로를  제공하는  정규학기  학부  재학생","실제  근무한  시간에  시급단가를  곱한  금액
(시급단가는 해당연도 노동부의  최저시급을 기준함)",,,,,,,,,,
65,리더십장학,"총학생회 의결기구에서 인가된 학생 자치 기구 
소속  중에서  학생지원팀  추천을  받은  자",매  학기  관련지침에  근거하여  선발된  자에게  지급,,,,,,,,,,
65,미디어장학,"학내신문사, 한대방송국, 한양저널, 한양교지 
편입위원회에  소속되어  활동을  수행한  대상 
중  학생지원팀  추천을  받은  자",매  학기  관련지침에  근거하여  선발된  자에게  지급,,,,,,,,,,
65,학부리더십장학,"단과대학  학생대표,  학생부대표  등","각 단괴대학의 관련 예산범위 내에서 내규에 근거하
여  지급",,,,,,,,,,
65,해외파견지원장학,"-  국제처  또는  현장학습지원센터  선발
- 해외 장기파견, 단기파견, 글로벌현장학습 
인턴십프로그램  장학등",주관  부서  별도  지정,,,,,,,,,,
66,구  분,대출  가능  금액,비고,,,,,,,,,,
66,"농촌출신대학생
학자금대출",등록금  내에서  대출  가능,"• 농어촌출신  학부생에게  등록금  전액을  무이자로  대출해주고 
거치기간과 상환기간을 선택하여 상환이 가능하도록  함으로써 
농어업인  자녀들의  고등교육기회를  보장하는  대출제도
• 신청대상(지원자격)  한국장학재단  학자금대출  참고
    (http://www.kosaf.go.kr/)",,,,,,,,,,
66,"취업  후  상환
학자금대출","등록금  내에서  대출  가능
생활비  학기당  200만원  대출가능","• 한국장학재단의  학자금지원구간에  따라  대학생에게 
학자금(등록금,  생활비)을 대출해주고  취업  등 소득이  발생한 
시점부터  소득수준에  따라  원리금을  상환하는  대출  제도
• 신청대상(지원자격)  한국장학재단  학자금대출  참고
    (http://www.kosaf.go.kr/)",,,,,,,,,,
66,"일반  상환 
학자금대출","등록금  내에서  대출  가능
생활비  학기당  200만원  대출가능","• 학부생에게  학자금대출(등록금  및  생활비)을  지원하고, 
대출기간  동안(거치기간  및  상환기간)  원리금을  분할하여 
상환하는  대출제도
• 대출금리  :  연1.7%(고정금리)
• 신청대상(지원자격)  한국장학재단  학자금대출  참고
    (http://www.kosaf.go.kr/)",,,,,,,,,,
67,"기숙사
유형
대학직영
기숙사","생활관명
제2학생
생활관","성별
남","호실
타입
2인실","거주보장
기간
1개 학기",모집인원 (전체),,,"단과대학별 
모집인원
「학생생활관 
2026학년도 
학부  신입생용 
모집요강」  참조",,,,
67,,,,,,"남학생
200","여학생
-","계
200",,,,,
67,,개나리관,여,2인실,1개 학기,-,70,70,,,,,
67,,"제7학생
생활관",남,"1인실
·
2인실",1년,434,,434,,,,,
67,"행복
기숙사","제5학생
생활관",여,"2인실
·
3인실",1년,-,387,387,,,,,
67,합계,,,,,634,457,"1,091",,,,,
67,"성별
남학생","생활관명
제2학생생활관","모집인원
200",모집단위별  모집인원  (2025학년도  기준  예시),,,,,,,,,
67,,,,"재외국민+수시모집
합격자
126","정시모집  합격자
74","합계   
200",,,,,,,
67,,제7학생생활관,434,274,160,434,,,,,,,
67,,계,634,400,234,634,,,,,,,
67,여학생,개나리관,70,44,26,70,,,,,,,
67,,제5학생생활관,387,244,143,387,,,,,,,
67,,계,457,288,169,457,,,,,,,
68,"기숙사유형
대학직영
기숙사","생활관명
제2학생생활관","성별
남","호실
타입
2인실","호실
면적
4~5평","호실  개인 비품 및 시설
싱글침대,  옷장,  책상,  책꽂이, 
의자, 에어컨,  난방기,  빨래건조대","비고
층별  공용화장실  및 
샤워실  사용
(호실  내  화장실  및 
샤워실  없음)",,,,,,
68,,개나리관,여,2인실,6평,"싱글침대,  옷장,  책상,  책꽂이, 
의자,  수납장,  신발장,  에어컨, 
난방기,  빨래건조대,  화장실  및 
샤워실",,,,,,,
68,,제7학생생활관,남,1인실,7평,"싱글침대,  옷장,  책상,  책꽂이, 
의자,  수납장,  신발장,  에어컨, 
난방기,  빨래건조대,  화장실  및 
샤워실",,,,,,,
68,,,,2인실,,,,,,,,,
68,"행복
기숙사",제5학생생활관,여,1인실,7평,"싱글침대,  옷장,  책상,  책꽂이, 
의자,  신발장,  에어컨,  난방기, 
빨래건조대,  화장실  및  샤워실",,,,,,,
68,,,,2인실,,,,,,,,,
68,,,,3인실,10평,,,,,,,,
68,"기숙사유형
대학직영
기숙사","생활관명
제2학생생활관","성별
남","거주보장
기간
1개 학기","호실
타입
2인실",1개 학기  생활관비,,"비고
층별  공용화장실  및 
샤워실  사용
(호실  내  화장실  및 
샤워실  없음)",,,,,
68,,,,,,"학기
(116일)
1,036,000","학기+방학
(174일)
1,554,000",,,,,,
68,,개나리관,여,1개 학기,2인실,"1,450,000","2,175,000",,,,,,
68,,제7학생생활관,남,1년,1인실,×,"3,548,000","2025-1학기분에 
해당  (181일)
2025-2학기분
생활관비  별도  납부 
(6월  초)",,,,,
68,,,,,2인실,×,"2,534,000",,,,,,
68,행복기숙사,제5학생생활관,여,1년,1인실,×,"1,908,000",,,,,,
68,,,,,2인실,×,"1,908,000",,,,,,
68,,,,,3인실,×,"1,828,000",,,,,,
69,"구분
학적","입사신청  자격                  *  아래의  항목을  모두  충족하여야  함
§ 서울캠퍼스  2026학년도  신입학  예정자 
(재외국민과  외국인  특별전형ㆍ수시모집ㆍ정시모집  합격자)
※ 단, 생활관 모집일정 상「생활관 입사신청」시작일 이전에  합격한 자에 한하여  입사신청  자격이 부여되며, 「생활관 
입사신청」시작일  이후에  합격한  경우  입사신청이  불가함",,,,,,,,,,,
69,거주지,"§ 부모(양친)  모두  『서울 지역  외』  거주자 
  -  부모(양친)  모두의  주민등록표등본상  주소지를  기준으로  판단함 
          ex)  등본상  주소가  부친: 1순위  지역  /  모친: 2순위  지역일  경우,  학생의  거주지  순위는  2순위
          ex)  부친,  모친  모두  1순위  지역일  경우,  학생의  거주지  순위는  1순위 
  -  학생의  주민등록표등본상  주소지는  상관없음
거주지순위
1순위  지역
2순위  지역
<예외>  신체장애학생 (중증 이상)은  서울 지역  거주자도  허용","보호자  거주  지역
§ 해외(재외국민)
§ 강원도,  충청도  이하  지역 (충청도,  전라도,  경상도,  제주도  등)
§ 경기도
가평군,  안성시, 여주시,  연천군,  오산시,  이천시,  파주시,  평택시,  포천시,  화성시,  김포시
(월곶면,  하성면,  통진읍,  대곶면),  용인시 (처인구),  인천광역시 (강화군,  옹진군,  중구)
§ 경기도
고양시,  과천시,  광명시,  광주시,  구리시,  남양주시,  동두천시,  부천시,  성남시,  수원시, 
시흥시,  안산시,  안양시,  양주시,  양평군,  의왕시,  의정부시,  하남시,
*  김포시/용인시/인천광역시 (1순위  지역이  아닌  행정구역)",,,,,,,,,,
69,,,,,,,,,,,,,
69,,,,,,,,,,,,,
69,,,,,,,,,,,,,
69,,,,,,,,,,,,,
69,"입사
제한
대상자","￭  서울캠퍼스  학생생활관  규정  제14조
- 법정  전염병  환자,  보균자  또는  정신질환자,  기타  관장이  부적당하다고  인정하는  자",,,,,,,,,,,
70,대상자,거주지  순위,비고,,,,,,,,,,
70,신체장애학생,"거주지  제한  없음
(서울지역도  허용)",장애  중증  이상,,,,,,,,,,
70,국민기초생활보장수급학생,1순위  지역  거주자,부모  또는  본인이  해당,,,,,,,,,,
70,차상위계층학생,1순위  지역  거주자,부모  또는  본인이  해당,,,,,,,,,,
70,아동복지시설퇴소학생,1순위  지역  거주자,,,,,,,,,,,
70,대상자,거주지  순위,비고,,,,,,,,,,
70,국민기초생활보장수급학생,2순위  지역  거주자,부모  또는  본인이  해당,,,,,,,,,,
70,차상위계층학생,2순위  지역  거주자,부모  또는  본인이  해당,,,,,,,,,,
70,아동복지시설퇴소학생,2순위  지역  거주자,,,,,,,,,,,
70,"우선
순위
1순위","거주지
순위
1순위 지역","선발기준
§ 우선선발  대상자 
대상자
신체장애학생 
국민기초생활보장수급학생
차상위계층학생
아동복지시설퇴소학생","거주지  순위
거주지  제한  없음
(서울지역도  허용)
1순위  지역  거주자
1순위  지역  거주자
1순위  지역  거주자","비고
장애  중증  이상
부모  또는  본인이  해당
부모  또는  본인이  해당",,,,,,,,
70,,,,,,,,,,,,,
70,,,,,,,,,,,,,
70,,,,,,,,,,,,,
70,,,,,,,,,,,,,
70,,,,,,,,,,,,,
70,,,,,,,,,,,,,
70,2순위,1순위 지역,§ 1순위 지역  거주자  중  성적  우위자,,,,,,,,,,
70,3순위,2순위 지역,"§ 2순위 지역  거주자  중  우선선발  대상자
대상자
국민기초생활보장수급학생 
차상위계층학생
아동복지시설퇴소학생","거주지  순위
2순위  지역  거주자
2순위  지역  거주자
2순위  지역  거주자","비고
부모  또는  본인이  해당
부모  또는  본인이  해당",,,,,,,,
70,,,,,,,,,,,,,
70,,,,,,,,,,,,,
70,,,,,,,,,,,,,
70,,,,,,,,,,,,,
70,,,,,,,,,,,,,
70,4순위,2순위 지역,§ 2순위 지역  거주자  중  성적  우위자,,,,,,,,,,
71,"모집단위
학부신입생
(재외국민
ㆍ
수시모집
합격자용)","구분
모집요강  공지","일정 (예정)
2025년  12월  08일(월)  16:00","모집요강  공지
①  한양대학교  홈페이지
②  일정은  조정될  수  있으니
      [한양대학교  학생생활관]
      홈페이지참조",,,,,,,,,
71,,인터넷  입사신청,2026년  1월  초,,,,,,,,,,
71,,합격자  발표,2026년  1월  중순,,,,,,,,,,
71,,생활관비  납부,2026년  1월  중순,,,,,,,,,,
71,,합격자  증빙서류  제출,2026년  1월  말,,,,,,,,,,
71,,호실배정  신청,2026년  2월  초,,,,,,,,,,
71,"학부신입생
(정시모집
합격자용)",모집요강  공지,2025년  12월  19일(금)  16:00,,,,,,,,,,
71,,인터넷  입사신청,2026년  2월  초,,,,,,,,,,
71,,합격자  발표,2026년  2월  중순,,,,,,,,,,
71,,생활관비  납부,2026년  2월  중순,,,,,,,,,,
71,,합격자  증빙서류  제출,2026년  2월  말,,,,,,,,,,
71,,배정호실  확인,2026년  2월  말,,,,,,,,,,
71,"학부신입생
(전체)",개관일(입사개시일),2026년  2월  말,,,,,,,,,,
71,,입사등록(입사),2026년  2월  말,,,,,,,,,,
71,"선발  담당부서
학생생활관  행정팀","근무시간 
학기  중
평일  08:30  ~ 17:30","전화번호
직영(2생활관  권역)  :  ☎  02)2220-1471
직영(7생활관  권역)  :  ☎  02)6219-2203
행복(5생활관)  :  ☎  02)6216-1991",,,,,,,,,,
71,,"방학기간
평일  10:00  ~ 17:00",,,,,,,,,,,
78,구분,"영어권 
유럽/남미/아시아
ISEP/GE3
중국어권,  일본
(미국/영국/호주  등)
(중국,  일본  제외)",,,,,,,,,,,
78,TOEFL  IBT,75  이상,,,,,,,,,,,
78,"IELTS
(Academic)",6.0  이상,,,,,,,,,,,
78,TOEFL  ITP,"X
550  이상",,,,,,,,,,,
78,TOEIC,"X
700  이상",,,,,,,,,,,
78,유의사항,"-  위  기준은  본교  지원기준으로  파견교에서  정하는  어학기준  또한  충족해야  함
※  파견교에서  인정하는  다른  어학점수가  있어도  위에  제시된  어학성적으로만  지원  가능
-  TOEFL  ITP를  인정하지  않는  대학이  있으므로  지원  가능여부  반드시  확인
-  영국  1년  파견  희망자는  IELTS(Academic)  성적으로만  지원  가능",,,,,,,,,,,
80,"지원자
정보","전
형
명",,,,,,,,,,,
80,,모 집 단 위,수 험 번 호,,,,,,,,,,
80,,"성
명",생   년   월   일,,,,,,,,,,
80,학력정보,☐ 검정고시 출신자(필수),"합격지역
합격일
    년          월          일",,,,,,,,,,
80,,"☐  외국소재  고등학교 
출신자(필수)
☐  국내  학력인정 
외국교육기관 
출신자(선택)","소 재 국 가
1.
입 학 일         년          월          일
졸업(예정)일 
    년          월          일
학 교 명",,,,,,,,,,
80,,,"소 재 국 가
2. 
입 학 일         년          월          일
전
출
일 
    년          월          일
학 교 명",,,,,,,,,,
80,,,"소 재 국 가
입 학 일         년          월          일
전
출
일 
    년          월          일
3.
학 교 명",,,,,,,,,,
80,연번,활동명,"활동기간
(    년.  월.  일.  ~    년.  월.  일.)",활동내용,활동(발행)기관,,,,,,,,
80,1,,,,,,,,,,,,
80,2,,,,,,,,,,,,
80,3,,,,,,,,,,,,
80,4,,,,,,,,,,,,
80,5,,,,,,,,,,,,
81,"<학교생활기록부  대체  서식  작성방법  및  유의사항>
1.  활동기간 
  -  검정고시  출신자:  고등학교  재학  기간에  준하는  기간  중  활동에  참여한  시기
  -  외국소재  고등학교  출신자  및  국내  학력인정  외국교육기관  출신자:  고등학교  재학  기간  중  활동에  참여한  시기
2.  활동내용:  고등학교  학교생활기록부  내용에  준하는  활동  (※  반드시  작성  유의사항의  제한  내용  확인)
  -  활동내용  칸  작성  시  활동(발행)기관명  기재  금지 
3.  작성분량:  1개  활동  당  50자  이내  (각  연번에  1개  활동,  최대  10개  활동  작성  가능)
4.  증빙자료:  A4용지  단면  기준  10페이지  이내  제출  가능  (축소/양면  복사  금지)
<작성  유의사항>
  1.  본  서식은  반드시  사실에  기초하여  본인이  작성합니다.
  2.  기술된  사항에  대한  사실  확인을  요청할  경우  지원자는  적극  협조하여야  합니다. 
  3.  활동에  대한  증빙서류를  제출하는  경우,  원본  제출이  원칙이며  사본  제출  시  원본대조필하여야  합니다. 
  4. 허위사실 기재, 기타  부정한 사실 등이  발견될 경우,  불합격 처리되며 합격 이후라도 입학이 취소될  수 있습니다.
  5. 공인어학성적 및 수학・과학・외국어 교과에 대한 교외 수상실적을 기재할 경우 서류 평가에서 “불이익을 받을 수 있으니, 
작성을  금지합니다.
      가.  공인어학성적
      나.  수학・과학・외국어  교과에  대한  교외  수상실적
한국수학올림피아드(KMO),  한국수학인증시험(KMC),  온라인  창의수학  경시대회,  도시대항  국제  수학토너먼트, 
수학
국제수학올림피아드(IMO)
한국물리올림피아드(KPHO),  한국화학올림피아드(KCHO),  한국생물올림피아드(KBO),  한국천문올림피아드(KAO), 
과학
한국지구과학올림피아드(KESO),  한국뇌과학올림피아드,  전국정보과학올림피아드,  국제물리올림피아드, 
국제지구과학올림피아드,  국제생물올림피아드,  국제천문올림피아드,  한국중등과학올림피아드
전국  초중고  외국어(영어,  중국어,  일본어,  프랑스어,  독일어,  러시아어,  스페인어)  경시대회, 
외국어
IET  국제영어대회,  IEWC  국제영어글쓰기대회,  글로벌  리더십  영어  경연대회,  SIFEC  전국영어말하기대회, 
국제영어논술대회
        *  위에서  열거된  항목  외에도, 
            대회  명칭에 수학·과학(물리, 화학, 생물,  지구과학, 천문)·외국어(영어 등) 교과명이  명시된 학교 외  각종 대회
(경시대회,  올림피아드  등)  수상실적을  작성했을  경우  “0점”(불합격)  처리
        **  ‘교외  수상실적’이란  학교  외  기관이  개최한  대회  수상실적을  의미하며,  학교장의  참가  허락을  받은  교외 
수상실적이라도  작성  시  “0점”(불합격)  처리",,,,,,,,,,,,
81,,"영어(TOEIC,  TOEFL,  TEPS),  중국어(HSK),  일본어(JPT,  JLPT),  프랑스어(DELF,  DALF),  독일어(ZD,  TESTDAF,  DSH,  DSD), 
러시아어(TORFL),  스페인어(DELE), 상공회의소한자시험, 한자능력검정, 실용한자, 한자급수자격검정, YBM 상무한검, 한자
급수인증시험,  한자자격검정",,,,,,,,,,,
81,,,,,,,,,,,,,
82,"6.  학교생활기록부  대체서식에는  고등학교  학교생활기록부에  기재할  수  없는  항목※과  「대입제도  공정성  강화방안」
(2019.11.28.)에  따른  학생부  주요항목  내  변경  사항※은  작성할  수  없고,  어학연수  등  사교육  유발요인이  큰 
교외  활동의  경우에도 작성이 제한됩니다. 이를  준수하지 않았을  경우 평가에서  불이익을 받을 수  있으니, 작성을 
금지합니다.
7.  지원자  성명,  출신고교,  부모(친인척  포함)의  실명을  포함한  사회적‧경제적  지위(직종명,  직업명,  직장명,  직위명 
등)을  암시하는  내용을  기재할  경우,  평가에  불이익을  받을  수  있으니,  작성을  금지합니다.",,,,,,,,,,,,
82,,"[※  학교생활기록부  기재금지  항목]
  가.  각종  공인어학시험  참여사실과  그  성적  및  수상실적
  나.  교과ㆍ비교과  관련  교외대회  참여사실과  그  성적  및  수상실적
        (학교장의  참가  허락을  받아  참여한  각종  교외대회에서의  수상실적도  기재  불가)
  다.  교외  기관ㆍ단체(장)등에게  수상한  교외상(표창장,  감사장,  공로상  등도  기재  불가)
  라.  교내ㆍ외  인증시험  참여  사실이나  그  성적
  마.  모의고사ㆍ전국연합학력평가  성적(원점수,  석차,  석차등급,  백분위  등  성적관련  내용  일체)  및  관련  교내  수상실적
  바.  논문을  학회지  등에  투고  또는  등재하거나  학회  등에서  발표한  사실
  사.  도서출간  사실
  아.  지식재산권(특허,  실용신안,  상표  디자인)  출원  또는  등록사실
  자.  어학연수,  봉사활동  등  해외  활동실적  및  관련  내용
  차.  부모(친인척  포함)의  사회ㆍ경제적  지위(직종명,  직업명,  직장명,  직위명  등)  암시  내용
  카.  장학생ㆍ장학금  관련  내용
  타.  구체적인  특정  대학명,  기관명(기구,  단체,  조직  등  포함),  상호명,  강사명  등
  파.  교내대회  참여사실과  그  성적  및  수상실적
  하.  자격증  명칭  및  취득사실
    * 위 내용은 「2025학년도 학교생활기록부 기재요령」을  발췌한  내용으로  이하 자세한 사항은 교육부  「2025학년도 학교생활기록부 
기재요령」  중  학교생활기록부  작성  시  유의사항  참조",,,,,,,,,,,
82,,,,,,,,,,,,,
82,,"[※  「대입제도  공정성  강화방안」에  따른  학생부  주요항목  내  변경  사항]
  가.  영재·발명교육  실적  대입  미반영
  나.  자율동아리  대입  미반영
  다.  청소년단체활동  미기재
  라.  개인봉사활동  실적  대입  미반영
  마.  독서활동  대입  미반영",,,,,,,,,,,
82,,,,,,,,,,,,,
82,"본인은  학교생활기록부  대체  서식  작성에  관한  유의사항을  숙지했으며,  유의사항  위반에  따른  조치에  대해서는 
이의를  제기하지  않겠습니다.  (동의  □)
20      년      월      일
      지원자:                                            (인)
한양대학교  총장  귀하",,,,,,,,,,,,
83,수험생,수  험  번  호,,성            명,,,,,,,,,
83,,e - m a i l,,휴 대 전 화,,,,,,,,,
83,보호자,성            명,,휴 대 전 화,,,,,,,,,
83,장애  정보,,"※ 본인의 (영구적 혹은 일시적) 장애 상태에 대한 기술
 ※ 관련 증빙자료(장애인 증명서, 복지카드, 의사진단서 등) 제출 필수",,,,,,,,,,
83,"편의  제공
요청  사항",,※ 편의 제공 요청 사항을 상세히 기술,,,,,,,,,,
83,"※  첨부서류(증빙자료)와  본  신청서는  이메일로만  접수  받습니다(apply@hanyang.ac.kr)
    ※  신청  기한  :  2025.  9.  19.(금)까지
20    년                  월                일
                          신  청  자  :                                    (인)",,,,,,,,,,,,
83,"한  양  대  학  교
입    학    처
  귀  하",,,,,,,,,,,,
84,"개인정보  수집  및  활용에  대한  동의
    한양대학교  서울캠퍼스  입학처는  대학별고사  응시생  편의제공  요청에  따라  지원자  본인의  개인정보를 
수집  및  활용하고자  하는  바,  「개인정보보호법」  및  기타  관련  법령과  본교  학칙에  따라  동의를  얻고자 
합니다.  이에 아래와 같이 본인의 개인정보를  수집 및 활용하는 것에 대하여 동의여부를 기재하여  주시기 
바랍니다. 
    <개인정보  수집·활용  항목>
    수집한  개인정보를  다음의  목적으로  활용합니다.
    <개인정보  수집·활용에  따른  제공  동의>
    1. 본인은 대학별고사 응시생 편의제공에 필요한 개인정보(일반, 가족, 민감정보)를 한양대학교 입학처에서 
수집·활용하는  것에  동의합니다.   
동의합니다
동의하지  않습니다
□
□
    ※  개인정보  제공  동의  여부는  선택사항이나,  동의하지  않을  시  대학별고사  응시  시  편의제공이  제한될  수 
있습니다. 
    2.  본인은 대학별고사 응시생  편의제공에  필요한 민감정보(장애유형, 장애정도)를 한양대학교 입학처에서 
수집·활용하는  것에  동의합니다.     
동의합니다
동의하지  않습니다
□
□
    ※  민감정보  제공  동의  여부는  선택사항이나,  동의하지  않을  시  대학별고사  응시  시  편의제공이  제한될  수 
있습니다. 
20    년      월        일
신청자  :                              (서      명)",,,,,,,,,,,,
84,,수집하는  개인정보의  항목,,개인정보의  수집ㆍ활용목적,개인정보의  보유  및  활용기간,,,,,,,,
84,,일반정보,"수험생  성명,  수험번호
  휴대전화,  E-mail","장애에  따른  대학별고사 
편의제공  관련  등","입시  관련  서류 
의무  보관  기간  종료시점까지",,,,,,,,
84,,가족정보,"보호자  성명,
보호자  연락처(휴대전화)",,,,,,,,,,
84,,민감정보,"장애유형,  장애정도",,,,,,,,,,
84,,,,,,,,,,,,,
85,목적,항목,보유기간,,,,,,,,,,
85,"대입  원서  접수
및
대입  전형","이름, 국적, 공통원서비밀번호, 주소, 전화번호, 휴대전화번호, 추가전화번호(1개), 
이메일, 학교정보(최종학력구분, 재학/출신 고교명, 졸업(예정)연도, 고교전화번호), 
전형구분,  모집단위(지망학과)","대입 원서 접수 
후  1년",,,,,,,,,,
85,목적,항목,보유기간,,,,,,,,,,
85,"대입  원서  접수  및
대입  전형","추가전화번호(1~4개),  환불계좌정보(은행명,  계좌번호,  예금주  이름)","대입 원서 접수 후 
1년",,,,,,,,,,
85,개인정보  처리사유,개인정보  항목,보유기간,,,,,,,,,,
85,"대입  원서  접수  및
대입  전형","주민등록번호 (재외국민과 외국인 전형 등의 경우 :  외국인 등록번호 
또는  여권번호)",대입  원서  접수  후  1년,,,,,,,,,,
86,수탁업체,위탁업무  내용,"위탁업무처리
개인정보항목","개인정보의 
보유․이용기간",기타,,,,,,,,
86,한국교육학술정보원,"학교생활기록부
온라인  추출","이름,  주민등록번호","대입 원서 접수 후 1년 또는 
위탁계약  종료  시  까지",,,,,,,,,
86,한국교육학술정보원,"검정고시
대입전형자료
온라인  추출","이름,  주민등록번호,  합격정보,  과목성
적정보","대입 원서 접수 후 1년 또는 
위탁계약  종료  시  까지",,,,,,,,,
86,한국교육과정평가원,"수능성적
온라인  추출","이름,  주민등록번호","대입 원서 접수 후 1년 또는 
위탁계약  종료  시  까지",,,,,,,,,
86,"한국대학교육협의회/
한국전문대학교육
협의회","지원방법위반  및
이중등록  조항
위반자  사전  예방","모집시기,  이름,  주민등록번호(재외국
민과 외국인 전형 등의 경우 : 외국인등
록번호 또는 여권번호), 수험번호, 대학
코드, 합격/예치금구분,  접수장소, 접수
일자, 지원결과, 전형유형, 모집단위명, 
계열코드, 출신고교코드, 출신고교유형
코드,  졸업연도,  등록일자구분","대입 원서 접수 후 1년 또는 
위탁계약  종료  시  까지","고등교육법 
시행령
제42조,
제42조의2",,,,,,,,
86,한국대학교육협의회,"수시  모집
지원  횟수
검색  및  통보","대학코드,  모집시기,  수험번호,  이름, 
주민등록번호(재외국민과  외국인  전형 
등의  경우 :  외국인등록번호 또는  여권
번호),  모집단위명,  접수시간,  접수장
소,  합격여부,  예치금납부여부","대입 원서 접수 후 1년 또는 
위탁계약  종료  시  까지",,,,,,,,,
86,한국대학교육협의회,"표준  공통원서접수
서비스  관련  대입
원서접수정보 연계","이름, 주민등록번호(재외국민과 외국인 
전형  등의 경우 : 외국인등록번호  또는 
여권번호), 국적, 공통원서비밀번호, 주
소,  전화번호,  휴대전화번호,  추가전화
번호,  이메일,  학교정보{최종학력구분, 
재학/출신  고교명,  졸업(예정)연도,  고
교 전화번호}, 은행명,  예금주 이름, 계
좌번호,  전형구분,  모집단위(지망학과)",,"즉시  연계
수행함으로
개인정보
보유하지  않음",,,,,,,,
87,한국대학교육협의회,"대학원서  일치성 
검사","대학명,  수험번호,  이름,  모집단위,  전
형유형,  접수기간","대입 원서 접수 후 1년 또는 
위탁계약  종료  시  까지",,,,,,,,,
87,한국대학교육협의회,"고등학교 졸업예정
자 중 졸업자격 미
취득자의  대학  진
학 현황  검색 및 후
속조치",고교  졸업여부,"고등교육법
제33조  근거  수집  및 
활용종료  시  까지",,,,,,,,,
87,한국대학교육협의회,"수능시험 대리응시
자 확인을 위한 수
능응시원서  요청 
명단  수합","학력정보(출신고교,  검정고시,  기타수
능응시자격정보),  수능수험번호,  이름","고등교육법  제34조 
근거 수집 및 활용종료 
시  까지",,,,,,,,,
87,한국대학교육협의회,"개인정보보호 모니
터링","ID, 접속정보,  개인민감정보 복호화 내
역,  접속IP주소","대입 원서 접수 후 1년 또는 
위탁계약  종료  시  까지","개인정보보호를 
위한  필수사항",,,,,,,,
87,㈜진학어플라이,대입원서 접수대행,,"대입 원서 접수 후 1년 또는 
위탁계약  종료  시  까지",,,,,,,,,
87,"개인정보를
제공받는  자","제공받는  자의
개인정보  이용목적","제공하는
개인정보  항목","제공받는  자의 
보유․이용기간",,,,,,,,,
87,지원자  출신  고등학교,"학교알리미  진학  통계  작성을 
위한  자료  열람","이름,  성별,  대학구분, 
등록대학,  모집단위명",처리목적  달성  시까지,,,,,,,,,
