10,원서접수,,"2024. 12. 31.(화) 10:00 ~ 
2025. 1. 3.(금) 18:00",,"•  성균관대학교 입학처 홈페이지
(https://admission.skku.edu)
  ※   인터넷 원서접수 업체를 통하여  
접수하며, 별도 창구접수는 하지 않음",,,,,,,,
10,서류제출,,"2024. 12. 31.(화) 10:00 ~ 
2025. 1. 6.(월) 18:00",,"•  전형별 제출대상자 및 제출서류： 
본문 참조
  ※   온라인 업로드(우편 및 방문제출 불가)",,,,,,,,
10,"/ 실
면접
기","시험장
발표",2025. 1. 7. (화),,"•  성균관대학교 입학처 홈페이지
(https://admission.skku.edu)",,,,,,,,
10,,면접,의예과,2025. 1. 11. (토),"•  성균관대학교 입학처 홈페이지
(https://admission.skku.edu)",,,,,,,,
10,,실기,미술학과,2025. 1. 13. (월),•  인문사회과학캠퍼스(서울),,,,,,,,
10,,,디자인학과,2025. 1. 14. (화),,,,,,,,,
10,,,스포츠과학과,2025. 1. 10. (금),•  자연과학캠퍼스(수원),,,,,,,,
10,합격자 발표,,2025. 2. 7. (금) 이전,,"•  성균관대학교 입학처 홈페이지
(https://admission.skku.edu)",,,,,,,,
10,"합격자 등록
(최초)",,2025. 2. 10. (월) ~ 2. 12. (수),,•  등록방법은 합격자 발표 시 공고,,,,,,,,
10,"추가합격자  
발표",,"2025. 2. 13. (목) ~ 
2. 19. (수) 18:00",,"•  추가합격자 등록 마감일： 
2025. 2. 20. (목)",,,,,,,,
11,자유전공계열★,,112,,,,,,,,,,
11,인문과학계열★,,,198,,,,,,,,,
11,사회과학계열★,,217,,,,,,,,,,
11,경영학과,,,91,,,,,,,,,
11,글로벌리더학부,,,24,,,,,,,,,
11,글로벌경제학과,,30,,,,,,,,,,
11,글로벌경영학과,,,,44,,,,,,,,
11,"교육학과
사범대학
한문교육과",,15,,,,,,,,,,
11,,,,16,,,,,,,,,
11,영상학과,,,15,,,,,,,,,
11,의상학과,,15,,,,,,,,,,
11,자연과학계열★,,162,,,,,,,,,,
11,전자전기공학부,,,83,,,,,,,,,
11,공학계열★,,,300,,,,,,,,,
11,소프트웨어학과,,,28,,,,,,,,,
11,반도체시스템공학과,,25,,,,,,,,,,
11,지능형소프트웨어학과,,21,,,,,,,,,,
11,글로벌바이오메디컬공학과,,,,11,,,,,,,,
11,반도체융합공학과,,,,30,,,,,,,,
11,에너지학과,,,,10,,,,,,,,
11,양자정보공학과,,,,10,,,,,,,,
11,건축학과(5년제),,-,,,,,,,,,,
11,약학과,,30,,,,,,,,,,
11,의예과,,50,,,,,,,,,,
11,"수학교육과
사범대학
컴퓨터교육과",,,15,,,,,,,,,
11,,,15,,,,,,,,,,
11,"전공예약
건설환경공학부",,,10,,,,,,,,,
11,글로벌융합학부★,,11,,,,,,,,,,
11,미술학과,동양화,18,,,,,,,,,,
11,,서양화,19,,,,,,,,,,
11,디자인학과,시각디자인,19,,,,,,,,,,
11,,써피스디자인,19,,,,,,,,,,
11,스포츠과학과,,24,,,,,,,,,,
11,"AI융합운영
응용AI
융합학부
산업인공지능",,,,,2,,,,,,,
11,,,,,,2,,,,,,,
11,총  계,,802,780,105,4,,,,,,,
13,"전체 모집단위
(예체능계열 제외)","1,559명",,수능,100,"1,000",일괄 합산,,,,,,
13,"미술학과, 디자인학과",미술학과,"동양화 : 18명
서양화 : 19명",수능,60,,,,,,,,
13,,,,실기,40,,,,,,,,
13,,디자인학과,"시각 : 19명
써피스 : 19명",수능,60,,,,,,,,
13,,,,실기,40,,,,,,,,
13,스포츠과학과,22명,,수능,80,,,,,,,,
13,,,,실기,20,,,,,,,,
15,"글로벌융합학부, 인문과학계열,
사회과학계열, 경영학과,
글로벌리더학부, 글로벌경제학과,
교육학과, 한문교육과,
영상학과, 의상학과",A,35,25,30,10,"감점
적용",,,,,,
15,,B,30,40,20,10,,,,,,,
15,"자유전공계열, 자연과학계열, 
전자전기공학부, 공학계열, 
소프트웨어학과, 반도체시스템공학과,
지능형소프트웨어학과, 약학과, 
의예과, 수학교육과, 
컴퓨터교육과, 건설환경공학부",A,20,40,30,10,,,,,,,
15,,B,30,40,20,10,,,,,,,
15,"미술학과, 디자인학과",-,45,×,45,10,,,,,,,
15,스포츠과학과,-,36,36,18,10,,,,,,,
15,글로벌경영학과,A,35,25,30,10,"감점
적용",,,,,,
15,,B,30,40,20,10,,,,,,,
15,"글로벌바이오메디컬공학과,
반도체융합공학과,
에너지학과, 양자정보공학과",A,20,40,30,10,,,,,,,
15,,B,30,40,20,10,,,,,,,
16,"국내 고등학교
졸업자","- 학생부 시스템 미설치교 출신자
- 2017년 1월 이전 졸업자
- 학생부 온라인제공에 동의하지 않은 자","•  입학원서, 학교생활기록부(대입전형용) 각 1부
  ※ 05.2.졸업자~16.2 졸업자 중 온라인 신청자는 제출 불필요",,,,,,,,,,
16,"외국 소재 고등학교
졸업자",재외한국학교,•  동 표 “국내 고등학교 졸업자” 와 동일 기준으로 진행,,,,,,,,,,
16,,외국 현지 고등학교,"•  입학원서, 졸업(예정)증명서, 성적증명서 각 1부",,,,,,,,,,
16,국내 학력인정 외국교육기관 출신자,,"•  입학원서, 졸업(예정)증명서, 성적증명서 각 1부",,,,,,,,,,
16,"검정고시 출신자
(고교 재학사실 무관 검정고시 출신자
지원자격으로 지원하는 모든 지원자)",,"•  입학원서, 검정고시 합격증명서 각 1부
 
-   온라인 혹은 오프라인 중 제출 방법 택일 
(오프라인 제출 선택자는 증명서 출력 후 스캔하여 업로드)",,,,,,,,,,
16,제출서류와 성명 또는 주민등록번호가 다른 지원자,,"•  입학원서, 주민등록표초본 각 1부",,,,,,,,,,
16,정원외 특별전형 지원자,,•  지원자격 관련 서류(p.25.Ⅲ.특별전형에서 별도 안내),,,,,,,,,,
17,"1)   전형료 결제 후에는 원서접수를 취소하거나 변경할 수 없으며, 전형료 반환은 우리대학의 전형료 반환기준에 따릅니다.  
(p.18 ‘[9]전형료 2. 전형료 반환’ 참조)
2)   지원자 인적사항에 대한 판단은 입학원서를 기준으로 하며, 접수 후에 입학원서의 기재사항은 변경할 수 없으므로 접수 전(전형료 결제 
전) 작성내용을 확인해야 합니다.
  ※ 원서접수(전형료 결제) 후에는 ‘전형유형/군’과 ‘모집단위’는 어떠한 경우라도 변경할 수 없습니다.
3)   성명 및 유사시 연락 가능한 전화번호 등 원서 기재사항에 대한 누락, 오기 및 기타 구비서류 미비 등의 사유로 인해 발생하는 모든 
불이익은 지원자 본인에게 책임이 있습니다.
4)   우리대학은 학력사항 확인 및 입학원서와 제출서류 위·변조에 따른 부정행위를 방지하기 위해 정시모집에 지원 시 학교생활기록부 
및 2025학년도 수능 성적자료 온라인 제공에 동의하는 것으로 간주합니다.
  ※   검정고시 출신자의 경우에도 검정고시 합격 증명자료 온라인 제공에 동의하는 것을 원칙으로 하나, 해당 서류를 직접 출력하여 온라인에 업로드하는 
방식으로 제출하는 것도 가능합니다.
5)   개인정보와 고유식별정보 수집 및 이용 
 
대입 원서접수 대행사는 우리대학의 위탁을 받아 대학 원서접수 및 대입 전형을 위하여 아래와 같이 개인정보와 고유식별정보(고등
교육법시행령 제73조 고유식별정보의 처리에 근거함)를 수집·이용합니다. 대학에 원서를 접수한 수험생은 성균관대학교 입학처 홈페이지
[https://admission.skku.edu]에 게시된 “개인정보처리방침”에서 상세한 내용을 확인하실 수 있습니다.
구분
수집 항목
수집 목적
정보 보유
및
이용기간 
  우리대학은 감염병 예방 및 감염 전파의 차단을 위하여 질병관리청으로부터 개인정보(민감정보)를 수집 및 이용합니다.
개인정보(민감정보)의 수집 출처
개인정보
관련법령
감염예방법(제6조4항) 및 재난안전법(제74조3항),  
질병관리청
이름, 생년월일, 성별, 주소 등 인적사항
개인정보보호법(제15조1항3호)","개인정보
•  (필수)   이름, 주소, 전화번호, 휴대전화번호, 추가전화번호(1개), 이메일, 국적, 공통원서
비밀번호, 모집단위, 전형유형, 수험번호, 학교정보(최종학력구분, 재학/출신 고교명, 
졸업(예정)연도, 검정고시 정보 등)
 
(선택) 추가전화번호(1~4개), 반환계좌정보(은행명, 계좌번호, 예금주)
•  대입 원서접수 및 대입 전형 관리, 합격자의 학적 관리
•  대학은 수집된 개인정보는 원칙적으로 10년간 보관함. 다만, 다음과 같은 합격자의 개인
정보는 학적 등 학사 행정 관리를 위하여 영구 보관함 : 
이름, 주소, 전화번호, 휴대전화번호, 이메일, 국적, 모집단위, 출신고교명,  
고교 졸업일자, 검정고시 정보(합격일자, 합격지구), 전형구분, 모집단위(지망학과)","고유식별정보
•  주민등록번호, 재외국민과 외국인전형 
등의 경우 외국인등록번호 또는 여권번호
•  대입 원서접수, 대입 전형 관리, 합격자의 
학적 관리
•  대학은 수집된 고유식별정보는 원칙적으로 
10년간 보관함. 다만, 합격자의 고유식별
정보는 학적 등 학사 행정 관리를 위하여 
영구 보관함",,,,,,,,,,
17,,,,,,,,,,,,,
17,,,,,,,,,,,,,
17,,,,,,,,,,,,,
17,,,,,,,,,,,,,
17,,,,,,,,,,,,,
18,"1)   학생부 시스템 미설치교 출신자, 2017년 1월 이전 졸업자 중 학생부 온라인 제공에 동의하지 않은 자는 학교생활기록부를 서류제출 
기한 내에 제출(온라인 업로드)해야 합니다. 
2)   해외고 졸업(예정)자는 해외고 졸업(예정)증명서 및 성적증명서를 서류제출 기한 내에 제출(온라인 업로드)해야 합니다. 제출 시 재외공
관 확인을 거치거나 아포스티유 확인을 받아야 합니다(재외한국학교 제외).
  ※ 아포스티유 확인서 관련 문의 : 외교부 재외동포청 ☎ 02)2002-0251~2
3)   검정고시 출신자는 검정고시 합격증명서를 서류제출 기한 내에 제출(온라인 업로드)해야 합니다.  
(검정고시 합격 및 성적 증명자료 온라인 제출자 제외)
4)   제출서류에 기재된 인적사항과 실제 인적사항(성명, 주민등록번호 등)이 다른 경우, 변경 이력이 기재된 주민등록표초본을 추가로 제출
(온라인 업로드)해야 합니다.
5) 한글이나 영어로 작성되지 않은 서류는 번역공증본을 추가로 제출(온라인 업로드)해야 합니다.
6)   모든 서류는 원본제출을 원칙으로 하며 부득이하게 서류의 사본을 제출해야 하는 경우, 출신고교장 또는 발급기관 혹은 우리대학 
입학처 접수담당자의 원본대조 확인도장을 받아야 합니다.
7) 서류제출은 온라인 업로드를 원칙으로 하며, 방문 및 우편 접수는 불가합니다.
8)   기간 내 제출(온라인 업로드)되지 않은 서류에 관한 모든 책임은 지원자 본인에게 있으며, 제출한 모든 서류는 어떠한 사유로도 반환하
지 않습니다.
9)   최종 등록자는 원서접수 사이트에 업로드한 모든 서류를 원본으로 우편 제출하여야 하며, 업로드한 서류와 제출 서류가 일치하지 않
은 경우 합격 이후라도 불이익을 받을 수 있습니다.
10) 서류제출 기간(원서접수 사이트 내 온라인 업로드) : 2024. 12. 31.(화) ~ 2025. 1. 6.(월) 18:00 까지",,,,,,,,,,,,
18,,"【검정고시 출신자 대입전형자료 온라인 제공 방법】
△   대입전형자료 온라인 제공을 원하는 지원자는 시도교육청 나이스 대국민서비스 검정고시 대입전형홈페이지(https://kged.go.kr)에서 본인의 
고졸 검정고시 합격 및 성적자료를 확인하고 온라인 제출 신청
△   입학원서 작성 시, 나이스 대국민서비스 검정고시 대입전형홈페이지(https://kged.go.kr)에서 온라인 제출을 신청한 지원자는 ‘제공동의 확인
번호’를 확인하여 입력
△   2025학년도 검정고시 대입전형자료 온라인 제공은 2016년 1회~2024년 2회차 자료를 대상으로 함
2016년도 제1회 ~ 2024년도 제2회 합격 및 성적 증명자료
온라인 제공 가능
2016년도 이전 검정고시 합격 및 성적 증명자료
온라인 제공 불가, 오프라인 방식으로 제출",,,,,,,,,,,
18,,,,,,,,,,,,,
21,일반전형,전체 모집단위(아래 제외),"30,000원",,,,,,,,,,
21,,의예과,"50,000원",면접시험,,,,,,,,,
21,,"미술학과, 디자인학과, 스포츠과학과","95,000원",실기시험,,,,,,,,,
21,특별전형,"응용AI융합학부
(AI융합운영, 산업인공지능)","60,000원",특성화 고 졸 재직자,,,,,,,,,
22,국가보훈대상자,「국가보훈기본법」 제3조 제2호에 따른 ‘국가보훈대상자’로서 국가보훈관계 법령에 따른 교육지원대상자,,,,,,,,,,,
22,국민기초생활수급자,"「국민기초생활보장법」 제2조 제1호(수급권자), 제2호(수급자)",,,,,,,,,,,
22,차상위계층,"「국민기초생활보장법」 제2조 제10호의 차상위계층에 속하는 자로서 차상위 복지급여(차상위 자활, 차상위 장애수당, 
차상위 장애인연금부가급여, 차상위 건강보험본인부담금 경감) 중 하나 이상을 받고 있는 가구의 학생 또는 차상위계층 
확인사업 대상 가구(구 우선돌봄 차상위가구)의 학생",,,,,,,,,,,
22,한부모가족,「한부모가족지원법」 제5조 및 제5조의2에 따른 지원대상자,,,,,,,,,,,
22,장애인 등,"「장애인복지법」 제32조에 의하여 장애인 등록이 되어 있는 자(※ 장애의 정도가 심하지 않은 장애인 포함) 혹은 「장애인 
등에 대한 특수교육법」 제15조 제1항의 규정에 따른 대상자",,,,,,,,,,,
22,상이등급자,"기타 국가보훈 관계법령*에 의한 상이등급자로 등록되어 있는 자
* 「국가유공자 등 예우 및 지원에 관한 법률」, 「특수임무유공자 예우 및 단체설립에 관한 법률」, 「보훈보상대상자 지원에 관한 
법률」등",,,,,,,,,,,
22,지원자 전원,•  입학원서,,,,,,,,,,,
22,국가보훈대상자,•  대학입학특별전형대상자증명서 1부,,,,,,,,,,,
22,국민기초생활수급자,•  지원자 기준 수급자 증명서 1부,,,,,,,,,,,
22,차상위계층,"① 아래 해당 확인서(증명서) 1부
 
-   시·군·구청장 또는 읍·면·동주민센터장이 발급하는 「자활근로자, 장애(아동)수당 대상자, 장애인연금 대상자, 
차상위계층 확인서」
 
- 국민건강보험공단 이사장이 발행하는 「차상위 본인부담경감 대상자 증명서」
② 가족관계증명서(지원자 기준) 1부
③ 주민등록표등본(주민등록번호, 세대정보 모두 포함) 1부",,,,,,,,,,,
22,한부모가족,•  지원자 기준 한부모가족증명서 1부,,,,,,,,,,,
22,장애인 등/ 상이등급자,"•  장애인증명서, 특수교육 대상자 증명서(배치 결과통지서 등) 또는 상이정도가 명시된 국가보훈대상자(국가유공자등) 
증명서 중 1부(최근 1개월 이내 발급)",,,,,,,,,,,
23,"1)   추가합격자 발표 및 등록 일정은 최초합격자 발표 시 별도 공지하며, 공지한 등록 기간 이외에는 등록할 수 없으니 유의하시기 바랍니다.
2)   미등록 충원과정에서 우리대학이 취한 각종 방법으로도 수차례 연락이 되지 않는 자는 선순위의 예비후보자라 하더라도 미등록 충원
대상에서 제외합니다.
3)   우리대학에  등록한  후  다른  대학에  추가  합격하여  우리대학  등록을  포기하고자  하는  경우,  우리대학  입학처  홈페이지(https://
admission.skku.edu)에서 온라인으로 등록포기 및 등록금 환불 신청을 완료해야 합니다.
4)   입학 학기가 같은 2개 이상의 대학에 이중 등록한 자는 입학 후에라도 합격 및 입학을 취소합니다. 또한 정시모집 합격자가 다른 대학의 
추가합격 통보를 받은 경우 합격자는 등록을 원하지 않는 대학에 대해 등록포기 지정일시까지 등록포기 의사를 전달해야 합니다.
5)   정시모집 추가합격 통보는 2025. 2. 19.(수) 18:00까지만 실시합니다.
6)   2025. 2. 20.(목)에는 전일까지 통보한 우리대학 추가합격자의 등록 업무만 수행하고, 추가합격 통보는 하지 않습니다.
7)   우리대학의 학사제도 변경에 따라 추가합격자의 최종 등록일 이전에 신학기 개강이 시행될 수 있으며, 이 경우 해당 추가합격자의 수강
신청을 비롯한 제반 학사 관련 사항은 별도로 개별 안내할 예정입니다. 
8)   기타 문의사항은 아래의 전화 또는 성균관대학교 입학처 홈페이지의 “Q&A”로 문의하기 바랍니다. 
☎ 02) 760-1000 / 입학처 홈페이지：https://admission.skku.edu",,,,,,,,,,,,
23,,"등록포기 방법 [2025. 2. 19.(수) 17:50까지 등록포기 및 등록금 환불 온라인 신청]
•   합격자가 우리대학 등록을 포기하고자 하는 경우 성균관대학교 입학처 홈페이지(https://admission.skku.edu)를 통하여 등록포기를 신청하여야 
합니다. 문의 ☎ 02)760-1000
•   등록포기 및 등록금 환불을 온라인으로 신청하여 등록금을 환불받은 후 추가합격한 대학에 등록합니다.
•   등록포기 마감일(2025. 2. 19.) 이후에 등록을 포기하는 경우, 대학에는 미충원 인원이 발생하고 예비합격자에게는 추가합격의 기회가 차단됨으로써 
결과적으로 다른 수험생의 입학기회를 박탈하게 되므로 등록을 포기할 경우에는 위의 지정일시를 엄수해야 합니다.",,,,,,,,,,,
23,,,,,,,,,,,,,
26,면접시험,평가방법,배점,,,,,,,,,,
26,,"① 의학을 전공하는데 필요한 자질, 적성과 인성을 평가
② 다양한 상황을 제시할 수 있으며, 제시문에 영어가 활용될 수 있음
③   수험생 1명은 1개 면접실(복수의 면접위원)에만 입실하며, 1명당 10분 내외로 진행함 
(대면 면접 또는 본교 출석 후 별도 고사실에서 비대면 화상면접 진행)","P/F
(결시자는
불합격 처리)",,,,,,,,,,
26,선발분야,실기과목,,재료 및 도구,시간,배점,,,,,,,
26,"동양화/
서양화",인물화,,"•  화선지(2/3절), 켄트지(2절) 중 택일
•  연필, 수채화물감, 먹, 동양화 채색물감 중 
자유 선택(동·서양화 재료 구분 없음)",4시간,400,,,,,,,
26,"시각디자인/
써피스디자인","기초실기
소양평가",정밀소묘,"•  켄트지(4절)
•  연필",5시간,400,,,,,,,
26,,,"사고의  
이미지화","•  켄트지(4절)
•  채색재료 자유 선택",,,,,,,,,
27,"25m 왕복 달리기
(초)","16”99
이내","17”0
~
17”39","17”40
~
17”79","17”80
~
18”19","18”20
~
18”59","18”60
~
18”99","19”00
~
19”39","19”40
~
19”79","19”80
~
20”19","20”20
~
20”59","20”60
이후",결격
27,"핸드볼공 던지기
(m)",34,33,32,31,30,29,28,27,26,25,24이하,결격
27,배  점,100,94,88,82,76,70,64,58,52,46,40,0
27,"25m 왕복 달리기
(초)","18”99
이내","19”00
~
19”39","19”40
~
19”79","19”80
~
20”19","20”20
~
20”59","20”60 
~
20”99","21”00
~
21”39","21”40
~
21”79","21”80
~
22”19","22”20
~
22”59","22”60
이후",결격
27,"핸드볼공 던지기
(m)",24,23,22,21,20,19,18,17,16,15,14이하,결격
27,배  점,100,94,88,82,76,70,64,58,52,46,40,0
30,"1. 특성화고등학교 등을 졸업한 자
  ※   「초·중등교육법 시행령」 제91조 제1항에 따른 특성화고등학교 중 자연현장실습 등 체험 위주의 교육을 전문으로 실시하는 고등학교 제외
(「초·중등교육법 시행령」 제76조의3 제1호에 따른 일반고등학교에 설치된 학과 중 특성화고등학교에서 제공하는 것과 같은 교육과정으로 운영되는 학과 포함)
2. 「초·중등교육법 시행령」 제90조 제1항 제10호에 따른 산업수요 맞춤형 고등학교를 졸업한 자
3.   「초·중등교육법 시행령」 제76조의3 제1호에 따른 일반고등학교에 재학하는 동안 시·도 교육감이 「직업교육훈련촉진법」에 따른 직업
교육훈련기관 중 직업교육훈련위탁기관으로 선정한 기관에서 1년 이상의 직업교육 훈련과정을 이수하고 해당 일반고등학교를 졸업한 자
4.   「평생교육법」 제31조제2항에 따른 학력인정 평생교육시설 중 특성화고등학교 등에서 제공하는 것과 같은 교육과정을 운영하는 평생
교육시설에서 해당 교육과정을 이수한 자
※ 산업체 적용 범위 및 재직 기간 산정 상세 사항
구분
산업체
적용범위
재직기간
산정
재직상태
유지","세부사항
①   국가·지방자치단체 및 공공단체(소속 직원의 경우) 
②   「근로기준법」 제11조에 의거 상시근로자 5인(사업주 포함) 이상 사업체
③   4대 보험 중 1개 이상 가입 사업체(창업·자영업자 포함)
④   4대 보험 가입대상 사업체가 아닌 1차 산업 종사자는 국가·지방자치단체가 발급하는 공적증명서(농지원부 등본 등)를 통해 확인되는 
경우 인정함
⑤   4대 보험 미가입 영세창업/자영업자는 사업자등록증을 소지하고, 세금 체납 사실이 없는 경우에 한해 인정함
①   2025. 3. 1. 기준으로 총 재직기간(4대 보험 중 하나 이상에 가입된 기간)이 만 3년 이상(예정)이어야 함
②   재직기간은 제출한 서류상(4대 보험 내역)으로 증명되는 기간만을 산정함
③   2개 이상 산업체의 재직기간은 합산하되, 중복되는 기간은 이중으로 합산하지 않음
④   영세창업, 자영업자의 휴업기간 등 비영업기간은 재직기간 산정에서 제외함
⑤   병역특례 기간의 산업체 경력 및 재직기간 중 군 의무복무 경력은 재직기간 산정에 포함됨
①   지원시점 기준(원서접수 시작일) 미재직자(휴직※ 또는 휴업 포함)는 지원할 수 없음
 
※ 군 의무복무를 위한 휴직 중인 자는 지원 가능
②   학기개시일 기준 재직 중이어야 함
③   재학 중 재직 유지(단, 이직 등을 위한 일시적 구직기간의 경우 별도의 유예기간 부여)",,,,,,,,,,,
30,,,,,,,,,,,,,
30,,,,,,,,,,,,,
30,,,,,,,,,,,,,
30,,,,,,,,,,,,,
30,,,,,,,,,,,,,
31,공 통,필수,입학원서,•  온라인 원서접수 후 PDF 파일 제출시 포함하여 업로드,,,,,,,,,
31,,,학생부,"•  온라인 제공 동의자 : 제출 필요 없음
•  온라인 제공 미동의자/불가자 : 학교생활기록부(대입전형용)",,,,,,,,,
31,,,재직/경력증명서,"•  재직기간이 명시된 현 직장에 한함
•  현 직장에서의 재직기간이 3년 이상인 경우 재직증명서, 3년 미만인 경우 재직증명서 및 경력증명서 제출",,,,,,,,,
31,,,"4대 보험
가입 확인서","•  재직/경력증명서를 제출한 모든 직장(산업체)에 관련하여 아래 항목 중 1개 이상 제출
 
- 국민연금가입증명서(국민연금공단 발행)
 
- 건강보험자격취득사실확인서(국민건강보험공단 발행)
 
- 고용·산재보험 자격이력내역서(근로자용, 근로복지공단 발행)
 
  ※ 위 4대 보험 가입이력이 한 장으로 발급되는 ‘4대 사회보험 가입자 가입내역 확인서’는 제출 불가
 
- 4대 보험 가입 확인서 제출이 불가한 경우 아래의 대체서류 제출",,,,,,,,,
31,해 당 자,"해당자
필수",병역 관련 서류,"•  군 의무복무 기간을 포함하여 재직기간이 3년 이상인 재직자 제출
 
- 전역자 : 병적증명서 또는 주민등록초본(병역사항 기재)
 
- 휴직 중 복무중인 자 : 병적증명서 또는 복무확인서(군 복무기간 전체 기재, 산업기능요원만 제출 가능)",,,,,,,,,
31,,,"4대 보험 미가입 
영세창업 및  
자영업 증명서","•  사업자등록증명원(세무서 발행)
•  납세증명서(세무서 발행)
•  휴업/폐업 사실 증명원(해당자)(세무서 발행)",,,,,,,,,
31,,,"농지원부 등본 등
공적증명서","•  4대 보험 가입 대상 사업체가 아닌 농업, 수산업 등의 산업체 종사자는 국가·지방단체가 발급하는 공적증명서
(농지원부 등)를 제출",,,,,,,,,
31,,선택,직무 기술서,"•  지원자 중 희망자에 한하여 작성
•  작성 희망자는 <서식 2> 「직무 기술서」를 활용하여 지정된 양식 및 유의사항에 맞추어 작성",,,,,,,,,
34,"농어촌
이웃사랑
장애인 등",가 / 나,"인문과학계열,
사회과학계열, 경영학과,
교육학과, 한문교육과",A,35,25,30,10,"감점
적용",,,,
34,,,,B,30,40,20,10,,,,,
34,,,"자연과학계열, 공학계열,
전자전기공학부,
소프트웨어학과,
약학과, 수학교육과,
컴퓨터교육과",A,20,40,30,10,,,,,
34,,,,B,30,40,20,10,,,,,
34,"특성화고 
졸업자",,전 모집단위,-,45,45,×,10,,,,,
34,"농어촌
이웃사랑",다,"반도체융합공학과,
에너지학과,
양자정보공학과",A,20,40,30,10,,,,,
34,,,,B,30,40,20,10,,,,,
35,공통,,지원자 전원,•  입학원서,,,,,,,,,
35,지 원 자 격,농 어 촌,(1) 농어촌학생 : 중·고등학교(6년) 전교육과정 이수자,"① 중학교 학교생활기록부 1부
② 가족관계증명서(지원자 기준) 1부
③   지원자 및 부모(보호자) 모두의 주민등록표초본(주민등록번호, 과거 주소
변동 사항 전체 및 날짜 모두 포함) 1부
④ 농어촌학생 지원자격 확인서 1부",,,,,,,,,
35,,,"(2) 농어촌 학생 :   초·중·고등학교(12년)  
전교육과정 이수자","① 초등학교, 중학교 학교생활기록부 각 1부
②   지원자 주민등록표초본(주민등록번호, 과거 주소변동 사항 전체 및 날짜 모두 
포함) 1부
③ 농어촌학생 지원자격 확인서 1부",,,,,,,,,
35,,이 웃 사 랑,"(3)   「국민기초생활보장법」 제2조 제1호(수급권자),  
제2호(수급자)","<서류접수 시작일로부터 7일 이내 발급한 서류만 인정함>
•  지원자 기준 수급자 증명서 1부",,,,,,,,,
35,,,"(4)   「국민기초생활보장법」 제2조 제10호의 차상위계층에 
속하는 자로서 차상위 복지급여(차상위 자활, 차상위 
장애수당, 차상위 장애인연금부가급여, 차상위 건강보험
본인부담금 경감) 중 하나 이상을 받고 있는 가구의 
학생 또는 차상위계층 확인사업 대상 가구(구 우선돌봄 
차상위가구)의 학생","<서류접수 시작일로부터 7일 이내 발급한 서류만 인정함>
① 아래 해당 확인서(증명서) 1부
 
-   시·군·구청장 또는 읍·면·동주민센터장이 발급하는 「자활근로자, 장애
(아동)수당 대상자, 장애인연금 대상자, 차상위계층 확인서」
 
-   국민건강보험공단 이사장이 발행하는 「차상위 본인부담경감 대상자 
증명서」
② 가족관계증명서(지원자 기준) 1부
③ 주민등록표등본(주민등록번호, 세대정보 모두 포함) 1부",,,,,,,,,
35,,,"(5)   「한부모가족지원법」 제5조 또는 제5조의2에 따른 
지원대상자","<서류접수 시작일로부터 7일 이내 발급한 서류만 인정함>
•  지원자 기준 한부모가족증명서 1부",,,,,,,,,
35,,(6) 장애인 등 대상자,,"•  장애인증명서, 특수교육 대상자 증명서(배치 결과통지서 등) 또는 상이
정도가 명시된 국가보훈대상자(국가유공자 등) 증명서 중 1부(최근 1개월 
이내 발급)",,,,,,,,,
35,,(7) 특성화고 졸업자,,•  제출서류 없음,,,,,,,,,
35,해 당 자,(1) 중 가족관계 변동이 있는 자(부·모 이혼),,"① 지원자 기준 기본증명서(상세) 1부
② 혼인관계증명서(친권이 있는 부모 기준) 1부",,,,,,,,,
35,,(1) 중 가족관계 변동이 있는 자(부·모 사망),,•  기본증명서 또는 제적등본 1부(사망한 부 또는 모 기준),,,,,,,,,
35,,"제출서류와 주민등록번호, 성명이 다른 지원자",,•  주민등록표초본 1부,,,,,,,,,
35,최 종 합 격 자,(1) 중 고교졸업예정자,,"① 고교졸업증명서(고교졸업일 명시)
②   본인 및 부모의 주민등록표초본(고교졸업일 이후~2025.2.28. 사이 발급본)",,,,,,,,,
35,,(2) 중 고교졸업예정자,,"① 고교졸업증명서(고교졸업일 명시)
② 본인 주민등록표초본(고교졸업일 이후~2025.2.28. 사이 발급본)",,,,,,,,,
35,,(7) 중 고교졸업예정자,,•  고교졸업증명서(고교졸업일 명시),,,,,,,,,
38,글로벌리더학과,"•  국가고시 및 로스쿨 진학, 다양한 취업 진로 프로그램 제공
•  해외 교환학생 및 복수학위 우선 지원, 국제 인턴십 우선 지원, 학사+석사 연계과정 5년 지원(대학원 장학금 포함), 
해외 박사학위과정 진학 추천(Honor Student 인증)",,,,,,,,,,,
38,글로벌경제학과,"•  해외대학(영국 Univ. of Birmingham, 네덜란드 Erasmus Univ.등)과의 복수학위 및 교환학생 프로그램 운영
•  해외 교환학생 파견 장학 지원(기준 충족자에 한해 항공권 및 체재비 등 일부 지원)
•  해외대학과 공동 개최하는 국제학술대회 참여 지원
•  국가고시 및 로스쿨 진학, 다양한 취업 진로 프로그램 제공
•  국제 인턴십 우선 지원, 학사+석사 연계과정 5년 지원(대학원 장학금 포함),  
해외 박사학위과정 진학 추천(Honor Student 인증)",,,,,,,,,,,
38,글로벌경영학과,"•  해외대학(미국 Indiana Univ. , 프랑스 Emlyon Univ. 등)과의 복수학위 및 교환학생 프로그램 운영
•  해외 교환학생 파견 장학 지원(항공권 및 체재비 등 일부 지원)
•  글로벌 탐방 프로그램 제공(항공료 등 제반 비용 지원)
•  해외취업, 외국계취업 등 각종 취업역량강화 프로그램 제공
•  국제 인턴십 우선 지원, 학사+석사 연계과정 5년 지원(대학원 장학금 포함),  
해외 박사학위과정 진학 추천(Honor Student 인증)",,,,,,,,,,,
38,반도체시스템공학과,"•  전체 신입생 대상 2년(4개 학기) 전액 장학금 지급(기준 성적 충족 시)
•  삼성전자 입사 및 등록금전액(재학 5학기~8학기) 지급(최소채용절차 통과자 및 기준 성적 충족 시)
•  성적우수자에 대한 학업장려금 지급
•  미국 실리콘밸리 연수 지원
•  기숙사 우선 배정(1학년 1년간, 기숙사 입사신청 1차 시기 지원자에 한함)
•  삼성전자 인턴십 프로그램 제공(최소채용절차 통과 시)",,,,,,,,,,,
38,지능형소프트웨어학과,"•  5학년 졸업 후 학사·석사 동시 취득
•  전체 신입생 대상 3년(6개 학기) 전액 장학금 지급(기준 성적 충족 시)
•  삼성전자 입사 및 전액 장학금(재학 7학기~10학기) 지급(최소채용절차 통과자 및 기준 성적 충족 시)
•  기숙사 우선 배정(1학년 1년간, 기숙사 입사신청 1차 시기 지원자에 한함)
•  성적우수자에 대한 학업장려금 지급
•  석사과정 기간 학비 보조금 매월 지급
•  삼성전자 DX부문 인턴십 프로그램 제공(최소채용절차 통과 시)
•  전시회/박람회 참관 단기 해외 연수
•  학위과정 중 국제우수학술대회 논문 발표 시 출장 지원",,,,,,,,,,,
38,소프트웨어학과,"•  국내·외 SW전문기업 인턴십 및 해외 방문 프로그램 지원
•  기숙사 우선 배정(1학년 1년간, 기숙사 입사신청 1차 시기 지원자에 한함)
•  산학협력 프로젝트 프로그램 제공
•  SW코딩 멘토링 지원
•  우수학부생 연구실 입실 및 연구 활동 진행
•  해외 대학과의 공동 프로젝트 수행
•  SW 창업 멘토링 교육 및 창업 지원",,,,,,,,,,,
38,"글로벌바이오
메디컬공학과","•  우리대학 학사+석사 연계과정 지원
•  국내외 학회 및 심포지엄 참가 기회 제공
•  IBS 뇌과학이미징연구단 특성화프로그램 참여 가능(해외석학강좌, 첨단 뉴로이미징 연구장비 교육 등) 
•  기숙사 우선 배정(1학년 1년간, 기숙사 입사신청 1차 시기 지원자에 한함)
•  성적우수자에 대한 학업장려금 지급
•  글로벌 탐방 프로그램 지원(항공료 등 제반사항 지원)",,,,,,,,,,,
38,반도체융합공학과,"•  반도체특성화대학 사업 지원을 통해 정원내 입학생 전원 2년(4개 학기) 장학금 지급 
( 과학인재전형 합격자는 과학인재장학금 수여, 각 장학금별 기준 성적 충족 시, 반도체특성화대학 지원 장학금은 2026년 2학기까지) 
•  반도체특성화대학사업 지원 해외연수 프로그램 및 다양한 장학금 수혜 가능
•  반도체설계실습실, 교육용반도체 fab 활용(구축 중) 통한 실습 강화 교육",,,,,,,,,,,
40,비교문화/일본학/ 글로컬문화콘텐츠,문과대학 연계전공 사무실,02-760-1093,,,,,,,,,,
40,미래인문학,철학과 사무실,02-760-0315,,,,,,,,,,
40,융합언어학,러시아어문학과 사무실,02-760-0641,,,,,,,,,,
40,고전학,한문학과 사무실,02-760-0334,,,,,,,,,,
40,국제통상학,국제통상학 연계전공 사무실,02-760-0941,,,,,,,,,,
40,앙트레프레너십,앙트레프레너십 연계전공 사무실,02-760-0439,,,,,,,,,,
40,공익과법,공익과법 연계전공 사무실,02-760-0192,,,,,,,,,,
40,차세대반도체공학,반도체융합공학과 사무실,031-290-5869,,,,,,,,,,
40,컴바이오믹스,컴바이오믹스 연계전공 사무실,031-290-7860,,,,,,,,,,
40,에너지과학,성균융합원행정실,031-299-4272,,,,,,,,,,
40,한국학,동아시아학술원행정실,02-760-0784,,,,,,,,,,
41,인공지능 경제학,12,경제학과,02-760-0944~5,,,,,,,,,
41,인공지능 콘텐츠,12,글로벌융합학부,02-740-1784,,,,,,,,,
41,탄소중립 건축,12,건설환경공학부,031-290-7510,,,,,,,,,
41,인공지능 반도체,27,전자전기공학부,031-290-5827,필수 과목그룹 있음,,,,,,,,
41,반도체 설계트랙,27,전자전기공학부,031-290-5827,필수 과목그룹 있음,,,,,,,,
41,미래형 자동차,28,전자전기공학부,031-290-58412,필수 과목그룹 있음,,,,,,,,
41,의료 인공지능,12,의학과,031-299-6023,필수과목 있음,,,,,,,,
41,바이오센서,9,생명과학과,031-290-7000,,,,,,,,,
41,성균 인문학,12,독어독문학과,02-760-0913,,,,,,,,,
41,인공지능 교육,12,컴퓨터교육과,02-760-0965,,,,,,,,,
41,인공지능융합비즈니스,12,경영학과,02-760-0969,,,,,,,,,
41,K-철학커뮤니케이터,9,유학.동양학과,02-740-1692,,,,,,,,,
41,고령화사회 디지털헬스,9,문헌정보학과,02-740-1692,,,,,,,,,
41,지역사회 정보분석,9,문헌정보학과,02-740-1692,,,,,,,,,
41,"AI테크놀로지와 
커뮤니티 리브랜딩",9,미디어커뮤니케이션학과,02-740-1692,,,,,,,,,
41,"지능형 실감미디어와 
지역문화 콘텐츠",9,미디어커뮤니케이션학과,02-740-1692,,,,,,,,,
41,소셜임팩트 크리에이터,9,사회복지학과,02-740-1692,,,,,,,,,
41,초고령 시대의 지역사회 개발,9,사회복지학과,02-740-1692,,,,,,,,,
41,데이터기반 지역문제해결,9,행정학과,02-740-1692,,,,,,,,,
41,사회통합과 커뮤니티개발,9,행정학과,02-740-1692,,,,,,,,,
41,다문화사회와 갈등관리,9,행정학과,02-740-1692,,,,,,,,,
41,인구전환과 사회적 대응,9,행정학과,02-740-1692,,,,,,,,,
41,"지속가능성장을 
위한 지역거버넌스",9,행정학과,02-740-1692,,,,,,,,,
41,"응용혁신경험디자인
(AIEX) 트랙",18,디자인학과,031-299-6877,"필수 과목그룹 및  
선발인원 제한 있음",,,,,,,,
41,첨단 반도체,9,전자전기공학부,031-299-6757,,,,,,,,,
41,인공지능과 예술,12,예술대학,02-760-0933,,,,,,,,,
41,ESG,12,건설환경공학부,031-290-7510,,,,,,,,,
41,반도체/디스플레이 공정/장비,12,기계공학부,031-290-5881,,,,,,,,,
41,지능형로봇,15,기계공학부,031-290-5881,,,,,,,,,
41,친환경모빌리티,12,기계공학부,031-290-5881,,,,,,,,,
41,양자정보 및 양자화학,12,나노공학과,031-299-4116,,,,,,,,,
41,스마트 생산/제조,12,시스템경영공학과,031-290-7590,,,,,,,,,
41,반도체/디스플레이 소재/소자,12,신소재공학부,031-290-7390,,,,,,,,,
41,배터리,12,신소재공학부,031-290-7390,,,,,,,,,
41,바이오헬스케어,12,화학공학/고분자공학부,031-299-4700,,,,,,,,,
41,저탄소그린에너지,12,화학공학/고분자공학부,031-299-4700,,,,,,,,,
42,유학대학,유학·동양학과,도덕·윤리,,,,,,,,,,
42,문과대학,국어국문학과,국어,,,,,,,,,,
42,,영어영문학과,영어,,,,,,,,,,
42,,중어중문학과,중국어,,,,,,,,,,
42,,한문학과,한문,,,,,,,,,,
42,,사학과,역사,,,,,,,,,,
42,,문헌정보학과,사서교사(2급),,,,,,,,,,
42,사회과학대학,행정학과,일반사회,,,,,,,,,,
42,,아동·청소년학과,유치원정교사(2급),,,,,,,,,,
42,경제대학,경제학과,일반사회,,,,,,,,,,
42,,통계학과,수학,,,,,,,,,,
42,경영대학,경영학과,상업,,,,,,,,,,
42,자연과학대학,생명과학과,생물,,,,,,,,,,
42,,수학과,수학,,,,,,,,,,
42,,물리학과,물리,,,,,,,,,,
42,,화학과,화학,,,,,,,,,,
42,정보통신대학,전자전기공학부,"전자, 전기, 통신",,,,,,,,,,
42,스포츠과학대학,스포츠과학과,체육,,,,,,,,,,
42,예술대학,미술학과,미술,,,,,,,,,,
42,,디자인학과,디자인·공예,,,,,,,,,,
42,,영상학과,연극영화,,,,,,,,,,
42,,연기예술학과,연극영화,,,,,,,,,,
43,정보통신대학,전자전기공학부,전자전기공학심화프로그램(BS in Electronic and Electrical Engineering),,,,,,,,,,
43,공과대학,신소재공학부,신소재공학심화프로그램(BS in Advanced Materials Science and Engineering),,,,,,,,,,
43,,기계공학부,기계공학심화프로그램(BS in Mechanical Engineering),,,,,,,,,,
43,,건설환경공학부,건축공학심화프로그램(BS in Architectural Engineering),,,,,,,,,,
43,,,토목공학심화프로그램(BS in Civil Engineering),,,,,,,,,,
43,,시스템경영공학과,시스템경영공학심화프로그램(BS in Systems Management Engineering),,,,,,,,,,
43,,화학공학/고분자공학부,화학공학심화프로그램(BS in Chemical Engineering),,,,,,,,,,
44,"직영
기숙사","E-하우스
(본관)","율곡로 29길 5
(충신동)",1인실,2명,남학생,"학교정문까지 도보 약 30분 소요
1인실 : 장애인실",,,,,,
44,,,,2인실,302명,,,,,,,,
44,,"E-하우스
(별관)","율곡로 257
(충신동)",1인실,1명,여학생,"학교정문까지 도보 약 30분 소요
1인실 : 장애인실",,,,,,
44,,,,2인실,100명,,,,,,,,
44,,G-하우스,"율곡로 171
(원남동)",1인실,20명,여학생,"학교정문까지 도보 약 20분 소요
1인실 : 장애인실 2실 포함",,,,,,
44,,,,2인실,300명,,,,,,,,
44,,K-하우스,성균관로 7길 35,1인실,2명,여학생,"인문사회과학캠퍼스까지 도보 약 1분 소요
1인실 : 장애인실",,,,,,
44,,,,2인실,246명,,,,,,,,
44,"임대
기숙사",빅토리하우스,혜화로 9길 62,2인실,70명,여학생,"학교 정문까지 도보 약 15분소요
신청 가능 임대 기숙사는 상황에 따라
변경될 수 있음",,,,,,
44,,크라운빌 A동,혜화로 5길 7,2인실,60명,남학생,,,,,,,
44,,크라운빌 C동,혜화로 5길 46,2인실,60명,남/여학생,,,,,,,
44,인관(仁館),4인 1실,424명,남학생,,,,,,,,,
44,의관(義館),2인 1실,200명,-,대학원생 전용,,,,,,,,
44,예관(禮館),2인 1실,342명,여학생,,,,,,,,,
44,지관(智館),2인 1실,926명,남학생,,,,,,,,,
44,신관(信館),2인 1실,"1,108명",-,,,,,,,,,
44,,4인 1실,140명,-,,,,,,,,,
44,,4인 4실,388명,-,1인실 형태,,,,,,,,
44,,6인 3실,186명,-,2인실 형태,,,,,,,,
44,,3인 3실,63명,-,1인실 형태,,,,,,,,
44,,1인 1실,8명,장애인 우선,,,,,,,,,
46,입학 안내 전반,입학처,,02) 760-1000,,,,,,,,,
46,등  록,재무팀,,02) 760-1125,,,,,,,,,
46,장  학,학생지원팀,,02) 760-1075,,,,,,,,,
46,"학사안내전반
(졸업·수강·복수전공·학적·휴학·복학 등)",학사콜센터,,1811-8585,,,,,,,,,
46,"기숙사
https://dorm.skku.edu",명륜학사(인문사회과학캠퍼스 기숙사 행정실),,"02) 760-0163,~0164, 0167~0168",,,,,,,,,
46,,봉룡학사(자연과학캠퍼스 기숙사 행정실),,031) 290-5181~6,,,,,,,,,
46,교직 이수,사범대학,,02) 760-0963,,,,,,,,,
46,전공 안내 전반,"인문사회과학
캠퍼스",유학대학,02) 760-0913~6,,,,,,,,,
46,,,문과대학,02) 760-0913~6,,,,,,,,,
46,,,사회과학대학,"02) 760-0905, 0935",,,,,,,,,
46,,,경제대학,02) 760-0944~5,,,,,,,,,
46,,,경영대학,02) 760-0855,,,,,,,,,
46,,,사범대학,02) 760-0962~4,,,,,,,,,
46,,,예술대학,"02) 760-0905, 0933",,,,,,,,,
46,,,글로벌리더학,02) 760-0191~2,,,,,,,,,
46,,,글로벌경제학,"02) 760-0040, 0042",,,,,,,,,
46,,,글로벌경영학,02) 760-0034,,,,,,,,,
46,,,글로벌융합학부,02) 740-1781~4,,,,,,,,,
46,,"자연과학
캠퍼스",자연과학대학,"031) 290-5801, 5804",,,,,,,,,
46,,,정보통신대학,"031) 290-5827, 5863",,,,,,,,,
46,,,소프트웨어학,031) 299-4100~2,,,,,,,,,
46,,,반도체시스템공학,"031) 299-4900-3, 4906",,,,,,,,,
46,,,지능형소프트웨어학,031) 290-5865,,,,,,,,,
46,,,공과대학,031) 290-5815~6,,,,,,,,,
46,,,생명공학대학,031) 290-5804,,,,,,,,,
46,,,스포츠과학대학,031) 299-6920,,,,,,,,,
46,,,의과대학,"031) 299-6021, 6025",,,,,,,,,
46,,,약학대학,031) 290-7720,,,,,,,,,
46,,,"성균융합원
(에너지학, 글로벌바이오메디컬공학)","031) 299-4340
031) 290-5705",,,,,,,,,
48,전 형 유 형,,( 가 / 나 / 다 군 ),,모집단위,( 계열 / 학부 / 학과 ),,,,,,,
48,수 험 번 호,,,,성 명,,,,,,,,
48,연 락 처,,,,주민등록번호,-,,,,,,,
48,반환 요청 사유(해당되는 사항 선택),,,,,,,,,,,,
48,□,국가보훈대상자,,「국가보훈기본법」 제3조 제2호에 따른 ‘국가보훈대상자’로서 국가보훈관계 법령에 따른 교육지원대상자,,,,,,,,,
48,□,국민기초생활수급자,,"「국민기초생활보장법」 제2조 제1호(수급권자), 제2호(수급자)",,,,,,,,,
48,□,차상위계층,,「국민기초생활보장법」 제10호(차상위계층),,,,,,,,,
48,□,한부모가족,,「한부모가족지원법」 제5조 및 제5조의2에 따른 지원대상자,,,,,,,,,
48,□,장애인,,"「장애인복지법」 제32조에 의하여 장애인 등록이 되어 있는 자
「장애인 등에 대한 특수교육법」 제15조 제1항의 규정에 따른 대상자
기타(대학의 장이 정하는 자)",,,,,,,,,
48,□,상이등급자,,"기타 국가보훈 관계법령*에 의한 상이등급자로 등록되어 있는 자
* 「국가유공자 등 예우 및 지원에 관한 법률」,「특수임무유공자 예우 및 단체설립에 관한 법률」,「보훈보상대상자 지원에 관한 
법률」등",,,,,,,,,
48,반환 계좌 정보,,,,,,,,,,,,
48,"금융기관명
예금주명
계좌번호",,,,,,,,,,,,
48,,,,,,,,,,,,,
48,"위 지원자는 성균관대학교 정시모집 반환대상자 해당자격을 충족하는 대상자로서,
지원자격 관련 서류를 첨부하여 전형료 반환을 신청합니다.
20  년  
  월  
  일
(인)
지원자 :  
 
 
 
 
  
성균관대학교 총장 귀하",,,,,,,,,,,,
48,구분,자격증빙서류,,,,,,,,,,,
48,지원자 전원,입학원서,,,,,,,,,,,
48,국가보훈대상자,대학입학특별전형대상자증명서 1부,,,,,,,,,,,
48,국민기초생활수급자,지원자기준 수급자 증명서 1부,,,,,,,,,,,
48,차상위계층,"① 아래 해당 확인서(증명서) 1부
 
-   시·군·구청장 또는 읍·면·동주민센터장이 발급하는 「자활근로자, 장애(아동)수당 대상자, 장애인
연금 대상자, 차상위계층 확인서」
 
-   국민건강보험공단 이사장이 발행하는 「차상위 본인부담경감 대상자 증명서」
② 가족관계증명서(지원자 기준) 1부
③ 주민등록표등본(주민등록번호, 세대정보 모두 포함) 1부",,,,,,,,,,,
48,한부모가족,지원자기준 한부모가족증명서 1부,,,,,,,,,,,
48,장애인 등 / 상이등급자,"장애인증명서, 특수교육 대상자 증명서(배치 결과통지서 등) 또는 상이정도가 명시된 국가보훈대상자
(국가유공자 등) 증명서 중 1부(최근 1개월 이내 발급)",,,,,,,,,,,
49,"1.  본 직무 기술서는 반드시 사실에 기초하여 지원자 본인이 작성합니다.
2.  본 직무 기술서에 기술된 사항에 대한 사실 확인을 요청할 경우 지원자는 적극 협조하여야 합니다.
3.  허위사실 기재, 기타 부정한 사실 등이 발견될 경우, 불합격 처리되며 합격 이후라도 입학이 취소될 수 있습니다.
4.  공인어학성적 및 수학·과학·외국어 교과에 대한 교외 수상실적을 기재할 경우 평가에서 불이익을 받을 수 있으니, 작성을 금지합니다.
 
가. 공인어학성적
영어(TOEIC, TOEFL, TEPS), 중국어(HSK), 일본어(JPT, JLPT), 프랑스어(DELF, DALF), 독일어(ZD, TESTDAF, DSH, DSD), 러시아어(TORFL), 스페인어(DELE), 상공회의소한
자시험, 한자능력검정, 실용한자, 한자급수자격검정, YBM 상무한검, 한자급수인증시험, 한자자격검정 등
 
나. 수학·과학·외국어 교과에 대한 교외 수상실적
수  학
과  학
외국어
 
※   위에서 열거된 항목 외에도, 대회 명칭에 수학·과학(물리, 화학, 생물, 지구과학, 천문)·외국어(영어 등) 교과명이 명시된 학교 외 각종 대회(경시대회, 올림피아드 등) 수상실적을 작성했을 경우 “0점”(또는 불
합격) 처리
 
※   ‘교외 수상실적’이란 학교 외 기관이 개최한 대회 수상실적을 의미하며, 학교장의 참가 허락을 받은 교외 수상실적이라도 작성 시 “0점”(또는 불합격) 처리
5.    직무 기술서에는 고등학교 학교생활기록부에 기재할 수 없는 항목※과 「대입제도 공정성 강화방안」(2019.11.28.)에 따른 학생부 주요항목 내 변경 사항※은 작성할 수 없고, 
어학연수 등 사교육 유발요인이 큰 교외 활동의 경우에도 작성이 제한됩니다. 이를 준수하지 않았을 경우 평가에서 불이익을 받을 수 있으니, 작성을 금지합니다.
6.    지원자 성명, 출신고교, 부모(친인척 포함)의 실명을 포함한 사회적‧경제적 지위(부모 및 친인척의 직종명, 직업명, 직장명, 직위명 등)를 암시하는 내용을 기재할 경우 평가에 불이익을 받
을 수 있으니 작성을 금지합니다.",,"한국수학올림피아드(KMO), 한국수학인증시험(KMC), 온라인 창의수학 경시대회, 도시대항 국제 수학토너먼트, 국제수학올림피아드(IMO) 등
한국물리올림피아드(KPHO), 한국화학올림피아드(KCHO), 한국생물올림피아드(KBO), 한국천문올림피아드(KAO), 한국지구과학올림피아드(KESO), 한국뇌과학
올림피아드, 전국정보과학올림피아드, 국제물리올림피아드, 국제지구과학올림피아드, 국제생물올림피아드, 국제천문올림피아드, 한국중등과학올림피아드 등
전국 초중고 외국어(영어, 중국어, 일본어, 프랑스어, 독일어, 러시아어, 스페인어) 경시대회, 
IET 국제영어대회, IEWC 국제영어글쓰기대회, 글로벌 리더십 영어 경연대회, SIFEC 전국영어말하기대회, 국제영어논술대회 등",,,,,,,,,,
49,,,,,,,,,,,,,
49,,,,,,,,,,,,,
49,,,,,,,,,,,,,
49,,,,,,,,,,,,,
49,,"※ 학교생활기록부 기재금지 항목
가. 각종 공인어학시험 참여사실과 그 성적 및 수상실적
나. 교과·비교과 관련 교외대회 참여사실과 그 성적 및 수상실적(학교장의 참가 허락을 받아 참여한 각종 교외대회에서의 수상실적도 기재 불가)
다. 교외 기관·단체(장)등에게 수상한 교외상(표창장, 감사장, 공로상 등도 기재 불가)
라. 교내·외 인증시험 참여 사실이나 그 성적
마. 모의고사·전국연합학력평가 성적(원점수, 석차, 석차등급, 백분위 등 성적관련 내용 일체) 및 관련 교내 수상실적 
바. 논문을 학회지 등에 투고 또는 등재하거나 학회 등에서 발표한 사실
사. 도서출간 사실
아. 지식재산권(특허, 실용신안, 상표 디자인) 출원 또는 등록사실
자. 어학연수, 봉사활동 등 해외 활동실적 및 관련 내용
차. 부모(친인척 포함)의 사회·경제적 지위(직종명, 직업명, 직장명, 직위명 등) 암시 내용
카. 장학생·장학금 관련 내용
타. 구체적인 특정 대학명, 기관명(기구, 단체, 조직 등 포함), 상호명, 강사명 등
파. 교내대회 참여사실과 그 성적 및 수상실적
하. 자격증 명칭 및 취득사실
*  위 내용은 「2024학년도 학교생활기록부 기재요령(고등학교)」를 발췌한 내용으로 이하 자세한 사항은 교육부 「2024학년도 학교생활기록부 기재요령(고등학교)」 중 
학교생활기록부 작성 시 유의사항 참조",,,,,,,,,,,
49,,,,,,,,,,,,,
49,,"※ 「대입제도 공정성 강화방안」에 따른 학생부 주요항목 내 변경 사항
가. 영재·발명교육 실적 대입 미반영
나. 자율동아리 대입 미반영
다. 청소년단체활동 미기재
라. 개인봉사활동 실적 대입 미반영
마. 독서활동 대입 미반영",,,,,,,,,,,
49,,,,,,,,,,,,,
49,"<직무 기술서 작성 및 제출 안내>
1. 생부종합(특성화고졸재직자)전형 지원자 중 희망하는 경우에만 작성 및 제출함(선택사항)
2. 모든 서류는 하나의 PDF 파일로 병합하여 온라인으로 업로드하여야 하며, 제출서류를 누락할 경우 선발대상에서 제외됨.
3. 작성 내용 : 재직 중인 직장에서의 직무와 역할
4. 작성 분량 : 띄어쓰기 포함 항목 당 100자 이내",,,,,,,,,,,,
50,지원자 인적사항,,,,,,,,,,,,
50,"전형유형 :
모집단위 :
수험번호 :
성 
  명 :
생년월일 :",,,,,,,,,,,,
50,연번,업무명,직무(역할),"업무기간
(년 월 일 ~ 년 월 일)","업무 내용
(100자 이내)",재직(인증)기관,,,,,,,
50,1,,,,,,,,,,,,
50,2,,,,,,,,,,,,
50,3,,,,,,,,,,,,
50,4,,,,,,,,,,,,
50,5,,,,,,,,,,,,
50,6,,,,,,,,,,,,
50,7,,,,,,,,,,,,
50,8,,,,,,,,,,,,
50,9,,,,,,,,,,,,
50,10,,,,,,,,,,,,
50,"본인은 직무 기술서 작성에 관한 유의사항을 숙지하였으며,
유의사항 위반에 따른 조치에 대해서 이의를 제기하지 않겠습니다. (동의 □)
20 
  년  
  월  
  일
지원자 :  
 
 
 
 
 
 
 
 
 
 (인)
성균관대학교 총장 귀하",,,,,,,,,,,,
