Page,0,1,2,3,4,5,6,7,8,9,10,11,12,13,14,15,16,17,18,19
6,구분,수시,정시,,,,,,,,,,,,,,,,,
6,,"학생부종합
학생부교과
논술위주
실기/실적","수능위주
학생부위주",,,,,,,,,,,,,,,,,
6,2025,"36.2%
1,498명
10.0%
415명
9.4%
391명
2.6%
106명","40.0%
1,656명
0.1%
4명",,,,,,,,,,,,,,,,,
6,2026,"36.3%
1,502명
10.0%
416명
9.3%
386명
2.6%
106명","40.0%
1,657명
0.1%
4명",,,,,,,,,,,,,,,,,
6,전형계획	요약,주요	변경사항,,,,,,,,,,,,,,,,,,
6,"▶  학생부종합전형: 수시 1,502명 선발
 
» 학생부종합 (융합형): 315명 선발, 서류 100%
 
» 학생부종합 (탐구형): 406명 선발, 서류 100%","•  전체 전형, 학교폭력 관련 사항 평가 반영
•  배터리학과, 바이오신약·규제과학과 신설
•  의예과 선발인원 변경",,,,,,,,,,,,,,,,,,
6,» 학생부종합 (성균인재): 236명 선발,"•  학생부종합전형 중 면접 실시 모집단위 분리
•  글로벌융합학부 면접 신설",,,,,,,,,,,,,,,,,,
6,» 학생부종합 (과학인재): 155명 선발,•  수능 전 면접 시행,,,,,,,,,,,,,,,,,,
6,"» 학생부종합 (기회균형): 정원내 24명 선발, 서류 100%",•  광역 모집단위 선발,,,,,,,,,,,,,,,,,,
6,"» 정원외 특별전형: 366명 선발, 서류 100%","•  선발 모집단위 확대 (첨단학과)
•  지원자격 심사서류 등 전체 서류 온라인 제출",,,,,,,,,,,,,,,,,,
6,"▶  학생부교과 (학교장추천)전형: 416명 선발
 
» 학생부 100%, 수능 최저학력기준 적용",•  학생부 정량평가시 과목별 군 분리 평가 및 학생부 출결상황 반영,,,,,,,,,,,,,,,,,,
6,"▶  논술위주전형: 386명 선발
 
» 논술 100%, 수능 최저학력기준 적용","•  언어형 182명, 수리형 204명 분리 선발 시행",,,,,,,,,,,,,,,,,,
6,▶  실기/실적 (예체능 특기자/실기우수자) 전형: 106명 선발,•  스포츠과학 (특기자) 실기 미시행,,,,,,,,,,,,,,,,,,
7,학생부종합,학생부교과,논술위주,실기/실적,,,,,,,,,,,,,,,,
7,"315명
융합형
406명
탐구형
236명
성균인재
155명
과학인재
24명
기회균형
366명
특별전형	(정원외)","416명
학교장추천","182명
언어형
204명
수리형","예체능	특기자/
106명
실기우수자",,,,,,,,,,,,,,,,
7,"1,502명
36.3%","416명
10.0%","386명
9.3%","106명
2.6%",,,,,,,,,,,,,,,,
7,전형유형,,,학생부	(교과),학생부	(비교과),지원자격	확인자료,기타	서류,,,,,,,,,,,,,
7,학생부종합 (융합형/탐구형),,,○,○,-,-,,,,,,,,,,,,,
7,학생부종합 (성균인재/과학인재),,,○,○,-,-,,,,,,,,,,,,,
7,학생부종합 (기회균형/정원외 특별),,,○,○,○,-,,,,,,,,,,,,,
7,학생부종합 (특성화고졸재직자),,,○,○,○,△ (선택),,,,,,,,,,,,,
7,학생부교과 (학교장추천),,,○,○,-,-,,,,,,,,,,,,,
7,논술위주 (언어형/수리형),,,△*,-,-,-,,,,,,,,,,,,,
7,실기/실적,"예체능
특기자",스포츠과학과,○,○,○,△ (선택),,,,,,,,,,,,,
7,,,영상학과,○,○,-,△ (선택),,,,,,,,,,,,,
7,,"예체능
실기우수자",스포츠과학과,○,○,-,-,,,,,,,,,,,,,
7,,,연기예술학과 (연출),○,○,-,-,,,,,,,,,,,,,
7,,,연기예술학과 (연기),○,○,-,-,,,,,,,,,,,,,
7,,,무용학과,○,○,-,-,,,,,,,,,,,,,
7,구분,,학생부	종합,,,,,"학생부
교과","논술
위주",실기/실적,,,,,,,,,,
7,,,,,,,,,,예체능	특기자,,,,예체능	실기우수자,,,,,,
7,,,서류형,,면접형,,"외 특
정원
별","학교장
추천","언어형
/
수리형","스포츠
과학과",,영상학과,,"스포츠
과학과",,연기예술학과,,,,"무용
학과"
7,,,"융합형
/
탐구형","기회
균형","성균인재
/
과학인재",,,,,,,,,,,연출,,연기,,
7,,,,,1단계 2단계,,,,,,1단계 2단계 1단계 2단계 1단계 2단계 1단계 2단계 1단계 2단계 일괄,,,,,,,,,
7,전 형 요 소,학생부 100,,100,100,70,100,100,-,100,70,100,40,100,20,100,40,-,40,40
7,,서류,-,,-,-,,-,-,,,,,,,-,-,-,-,-
7,,논술,-,-,-,-,-,-,100,-,-,-,-,-,-,-,-,-,-,-
7,,"면접/
실기",-,-,-,30,-,-,-,-,30,-,60,-,80,-,60,100,60,60
7,"최저
학력기준",,×,,,,,○,○,○,,×,,×,,,,,,
8,구분,,,,학생부종합,,,,,,,,"학생부
교과","논술
위주",실기/실적,,,,,
8,,,,,,,,,,,,,,,예체능	특기자 예체능	실기우수자,,,,,
8,,,,,"융합형
/
탐구형","기회
균형","/ 과
성균
인재
학
인재","농어촌
학생","이웃
사랑","특성
화고","장애
인등","특성
화고
졸재
직자","학교장
추천","언어형
/
수리형","스포츠
과학과","영상
학과","스포츠과학과
/연기예술학과
/무용학과",,,
8,"고등
학교
졸업
(예정)
자",고 교 유 형,"일반
계",일반고,○,△,○,△,△,△*,△,△*,○,○,△,○,○,,,
8,,,,자율고,○,△,○,△,△,×,△,×,○,○,△,○,○,,,
8,,,"특수
목적",과학고,○,△,○,×,△,×,△,×,○,○,△,○,○,,,
8,,,,국제고,○,△,○,×,△,×,△,×,○,○,△,○,○,,,
8,,,,"산업수요
맞춤형고",○,△,○,×,△,×,△,○,×,○,△,○,○,,,
8,,,,예술고,○,△,○,×,△,×,△,×,×,○,△,○,○,,,
8,,,,외국어고,○,△,○,×,△,×,△,×,○,○,△,○,○,,,
8,,,,체육고,○,△,○,×,△,×,△,×,×,○,△,○,○,,,
8,,,영재학교,,○,△,○,×,△,×,△,×,×,○,△,○,○,,,
8,,,특성화고,,○,○,○,△,△,○,△,○,△,○,△,○,○,,,
8,,,"국내 학력인정
외국교육기관**",,○,△,○,×,△,×,△,×,×,○,△,○,○,,,
8,,,"외국 소재
고등학교",,○,△,○,×,△,×,△,×,×,○,△,○,○,,,
8,,졸 업 년 도,2026년 2월,,○,○,○,○,○,○,○,×,○,○,○,○,○,,,
8,,,"2025년 2월
및 그 이전",,○,○,○,○,○,○,○,△,×,○,○,○,○,,,
8,"고등학교 졸업학력
검정고시 합격자",,,,○,△,○,×,○,×,○,×,×,○,△,○,○,,,
9,"전형
모집단위",,정원내,,,,,,,,,,,학생부종합	(정원외),,,,,,
9,,,학생부종합,,,,,학생부	교과,논술위주,,실기/실적,,소계,,,,,,,
9,,,서류형,,,면접형,,,학교장	추천 언어형 수리형,,예체능,,,"농어촌
학생","특성
화고","이웃
사랑","장애
인등","특성화고졸
재직자",,
9,,,,융합형 탐구형 기회균형 성균인재 과학인재,,,,,,,특기자,실기우수자,,,,,,,,
9,자유전공계열☆,,,,,120,,20,15,15,,,170,,,,,,,
9,인문과학계열☆,,35,,7,,,20,38,,,,100,<81>,<25>,<55>,<6>,,,
9,사회과학계열☆,,40,,5,,,20,40,5,,,110,,,,,,,
9,경영학과,,55,,,,,12,25,5,,,97,,,,,,,
9,글로벌리더학부,,,20,,,,10,10,5,,,45,,,,,,,
9,글로벌경제학과,,,35,,,,10,10,5,,,60,,,,,,,
9,글로벌경영학과,,,33,,,,10,10,5,,,58,,,,,,,
9,"사범
대학",교육학과,,,,15,,5,,,,,20,,,,1,,,
9,,한문교육과,,,,15,,5,,,,,20,,,,1,,,
9,"전공
예약",유학동양학과,,18,,,,12,,,,,30,,,,,,,
9,,국어국문학과,,,,,,12,,,,,12,,,,,,,
9,,프랑스어문학과,,12,,,,,,,,,12,,,,,,,
9,,독어독문학과,,12,,,,,,,,,12,,,,,,,
9,,러시아어문학과,,12,,,,,,,,,12,,,,,,,
9,,한문학과,,8,,,,12,,,,,20,,,,,,,
9,,사학과,,,,,,12,,,,,12,,,,,,,
9,,철학과,,,,,,12,,,,,12,,,,,,,
9,,사회학과,,8,,,,12,,,,,20,,,,,,,
9,,사회복지학과,,8,,,,12,,,,,20,,,,,,,
9,,심리학과,,,,,,12,,,,,12,,,,,,,
9,,아동청소년학과,,8,,,,12,,,,,20,,,,,,,
9,,통계학과,,,,,,12,,,,,12,,,,,,,
9,영상학과,,,12,,,,5,,,5,,22,,,,,,,
9,의상학과,,,16,,,,5,,,,,21,,,,,,,
9,자연과학계열☆,,45,,5,,10,15,5,25,,,105,<81>,<25>,<55>,<6>,,,
9,전자전기공학부,,40,,,,10,10,5,25,,,90,,,,,,,
9,공학계열☆,,100,,7,,15,40,10,45,,,217,,,,,,,
9,소프트웨어학과,,,25,,,10,10,5,10,,,60,,,,,,,
9,반도체시스템공학과,,,15,,,30,,,10,,,55,,,,,,,
9,지능형소프트웨어학과,,,15,,,15,,,5,,,35,,,,,,,
9,배터리학과,,,8,,,5,5,,,,,18,,,,,,,
9,글로벌바이오메디컬공학과,,,11,,,15,5,,10,,,41,,,,,,,
9,반도체융합공학과,,,15,,,10,7,,5,,,37,<81>,,<55>,,,,
9,에너지학과,,,15,,,10,7,,5,,,37,,,,,,,
9,양자정보공학과,,,13,,,5,,,,,,18,,,,,,,
9,바이오신약·규제과학과,,,12,,,,5,,,,,17,,,,,,,
9,건축학과 (5년제),,,25,,,,17,,,,,42,,,,,,,
9,약학과,,,30,,,,,,5,,,35,,,5,,,,
9,의예과,,,,,20,,,,5,,,25,,,,,,,
9,"사범
대학",수학교육과,,,,15,,5,,,,,20,,,,1,,,
9,,컴퓨터교육과,,,,15,,5,,,,,20,,,,1,,,
9,"전공
예약",생명과학과,,,,,5,7,,,,,12,,,,,,,
9,,수학과,,,,,5,7,,,,,12,,,,,,,
9,,물리학과,,,,,5,7,,,,,12,,,,,,,
9,,화학과,,,,,5,7,,,,,12,,,,,,,
9,,건설환경공학부,,20,,,,15,5,10,,,50,,,,,,,
9,글로벌융합학부☆,,,,,24,,,4,4,,,32,,,,,,,
9,"연기
연기예술
학과
연출",,,,,,,,,,,20,20,,,,,,,
9,,,,,,,,,,,,10,10,,,,,,,
9,"한국무용
무용
발레
학과
컨템포러리댄스",,,,,,,,,,,13,13,,,,,,,
9,,,,,,,,,,,,12,12,,,,,,,
9,,,,,,,,,,,,12,12,,,,,,,
9,스포츠과학과,,,,,12,,,,,18,16,46,,,,,,,
9,"AI융합운영
응용AI 
융합학부
산업인공지능",,,,,,,,,,,,,,,,,95,,
9,,,,,,,,,,,,,,,,,,95,,
9,합계,,315,406,24,236,155,416,182,204,23,83,"2,044",81,25,60,10,190,,
10,구분,,원서접수,온라인	입력	(학교장	추천	대상자),서류	제출*,,,,,,,,,,,,,,,
10,학생부종합 (융합형/탐구형),,"9.9.(화) 10:00
~
9.12.(금) 18:00",-,"9.9.(화) 10:00
~
9.13.(토) 18:00",,,,,,,,,,,,,,,
10,학생부종합 (성균인재/과학인재),,,,,,,,,,,,,,,,,,,
10,학생부종합 (기회균형),,,,,,,,,,,,,,,,,,,
10,학생부교과 (학교장추천),,,9.15.(월) 09:00 ~ 9.19.(금) 18:00,,,,,,,,,,,,,,,,
10,논술위주 (언어형/수리형),,,-,,,,,,,,,,,,,,,,
10,실기/실적 (예체능특기자/실기우수자),,,,,,,,,,,,,,,,,,,
10,"학생부종합
(정원외 특별전형)",농어촌학생,,,,,,,,,,,,,,,,,,
10,,특성화고,,,,,,,,,,,,,,,,,,
10,,이웃사랑,,,,,,,,,,,,,,,,,,
10,,장애인등,,,,,,,,,,,,,,,,,,
10,,특성화고졸재직자,,,,,,,,,,,,,,,,,,
11,구분,,,면접/실기/논술,,최초합격자	발표,,,,,,,,,,,,,,
11,,,,대상자/시험장	발표,시험,,,,,,,,,,,,,,,
11,"실기/실적
(예체능 실기우수자)","연기예술학과
(연기)",1단계,9.23.(화),9.25.(목) ~ 9.28.(일),12.12.(금) 이전,,,,,,,,,,,,,,
11,,,2단계,9.30.(화),10.11.(토) ~ 10.12(일),,,,,,,,,,,,,,,
11,,"연기예술학과
(연출)",실기,10.14.(화),10.18.(토),,,,,,,,,,,,,,,
11,,,면접,,10.19.(일),,,,,,,,,,,,,,,
11,,무용학과,,9.23.(화),9.28.(일),,,,,,,,,,,,,,,
11,,스포츠과학과,,10.21.(화),10.25.(토),,,,,,,,,,,,,,,
11,"실기/실적
(예체능 특기자)",영상학과,,10.14.(화),10.18.(토),,,,,,,,,,,,,,,
11,,스포츠과학과,,10.21.(화),10.26.(일),,,,,,,,,,,,,,,
11,"학생부종합
(성균인재)",스포츠과학과,,10.28.(화),11.1.(토),,,,,,,,,,,,,,,
11,,사범대학,,10.28.(화),11.2.(일),,,,,,,,,,,,,,,
11,,자유전공계열,,11.25.(화),11.30.(일),,,,,,,,,,,,,,,
11,,글로벌융합학부,,11.25.(화),11.30.(일),,,,,,,,,,,,,,,
11,,의예과,,11.25.(화),11.30.(일),,,,,,,,,,,,,,,
11,학생부종합 (과학인재),,,10.21.(화),10.26.(일),,,,,,,,,,,,,,,
11,논술위주 (언어형/수리형 ),,,10.28.(화),"[언어형]
[수리형]
11.15.(토)
11.16.(일)",,,,,,,,,,,,,,,
11,구	분,일	정,,,,,,,,,,,,,,,,,,
11,최초합격자 발표,2025. 12. 12.(금) 이전,,,,,,,,,,,,,,,,,,
11,최초합격자 등록,"2025. 12. 15.(월) 10:00 ~ 12. 17.(수) 16:00
(온라인 문서등록)",,,,,,,,,,,,,,,,,,
11,추가합격자 발표,2025. 12. 18.(목) ~ 12. 23.(화) 18:00,,,,,,,,,,,,,,,,,,
11,추가합격자 등록,"2025. 12. 18.(목) ~ 12. 24.(수) 16:00
(단, 합격 차수별 지정 기간 내에 등록해야 함)",,,,,,,,,,,,,,,,,,
11,"합격자 최종등록
(등록금 납부)",2026. 2. 3.(화) ~ 2. 5.(목) 16:00,,,,,,,,,,,,,,,,,,
11,학기 개시일,2026. 3. 1.(일),,,,,,,,,,,,,,,,,,
12,모집단위,설치	학부/학과,,,,,,,,,,,,,,,,,,
12,인문과학계열,"유학·동양학과*, 국어국문학과*, 영어영문학과, 프랑스어문학과*, 중어중문학과, 
독어독문학과*, 러시아어문학과*, 한문학과*, 사학과*, 철학과*, 문헌정보학과",,,,,,,,,,,,,,,,,,
12,사회과학계열,"행정학과, 정치외교학과, 미디어커뮤니케이션학과, 사회학과*, 사회복지학과*, 심리학과*, 소비자학과, 
아동·청소년학과*, 경제학과, 통계학과*",,,,,,,,,,,,,,,,,,
12,자연과학계열,"생명과학과*, 수학과*, 물리학과*, 화학과*, 식품생명공학과, 바이오메카트로닉스학과, 융합생명공학과",,,,,,,,,,,,,,,,,,
12,공학계열,"화학공학부, 신소재공학부, 기계공학부, 건설환경공학부*, 시스템경영공학과, 나노공학과",,,,,,,,,,,,,,,,,,
13,구분,국어	영역,수학	영역,영어	영역,탐구	영역,,한국사,,,,,,,,,,,,,
13,,"화법과
언어와
작문
매체","확률과
미적분
기하
통계",,"사회
과학
탐구
탐구","직업
탐구",,,,,,,,,,,,,,
13,"학생부교과
(학교장추천)",○,○,○,○,×,○,,,,,,,,,,,,,
13,"논술위주
(언어형/수리형)",,,,,,,,,,,,,,,,,,,
13,전형,모집단위,수능	최저학력기준,,,,,,,,,,,,,,,,,
13,"학생부교과
(학교장추천)","인문과학계열 (전공예약 포함), 사회과학계열 (전공예약 포함), 경영학과, 
사범대학, 영상학과, 의상학과, 자연과학계열 (전공예약 포함), 
전자전기공학부, 공학계열, 건설환경공학부, 건축학과 (5년제)","국어, 수학, 영어, 탐구, 탐구 5개 영역/과목 중
3개 등급합 7등급 이내",,,,,,,,,,,,,,,,,
13,,"자유전공계열, 글로벌리더학부, 글로벌경제학과, 글로벌경영학과, 
소프트웨어학과, 반도체융합공학과, 글로벌바이오메디컬공학과, 
에너지학과, 배터리학과, 바이오신약·규제과학과","국어, 수학, 영어, 탐구, 탐구 5개 영역/과목 중
3개 등급합 6등급 이내",,,,,,,,,,,,,,,,,
13,"논술위주
(언어형/수리형)","글로벌융합학부, 인문과학계열, 사회과학계열, 경영학과, 자연과학계열,
전자전기공학부, 공학계열, 건설환경공학부","국어, 수학, 영어, 탐구, 탐구 5개 영역/과목 중 
3개 등급합 6등급 이내",,,,,,,,,,,,,,,,,
13,,"자유전공계열, 글로벌리더학부, 글로벌경제학과, 글로벌경영학과,
반도체시스템공학과, 소프트웨어학과, 글로벌바이오메디컬공학과,
지능형소프트웨어학과, 약학과, 반도체융합공학과, 에너지학과","국어, 수학, 영어, 탐구, 탐구 5개 영역/과목 중 
3개 등급합 5등급 이내",,,,,,,,,,,,,,,,,
13,,의예과,"국어, 수학, 영어, 탐구 (2개 과목 평균)
4개 영역 중 3개 등급합 4등급 이내",,,,,,,,,,,,,,,,,
14,구분,,,지원자격	관련	서류,기타	서류,,,,,,,,,,,,,,,
14,"학생부종합
(융합형/탐구형/
성균인재/과학인재)",,,×,×,,,,,,,,,,,,,,,
14,학생부종합	(기회균형),,,"○
지원자격별 입증서류",×,,,,,,,,,,,,,,,
14,학생부교과	(학교장추천),,,"○
추천대상자 명단 (별도 안내)",×,,,,,,,,,,,,,,,
14,논술위주	(언어형/수리형),,,×,×,,,,,,,,,,,,,,,
14,"/ 실
실기
적","예체능
특기자",스포츠과학과,"○
해당 종목 협회 (연맹) 또는  
산하단체에서 발급하는 경기실적증명서","△ (선택)
활동증빙자료
(수상실적, 경기출전기록표 등 기타 증빙자료)",,,,,,,,,,,,,,,
14,,,영상학과,×,"△ (선택)
활동증빙자료
(수상실적 등 기타 증빙자료)",,,,,,,,,,,,,,,
14,,"예체능
실기
우수자",스포츠과학과,×,"△ (선택)
실기능력 증빙자료
(고교 내 활동 한정)",,,,,,,,,,,,,,,
14,,,연기예술학과,×,×,,,,,,,,,,,,,,,
14,,,무용학과,×,×,,,,,,,,,,,,,,,
14,"학생부종합
(정원외	특별전형)",,특성화고,×,×,,,,,,,,,,,,,,,
14,,,농어촌학생,"○
지원자격별 입증서류",×,,,,,,,,,,,,,,,
14,,,이웃사랑,,×,,,,,,,,,,,,,,,
14,,,장애인등,,×,,,,,,,,,,,,,,,
14,,,"특성화고졸
재직자",,"△ (선택)
직무기술서",,,,,,,,,,,,,,,
15,구분,,제출서류,,,,,,,,,,,,,,,,,
15,"국내
고등학교
졸업자","학생부 온라인제공에
동의한 자","전형/모집단위별 지원자격/활동 증빙자료 제출 (해당자만)
※ 별도 서류제출이 필요한 전형/모집단위에 지원한 자가 아니라면 서류제출 일체 필요 없음",,,,,,,,,,,,,,,,,
15,,"학생부 온라인제공에 동의하지 않은 자
(학생부 시스템 미설치교 출신자)","① 입학원서, 학생부 (대입전형용) 각	1부
② 전형/모집단위별 지원자격/활동 증빙자료 제출 (해당자만)",,,,,,,,,,,,,,,,,
15,,2021년 2월 이전 졸업자,"2005년 2월 ~ 2021년 2월 이전 졸업자는 ‘온라인 생성신청 시스템’을 통해 대입전형 
자료 온라인 제공 신청
※   2005년 1월 이전 졸업 등 온라인 제공 신청 불가자는 동 표 “학생부 온라인 제공에 동의하지 
않은 자”와 동일 기준으로 진행",,,,,,,,,,,,,,,,,
15,,"외국 소재 고등학교
재학 사실이 있는 자","입학원서, 해당고교 성적증명서, 재학증명서 각	1부
※ 학생부교과 (학교장추천), 논술위주전형은 제출 불필요",,,,,,,,,,,,,,,,,
15,"외국 소재
고등학교
졸업자",재외 한국학교,동 표 “국내고등학교 졸업자”와 동일 기준으로 진행,,,,,,,,,,,,,,,,,
15,,외국 현지 고등학교,"① 입학원서, 졸업 (예정)증명서, 성적증명서 각	1부
② 국내 학생부 1부 (국내 고교 재학 사실이 있는 경우)
③ ‘학교생활기록부 대체 서식’ 1부 (선택사항)
④ 전형/모집단위별 지원자격/활동 증빙자료 제출 (해당자만)
※ 논술위주전형 지원자는 ①항목 1부 제출",,,,,,,,,,,,,,,,,
15,국내 학력인정 외국교육기관 출신자,,"① 입학원서, 졸업 (예정)증명서, 성적증명서 각	1부
② 국내 학생부 1부 (국내 고교 재학 사실이 있는 경우)
③ ‘학교생활기록부 대체 서식’ 1부 (선택사항)
④ 전형/모집단위별 지원자격/활동 증빙자료 제출 (해당자만)
※ 논술위주전형 지원자는 ①항목 1부 제출",,,,,,,,,,,,,,,,,
15,"검정고시 출신자
(고교 재학사실 무관 검정고시 출신자
지원자격으로 지원하는 모든 지원자)",,"①   입학원서, 검정고시 합격증명서, 검정고시 성적증명서 각	1부 
- 원서접수시 온라인 제출
② ‘학교생활기록부 대체 서식’ 1부 (선택사항)
③ 전형/모집단위별 지원자격/활동 증빙자료 제출 (해당자만)
※ 논술위주전형 지원자는 ①항목 1부 제출",,,,,,,,,,,,,,,,,
15,제출서류와 성명 또는 주민등록번호가 다른 지원자,,"입학원서, 주민등록표초본 각	1부",,,,,,,,,,,,,,,,,
19,구분,개인정보,고유식별정보,,,,,,,,,,,,,,,,,
19,수집 항목,"(필수)   이름, 국적, 공통원서비밀번호, 주소, 전화번호, 휴대전화번호, 추가전화번호 (1개), 이메일, 
학교정보 (최종학력구분, 재학/출신 고교명, 졸업 (예정)연도, 고교 전화번호, 검정고시 정보 등), 
전형구분, 모집단위 (지망학과)
(선택) 추가전화번호 (1~4개), 환불계좌정보 (은행명, 계좌번호, 예금주 이름)","주민등록번호, 재외국민과 
외국인전형 등의 경우 
외국인등록번호 또는 여권번호",,,,,,,,,,,,,,,,,
19,수집 목적,"대입 원서접수 및 대입 전형관리, 합격자의 학적관리, 합격생 안내 (신입생 새터 등)","대입 원서접수, 대입 전형 관리, 
합격자의 학적 관리, 학생 안내",,,,,,,,,,,,,,,,,
19,"정보 보유 및
이용 기간","대학은 수집된 개인정보는 원칙적으로 10년간 보관함. 다만, 다음과 같은 합격자의 개인
정보는 학적 등 학사 행정 관리를 위하여 영구 보관함.
:   이름, 주소, 전화번호, 휴대전화번호, 이메일, 국적, 모집단위, 출신고교명, 고교 졸업일자, 
검정고시 정보 (합격일자, 합격지구), 전형구분, 모집단위 (지망학과)","대학은 수집된 고유식별정보는 
원칙적으로 10년간 보관함. 
다만, 합격자의 고유식별정보는 학적 등 
학사 행정 관리를 위하여 영구 보관함",,,,,,,,,,,,,,,,,
22,전형,전형총점,조치	사항,반영	방법,,,,,,,,,,,,,,,,
22,"학생부종합, 학생부교과
실기/실적","1,000",1호,100점 감점,,,,,,,,,,,,,,,,
22,,,2~9호,전형 총점 0점 처리,,,,,,,,,,,,,,,,
22,논술위주,100,1호,10점 감점,,,,,,,,,,,,,,,,
22,,,2~9호,전형 총점 0점 처리,,,,,,,,,,,,,,,,
24,전형유형,전형료,비	고,,,,,,,,,,,,,,,,,
24,"학생부종합 (융합형), 학생부종합 (탐구형), 
학생부종합 (기회균형), 학생부종합 (농어촌학생), 
학생부종합 (특성화고), 학생부종합 (특성화고졸재직자)","60,000원",,,,,,,,,,,,,,,,,,
24,"학생부종합 (성균인재), 학생부종합 (과학인재)","100,000원","1단계 불합격자 40,000원 반환",,,,,,,,,,,,,,,,,
24,학생부교과 (학교장추천),"60,000원",,,,,,,,,,,,,,,,,,
24,"학생부종합 (이웃사랑, 장애인 등)",-,"※ 전형료 전액 면제, 인터넷 원서접수 수수료 (4,000원) 징수",,,,,,,,,,,,,,,,,
24,논술위주 (언어형/수리형),"60,000원",,,,,,,,,,,,,,,,,,
24,실기/실적 (예체능 특기자/실기우수자),"100,000원","1단계 불합격자 40,000원 반환",,,,,,,,,,,,,,,,,
25,환불대상자,해당	자격,,,,,,,,,,,,,,,,,,
25,국가보훈대상자,「국가보훈기본법」 제3조 제2호에 따른 ‘국가보훈대상자’로서 국가보훈관계 법령에 따른 교육지원대상자,,,,,,,,,,,,,,,,,,
25,국민기초생활수급자,"「국민기초생활보장법」 제2조 제1호 (수급권자), 제2호 (수급자)",,,,,,,,,,,,,,,,,,
25,차상위계층,"「국민기초생활보장법」 제2조 제10호의 차상위계층에 속하는 자로서 차상위 복지급여 (차상위 자활, 차상위 장애수당, 
차상위 장애인연금부가급여, 차상위 건강보험본인부담금 경감) 중 하나 이상을 받고 있는 가구의 학생 또는 차상위계층 
확인사업 대상 가구 (구 우선돌봄 차상위가구)의 학생",,,,,,,,,,,,,,,,,,
25,한부모가족,「한부모가족지원법」 제5조 및 제5조의2에 따른 지원대상자,,,,,,,,,,,,,,,,,,
25,장애인 등,"「장애인복지법」 제32조에 의하여 장애인 등록이 되어 있는 자 (※ 장애의 정도가 심하지 않은 장애인 포함) 혹은 
「장애인 등에 대한 특수교육법」 제15조 제1항의 규정에 따른 대상자",,,,,,,,,,,,,,,,,,
25,상이등급자,"기타 국가보훈 관계법령*에 의한 상이등급자로 등록되어 있는 자
* 「국가유공자 등 예우 및 지원에 관한 법률」,「특수임무유공자 예우 및 단체설립에 관한 법률」,「보훈보상대상자 지원에 
관한 법률」등",,,,,,,,,,,,,,,,,,
25,자립지원대상자,「아동복지법」 시행령 제 38조 제2항에 따른 자립지원 대상자,,,,,,,,,,,,,,,,,,
26,구분,자격증빙서류,,,,,,,,,,,,,,,,,,
26,지원자 전원,입학원서,,,,,,,,,,,,,,,,,,
26,국가보훈대상자,대학입학특별전형대상자증명서 (지원자 기준) 1부,,,,,,,,,,,,,,,,,,
26,국민기초생활수급자,수급자 증명서(지원자 기준) 1부,,,,,,,,,,,,,,,,,,
26,차상위계층,"① 아래 해당 확인서 (증명서) 1부
-   시·군·구청장 또는 읍·면·동주민센터장이 발급하는 「자활근로자, 장애 (아동)수당 대상자, 장애인연금 대상자, 
차상위계층 확인서」
- 국민건강보험공단 이사장이 발행하는 「차상위 본인부담경감 대상자 증명서」
② 가족관계증명서 (지원자 기준) 1부
③ 주민등록표등본 (지원자 기준) 1부",,,,,,,,,,,,,,,,,,
26,한부모가족,한부모가족증명서(지원자 기준) 1부,,,,,,,,,,,,,,,,,,
26,장애인 등/상이등급자,"장애인증명서, 특수교육 대상자 증명서 (배치 결과통지서 등) 또는 상이정도가 명시된 국가보훈대상자 (국가유공자 등) 
증명서 (지원자 기준) 중 1부 (최근 1개월 이내 발급)",,,,,,,,,,,,,,,,,,
26,자립지원대상자,"아래 서류 중 1부 (최근 1개월 이내 발급)
- 입소사실확인서 및 아동복지시설 신고증 (사본) 각 1부
- 보호종료 확인서 또는 퇴소사실증명서 1부
- 조기 보호 종료사유 및 증빙서류 1부",,,,,,,,,,,,,,,,,,
28,모집단위,모집인원,설치	학부/학과,,,,,,,,,,,,,,,,,
28,인문과학계열,35,"유학·동양학과, 국어국문학과, 영어영문학과, 프랑스어문학과, 중어중문학과, 독어독문학과, 
러시아어문학과, 한문학과, 사학과, 철학과, 문헌정보학과",,,,,,,,,,,,,,,,,
28,사회과학계열,40,"행정학과, 정치외교학과, 미디어커뮤니케이션학과, 사회학과, 사회복지학과, 심리학과, 
소비자학과, 아동·청소년학과, 경제학과, 통계학과",,,,,,,,,,,,,,,,,
28,경영학과,55,,,,,,,,,,,,,,,,,,
28,자연과학계열,45,"생명과학과, 수학과, 물리학과, 화학과, 식품생명공학과, 
바이오메카트로닉스학과, 융합생명공학과",,,,,,,,,,,,,,,,,
28,전자전기공학부,40,,,,,,,,,,,,,,,,,,
28,공학계열,100,"화학공학부, 신소재공학부, 기계공학부, 건설환경공학부, 시스템경영공학과, 나노공학과",,,,,,,,,,,,,,,,,
28,합계,315,,,,,,,,,,,,,,,,,,
28,전형요소	및	반영비율	(%),학생부 100,,,,,,,,,,,,,,,,,,
28,전형총점,"1,000",,,,,,,,,,,,,,,,,,
28,평가방법,학생부를 종합적으로 정성평가함,,,,,,,,,,,,,,,,,,
28,수능	필수응시영역,없음,,,,,,,,,,,,,,,,,,
28,수능	최저학력기준,,,,,,,,,,,,,,,,,,,
28,선발방법,학생부평가 총점 순으로 최종 합격자 선발,,,,,,,,,,,,,,,,,,
28,동점자처리방법,학생부평가 우선순위 영역 평가점수 상위자 (부록3 학생부종합전형 서류평가 방법 참고),,,,,,,,,,,,,,,,,,
29,모집단위,,모집인원,설치	학부/학과,,,,,,,,,,,,,,,,
29,"전공예약
(인문과학계열)",유학·동양학과,18,,,,,,,,,,,,,,,,,
29,,프랑스어문학과,12,,,,,,,,,,,,,,,,,
29,,독어독문학과,12,,,,,,,,,,,,,,,,,
29,,러시아어문학과,12,,,,,,,,,,,,,,,,,
29,,한문학과,8,,,,,,,,,,,,,,,,,
29,"전공예약
(사회과학계열)",사회학과,8,,,,,,,,,,,,,,,,,
29,,사회복지학과,8,,,,,,,,,,,,,,,,,
29,,아동청소년학과,8,,,,,,,,,,,,,,,,,
29,글로벌리더학부,,20,,,,,,,,,,,,,,,,,
29,글로벌경제학과,,35,,,,,,,,,,,,,,,,,
29,글로벌경영학과,,33,,,,,,,,,,,,,,,,,
29,영상학과,,12,,,,,,,,,,,,,,,,,
29,의상학과,,16,,,,,,,,,,,,,,,,,
29,소프트웨어학과,,25,,,,,,,,,,,,,,,,,
29,반도체시스템공학과,,15,,,,,,,,,,,,,,,,,
29,지능형소프트웨어학과,,15,,,,,,,,,,,,,,,,,
29,배터리학과,,8,,,,,,,,,,,,,,,,,
29,글로벌바이오메디컬공학과,,11,,,,,,,,,,,,,,,,,
29,반도체융합공학과,,15,,,,,,,,,,,,,,,,,
29,에너지학과,,15,,,,,,,,,,,,,,,,,
29,양자정보공학과,,13,,,,,,,,,,,,,,,,,
29,바이오신약·규제과학과,,12,,,,,,,,,,,,,,,,,
29,건축학과 (5년제),,25,,,,,,,,,,,,,,,,,
29,"전공예약 (공학계열)
건설환경공학부",,20,,,,,,,,,,,,,,,,,
29,약학과,,30,,,,,,,,,,,,,,,,,
29,합계,,406,,,,,,,,,,,,,,,,,
30,전형요소	및	반영비율	(%),학생부 100,,,,,,,,,,,,,,,,,,
30,전형총점,"1,000",,,,,,,,,,,,,,,,,,
30,평가방법,학생부를 종합적으로 정성평가함,,,,,,,,,,,,,,,,,,
30,수능	필수응시영역,없음,,,,,,,,,,,,,,,,,,
30,수능	최저학력기준,,,,,,,,,,,,,,,,,,,
30,선발방법,학생부평가 총점 순으로 최종 합격자 선발,,,,,,,,,,,,,,,,,,
30,동점자처리방법,학생부평가 우선순위 영역 평가점수 상위자 (부록3 학생부종합전형 서류평가 방법 참고),,,,,,,,,,,,,,,,,,
31,모집단위,,모집인원,설치	학부/학과,,,,,,,,,,,,,,,,
31,자유전공계열,,120,"p.10, ‘[4] 광역 모집단위 설치 학부/학과 안내’ 참고",,,,,,,,,,,,,,,,
31,사범대학,교육학과,15,,,,,,,,,,,,,,,,,
31,,한문교육과,15,,,,,,,,,,,,,,,,,
31,,수학교육과,15,,,,,,,,,,,,,,,,,
31,,컴퓨터교육과,15,,,,,,,,,,,,,,,,,
31,의예과,,20,,,,,,,,,,,,,,,,,
31,글로벌융합학부,,24,인공지능융합전공,,,,,,,,,,,,,,,,
31,스포츠과학과,,12,,,,,,,,,,,,,,,,,
31,합계,,236,,,,,,,,,,,,,,,,,
32,1 단 계,전형요소	및	반영비율	(%),학생부 100,,,,,,,,,,,,,,,,,
32,,전형총점,"1,000",,,,,,,,,,,,,,,,,
32,,평가방법,학생부를 종합적으로 정성평가함,,,,,,,,,,,,,,,,,
32,,수능	최저학력기준,없음,,,,,,,,,,,,,,,,,
32,,수능	필수응시영역,,,,,,,,,,,,,,,,,,
32,,선발방법,"학생부평가 총점 순으로 면접대상자 선발
- 자유전공계열, 글로벌융합학부: 5배수 내외 
- 의예과: 6배수 내외
- 사범대학, 스포츠과학과: 3배수 내외",,,,,,,,,,,,,,,,,
32,2 단 계,전형요소	및	반영비율	(%),1단계 성적 70 + 면접 30,,,,,,,,,,,,,,,,,
32,,전형총점,"1,000",,,,,,,,,,,,,,,,,
32,,평가방법,면접시험: 다음 「면접시험 안내」 참조,,,,,,,,,,,,,,,,,
32,,수능	최저학력기준,없음,,,,,,,,,,,,,,,,,
32,,수능	필수응시영역,,,,,,,,,,,,,,,,,,
32,,선발방법,"면접시험 응시자 중에서 1단계 성적 (학생부평가)과 면접시험 평가점수의 합산 총점 순으로 최종 
합격자 선발",,,,,,,,,,,,,,,,,
32,,동점자처리방법,"① 면접점수 상위자
② 학생부평가 우선순위 영역 평가점수 상위자 (부록3 학생부종합전형 서류평가 방법 참고)",,,,,,,,,,,,,,,,,
32,면접대상자	및	시험장	발표,"교육학과, 한문교육과, 수학교육과, 컴퓨터교육과, 스포츠과학과",2025.10.28.(화),,,,,,,,,,,,,,,,,
32,,"자유전공계열, 글로벌융합학부, 의예과",2025.11.25.(화),,,,,,,,,,,,,,,,,
32,면접일자,스포츠과학과,2025.11.1.(토),,,,,,,,,,,,,,,,,
32,,"교육학과, 한문교육과, 수학교육과, 컴퓨터교육과",2025.11.2.(일),,,,,,,,,,,,,,,,,
32,,"자유전공계열, 글로벌융합학부, 의예과",2025.11.30.(일),,,,,,,,,,,,,,,,,
32,면접내용,"자유전공계열, 의예과*, 교육학과, 한문교육과, 수학교육과, 
컴퓨터교육과, 글로벌융합학부, 스포츠과학과",인·적성 면접,,,,,,,,,,,,,,,,,
32,준비물,"수험표, 신분증, 필기구 등 (수험생 안내사항 (추후 공지 예정) 참조)",,,,,,,,,,,,,,,,,,
33,모집단위,,모집인원,설치	학부/학과,,,,,,,,,,,,,,,,
33,자연과학계열,,10,"생명과학과, 수학과, 물리학과, 화학과, 식품생명공학과, 
바이오메카트로닉스학과, 융합생명공학과",,,,,,,,,,,,,,,,
33,"전공예약
(자연과학계열)",생명과학과,5,,,,,,,,,,,,,,,,,
33,,수학과,5,,,,,,,,,,,,,,,,,
33,,물리학과,5,,,,,,,,,,,,,,,,,
33,,화학과,5,,,,,,,,,,,,,,,,,
33,전자전기공학부,,10,,,,,,,,,,,,,,,,,
33,공학계열,,15,"화학공학부, 신소재공학부, 기계공학부, 건설환경공학부, 
시스템경영공학과, 나노공학과",,,,,,,,,,,,,,,,
33,소프트웨어학과,,10,,,,,,,,,,,,,,,,,
33,반도체시스템공학과,,30,,,,,,,,,,,,,,,,,
33,지능형소프트웨어학과,,15,,,,,,,,,,,,,,,,,
33,배터리학과,,5,,,,,,,,,,,,,,,,,
33,글로벌바이오메디컬공학과,,15,,,,,,,,,,,,,,,,,
33,반도체융합공학과,,10,,,,,,,,,,,,,,,,,
33,에너지학과,,10,,,,,,,,,,,,,,,,,
33,양자정보공학과,,5,,,,,,,,,,,,,,,,,
33,합계,,155,,,,,,,,,,,,,,,,,
34,1 단 계,전형요소	및	반영비율	(%),학생부 100,,,,,,,,,,,,,,,,,
34,,전형총점,"1,000",,,,,,,,,,,,,,,,,
34,,평가방법,학생부를 종합적으로 정성평가함,,,,,,,,,,,,,,,,,
34,,수능	필수응시영역,없음,,,,,,,,,,,,,,,,,
34,,수능	최저학력기준,,,,,,,,,,,,,,,,,,
34,,선발방법,학생부평가 총점 순으로 면접대상자 선발 (7배수 내외),,,,,,,,,,,,,,,,,
34,2 단 계,전형요소	및	반영비율	(%),1단계 성적 70 + 면접 30,,,,,,,,,,,,,,,,,
34,,전형총점,"1,000",,,,,,,,,,,,,,,,,
34,,평가방법,면접시험: 다음 「면접시험 안내」 참조,,,,,,,,,,,,,,,,,
34,,수능	필수응시영역,없음,,,,,,,,,,,,,,,,,
34,,수능	최저학력기준,,,,,,,,,,,,,,,,,,
34,,선발방법,"면접시험 응시자 중에서 1단계 성적 (학생부평가)과 면접시험 평가점수의 합산 총점 순으로 최종 
합격자 선발",,,,,,,,,,,,,,,,,
34,,동점자처리방법,"① 면접점수 상위자
② 학생부평가 우선순위 영역 평가점수 상위자 (부록3 학생부종합전형 서류평가 방법 참고)",,,,,,,,,,,,,,,,,
34,면접대상자	및	시험장	발표,2025.10.21.(화),,,,,,,,,,,,,,,,,,
34,시험일시,"2025.10.26.(일)
- 1교시 (오전):   자연과학계열, 전자전기공학부, 공학계열, 소프트웨어학과, 반도체시스템공학과
- 2교시 (오후):   지능형소프트웨어학과, 배터리학과, 글로벌바이오메디컬공학과,  
반도체융합공학과, 양자정보공학과, 에너지학과, 생명과학과, 수학과, 
물리학과, 화학과",,,,,,,,,,,,,,,,,,
34,시험내용,"제시문 기반 수학/과학 교과형 면접
▶ 수학: 수학, 수학Ⅰ, 수학Ⅱ, 미적분, 확률과통계, 기하
▶ 과학: 통합과학, 물리학Ⅰ, 화학Ⅰ, 생명과학Ⅰ, 물리학Ⅱ, 화학Ⅱ, 생명과학Ⅱ",,,,,,,,,,,,,,,,,,
34,준비물,"수험표, 신분증, 필기구 등 (수험생 안내사항 (추후 공지 예정) 참조)",,,,,,,,,,,,,,,,,,
35,모집단위,모집인원,설치	학부/학과,,,,,,,,,,,,,,,,,
35,인문과학계열,7,"유학·동양학과, 국어국문학과, 영어영문학과, 프랑스어문학과, 중어중문학과, 
독어독문학과, 러시아어문학과, 한문학과, 사학과, 철학과, 문헌정보학과",,,,,,,,,,,,,,,,,
35,사회과학계열,5,"행정학과, 정치외교학과, 미디어커뮤니케이션학과, 사회학과, 사회복지학과, 
심리학과, 소비자학과, 아동·청소년학과, 경제학과, 통계학과",,,,,,,,,,,,,,,,,
35,자연과학계열,5,"생명과학과, 수학과, 물리학과, 화학과, 식품생명공학과, 
바이오메카트로닉스학과, 융합생명공학과",,,,,,,,,,,,,,,,,
35,공학계열,7,"화학공학부, 신소재공학부, 기계공학부, 건설환경공학부, 시스템경영공학과, 
나노공학과",,,,,,,,,,,,,,,,,
35,합계,24,,,,,,,,,,,,,,,,,,
36,전형요소	및	반영비율	(%),학생부 100,,,,,,,,,,,,,,,,,,
36,전형총점,"1,000",,,,,,,,,,,,,,,,,,
36,평가방법,학생부를 종합적으로 정성평가함,,,,,,,,,,,,,,,,,,
36,수능	필수응시영역,없음,,,,,,,,,,,,,,,,,,
36,수능	최저학력기준,,,,,,,,,,,,,,,,,,,
36,선발방법,지원자격 충족자를 대상으로 학생부평가 총점 순으로 최종합격자 선발,,,,,,,,,,,,,,,,,,
36,동점자처리방법,학생부평가 우선순위 영역 평가점수 상위자 (부록3 학생부종합전형 서류평가 방법 참고),,,,,,,,,,,,,,,,,,
36,구분,,제출서류,,,,,,,,,,,,,,,,,
36,공통,(1) 지원자 전원,입학원서 1부,,,,,,,,,,,,,,,,,
36,"지원
자격별",(2-1) 국가보훈대상자,대학입학 특별전형 대상자증명서 (지원자 기준) 1부,,,,,,,,,,,,,,,,,
36,,"(2-2)   서해 5도:  
중·고등학교 (6년) 전교육과정 이수자","① 중학교 학생부 1부
② 가족관계증명서 (지원자 기준) 1부
③   지원자 및 부모 (보호자) 모두의 주민등록표초본 (주민등록번호, 과거 주소변동 
사항 전체 및 날짜 모두 포함) 1부
④ <서식2> 기회균형전형 (서해5도) 지원자격 확인서 1부",,,,,,,,,,,,,,,,,
36,,"(2-3)   서해 5도  
: 초·중·고등학교 (12년) 전교육과정 이수자","① 초등학교, 중학교 학생부 각 1부
②   지원자 주민등록표초본 (주민등록번호, 과거 주소변동 사항 전체 및 날짜 모두 포
함) 1부
③ <서식2> 기회균형전형 (서해5도) 지원자격 확인서 1부",,,,,,,,,,,,,,,,,
36,,"(2-4)   농어촌학생:  
중·고등학교 (6년) 전교육과정 이수자","① 중학교 학생부 1부
② 가족관계증명서 (지원자 기준) 1부
③   지원자 및 부모 (보호자) 모두의 주민등록표초본 (주민등록번호, 과거 주소변동 
사항 전체 및 날짜 모두 포함) 1부
④ <서식1> 농어촌학생 지원자격 확인서 1부",,,,,,,,,,,,,,,,,
36,,"(2-5)   농어촌 학생:  
초·중·고등학교 (12년) 전교육과정 이수자","① 초등학교, 중학교 학생부 각 1부
②   지원자 주민등록표초본 (주민등록번호, 과거 주소변동 사항 전체 및 날짜 모두 
포함) 1부
③ <서식1> 농어촌학생 지원자격 확인서 1부",,,,,,,,,,,,,,,,,
36,,"(2-6)   「국민기초생활보장법」  
제2조 제1호 (수급권자), 제2호 (수급자)","수급자 증명서 (지원자 기준) 1부
※	서류접수	시작일로부터	7일	이내	발급한	서류만	인정함",,,,,,,,,,,,,,,,,
37,구분,,제출서류,,,,,,,,,,,,,,,,,
37,"지원
자격별","(2-7)   「국민기초생활보장법」 제2조 제10호의 차상위
계층에 속하는 자로서 차상위 복지급여 (차상위 
자활,  차상위  장애수당,  차상위  장애인연금부가
급여, 차상위 건강보험본인부담금 경감) 중 하나  
이상을  받고  있는  가구의  학생  또는  차상위
계층  확인사업 대상 가구 (구 우선돌봄 차상위
가구)의 학생","① 아래 해당 확인서 (증명서) 1부
-   시·군·구청장 또는 읍·면·동주민센터장이 발급하는 「자활근로자, 장애 (아동)
수당 대상자, 장애인연금 대상자, 차상위계층 확인서」
-   국민건강보험공단 이사장이 발행하는 「차상위 본인부담경감 대상자 증명서」
※	서류접수	시작일로부터	7일	이내	발급한	서류만	인정함
② 가족관계증명서 (지원자 기준) 1부
③ 주민등록표등본 (지원자 기준) 1부",,,,,,,,,,,,,,,,,
37,,"(2-8)   「한부모가족지원법」 제5조 또는 제5조의2에 
따른 지원대상자","한부모가족증명서(지원자 기준) 1부
※	서류접수	시작일로부터	7일	이내	발급한	서류만	인정함",,,,,,,,,,,,,,,,,
37,,(2-9) 장애인등 대상자,"아래 서류 중 1부 (최근 1개월 이내 발급)
- 장애인증명서 1부 
- 특수교육 대상자 증명서 (배치 결과통지서 등) 1부
- 상이정도가 명시된 국가보훈대상자 (국가유공자 등) 증명서 (지원자 기준) 1부",,,,,,,,,,,,,,,,,
37,,(2-10) 자립지원 대상자,"아래 서류 중 1부 (최근 1개월 이내 발급)
- 입소사실확인서 및 아동복지시설 신고증 (사본) 각 1부
- 보호종료 확인서 또는 퇴소사실증명서 1부
- 조기 보호 종료사유 및 증빙서류 1부",,,,,,,,,,,,,,,,,
37,"최종
합격자","(3) (2-2),(2-4) 중 고교졸업예정자","① 고교졸업증명서 (고교졸업일 명시)
② 본인 및 부모의 주민등록표초본 (고교졸업일 이후~2026.2.28. 사이 발급본)",,,,,,,,,,,,,,,,,
37,,"(4) (2-3),(2-5)중 고교졸업예정자","① 고교졸업증명서 (고교졸업일 명시)
② 본인 주민등록표초본 (고교졸업일 이후~2026.2.28. 사이 발급본)",,,,,,,,,,,,,,,,,
37,,(5) 특성화고교 졸업예정자,고교졸업증명서 (고교졸업일 명시),,,,,,,,,,,,,,,,,
38,모집단위,,모집인원,설치	학부/학과,,,,,,,,,,,,,,,,
38,자유전공계열,,20,"p.10, ‘[4] 광역 모집단위 설치 학부/학과 안내’ 참고",,,,,,,,,,,,,,,,
38,인문과학계열,,20,"유학·동양학과, 국어국문학과, 영어영문학과, 프랑스어문학과, 중어중문학과, 독어독문학과, 
러시아어문학과, 한문학과, 사학과, 철학과, 문헌정보학과",,,,,,,,,,,,,,,,
38,"전공예약
(인문과학
계열)",유학·동양학과,12,,,,,,,,,,,,,,,,,
38,,국어국문학과,12,,,,,,,,,,,,,,,,,
38,,한문학과,12,,,,,,,,,,,,,,,,,
38,,사학과,12,,,,,,,,,,,,,,,,,
38,,철학과,12,,,,,,,,,,,,,,,,,
38,사회과학계열,,20,"행정학과, 정치외교학과, 미디어커뮤니케이션학과, 사회학과, 사회복지학과, 심리학과, 
소비자학과, 아동·청소년학과, 경제학과, 통계학과",,,,,,,,,,,,,,,,
38,"전공예약
(사회과학
계열)",사회학과,12,,,,,,,,,,,,,,,,,
38,,사회복지학과,12,,,,,,,,,,,,,,,,,
38,,심리학과,12,,,,,,,,,,,,,,,,,
38,,아동·청소년학과,12,,,,,,,,,,,,,,,,,
38,,통계학과,12,,,,,,,,,,,,,,,,,
38,경영학과,,12,,,,,,,,,,,,,,,,,
38,글로벌리더학부,,10,,,,,,,,,,,,,,,,,
38,글로벌경제학과,,10,,,,,,,,,,,,,,,,,
38,글로벌경영학과,,10,,,,,,,,,,,,,,,,,
38,"교육학과
한문교육과
사범
대학
수학교육과
컴퓨터교육과",,5,,,,,,,,,,,,,,,,,
38,,,5,,,,,,,,,,,,,,,,,
38,,,5,,,,,,,,,,,,,,,,,
38,,,5,,,,,,,,,,,,,,,,,
38,영상학과,,5,,,,,,,,,,,,,,,,,
38,의상학과,,5,,,,,,,,,,,,,,,,,
38,자연과학계열,,15,"생명과학과, 수학과, 물리학과, 화학과, 식품생명공학과, 바이오메카트로닉스학과, 융합생명공학과",,,,,,,,,,,,,,,,
38,"생명과학과
전공예약
수학과
(자연과학
물리학과
계열)
화학과",,7,,,,,,,,,,,,,,,,,
38,,,7,,,,,,,,,,,,,,,,,
38,,,7,,,,,,,,,,,,,,,,,
38,,,7,,,,,,,,,,,,,,,,,
38,전자전기공학부,,10,,,,,,,,,,,,,,,,,
38,공학계열,,40,"화학공학부, 신소재공학부, 기계공학부, 건설환경공학부, 시스템경영공학과, 나노공학과",,,,,,,,,,,,,,,,
38,"전공예약
건설환경공학부
(공학계열)",,15,,,,,,,,,,,,,,,,,
38,소프트웨어학과,,10,,,,,,,,,,,,,,,,,
38,배터리학과,,5,,,,,,,,,,,,,,,,,
38,글로벌바이오메디컬공학과,,5,,,,,,,,,,,,,,,,,
38,반도체융합공학과,,7,,,,,,,,,,,,,,,,,
38,에너지학과,,7,,,,,,,,,,,,,,,,,
38,바이오신약·규제과학과,,5,,,,,,,,,,,,,,,,,
38,건축학과 (5년제),,17,,,,,,,,,,,,,,,,,
38,합계,,416,,,,,,,,,,,,,,,,,
39,전형요소	및	반영비율	(%),"학생부 (교과) 100
정량평가(공통과목	및	일반선택과목)
정성평가(전체	과목	및	출결	상황)
A군
B군
70
10
20",,,,,,,,,,,,,,,,,,
39,전형총점,"1,000",,,,,,,,,,,,,,,,,,
39,평가방법,「5. 학교생활기록부 평가방법」 참조,,,,,,,,,,,,,,,,,,
39,수능	필수응시영역,"전	모집단위:	국어, 수학, 영어, 탐구 (직업탐구 불가), 한국사
※ 탐구영역은 반드시 2개 과목을 응시해야 함",,,,,,,,,,,,,,,,,,
39,수능	최저학력기준,"인문과학계열	(전공예약	포함),	사회과학계열	(전공예약	포함), 
경영학과,	사범대학,	영상학과,	의상학과,	
자연과학계열	(전공예약	포함),	전자전기공학부,	
공학계열,	건설환경공학부,	건축학과	(5년제)
자유전공계열,	글로벌리더학부,	글로벌경제학과,
글로벌경영학과,	소프트웨어학과,	반도체융합공학과,	
글로벌바이오메디컬공학과,	에너지학과,	배터리학과,	
바이오신약·규제과학과
※ 제2외국어/한문을 탐구영역 1개 과목으로 대체 가능","국어, 수학, 영어, 탐구, 탐구 
5개 영역/과목 중
3개 등급합 7등급 이내
국어, 수학, 영어, 탐구, 탐구 
5개 영역/과목 중
3개 등급합 6등급 이내",,,,,,,,,,,,,,,,,
39,,,,,,,,,,,,,,,,,,,,
39,,,,,,,,,,,,,,,,,,,,
39,,,,,,,,,,,,,,,,,,,,
39,선발방법,"수능 최저학력기준 충족자를 대상으로 학생부 정량평가 및 정성평가 성적 합산 총점 순으로 최종합격자를 
선발함",,,,,,,,,,,,,,,,,,
39,동점자처리방법,"① 학생부 정량평가 A군 평가점수 상위자
② 학생부 과목별 석차등급 상위자 (수학 ＞ 국어 ＞ 사회/과학 ＞ 영어 ＞ 한국사)
③ 학생부 정성평가 학업수월성 점수 상위자",,,,,,,,,,,,,,,,,,
42,모집단위,모집인원,설치	학부/학과,,,,,,,,,,,,,,,,,
42,자유전공계열,15,"p.10, ‘[4] 광역 모집단위 설치 학부/학과 안내’ 참고",,,,,,,,,,,,,,,,,
42,글로벌융합학부,4,인공지능융합전공,,,,,,,,,,,,,,,,,
42,인문과학계열,38,"유학·동양학과, 국어국문학과, 영어영문학과, 프랑스어문학과, 중어중문학과, 
독어독문학과, 러시아어문학과, 한문학과, 사학과, 철학과, 문헌정보학과",,,,,,,,,,,,,,,,,
42,사회과학계열,40,"행정학과, 정치외교학과, 미디어커뮤니케이션학과, 사회학과, 사회복지학과, 
심리학과, 소비자학과, 아동·청소년학과, 경제학과, 통계학과",,,,,,,,,,,,,,,,,
42,경영학과,25,,,,,,,,,,,,,,,,,,
42,글로벌리더학부,10,,,,,,,,,,,,,,,,,,
42,글로벌경제학과,10,,,,,,,,,,,,,,,,,,
42,글로벌경영학과,10,,,,,,,,,,,,,,,,,,
42,자연과학계열,5,"생명과학과, 수학과, 물리학과, 화학과, 식품생명공학과, 
바이오메카트로닉스학과, 융합생명공학과",,,,,,,,,,,,,,,,,
42,전자전기공학부,5,,,,,,,,,,,,,,,,,,
42,공학계열,10,"화학공학부, 신소재공학부, 기계공학부, 건설환경공학부, 시스템경영공학과, 나노공학과",,,,,,,,,,,,,,,,,
42,소프트웨어학과,5,,,,,,,,,,,,,,,,,,
42,건설환경공학부,5,,,,,,,,,,,,,,,,,,
42,합계,182,,,,,,,,,,,,,,,,,,
43,전형요소	및	반영비율	(%),논술 100,,,,,,,,,,,,,,,,,,
43,전형총점,100,,,,,,,,,,,,,,,,,,
43,세부사항,「4. 논술시험 안내」참조,,,,,,,,,,,,,,,,,,
43,수능	필수응시영역,"전	모집단위:	국어, 수학, 영어, 탐구 (직탐 불가), 한국사
※ 탐구영역은 반드시 2개 과목을 응시해야 함",,,,,,,,,,,,,,,,,,
43,수능	최저학력기준,"글로벌융합학부,	인문과학계열,	사회과학계열,	경영학과,	
자연과학계열,	전자전기공학부,	공학계열,	건설환경공학부
자유전공계열,	글로벌리더학부,	글로벌경제학과,	
글로벌경영학과,	소프트웨어학과
※ 제2외국어/한문을 탐구영역 1개 과목으로 대체 가능
※   자연과학계열, 공학계열, 건설환경공학부, 전자전기공학부, 소프트웨어학과 모집단위의 경우 수능 최저학력기준에 
수학영역 의무 반영","국어, 수학, 영어, 탐구, 탐구 5개 영역/과목 중
3개 등급합 6등급 이내
국어, 수학, 영어, 탐구, 탐구 5개 영역/과목 중 
3개 등급합 5등급 이내",,,,,,,,,,,,,,,,,
43,,,,,,,,,,,,,,,,,,,,
43,,,,,,,,,,,,,,,,,,,,
43,,,,,,,,,,,,,,,,,,,,
43,선발방법,수능 최저학력기준 충족자를 대상으로 논술시험 성적 총점 순으로 최종합격자 선발,,,,,,,,,,,,,,,,,,
43,동점자처리방법,"①   논술 우선순위 문항 취득점수 상위자 
• 배점이 높은 문항 ＞ 배점이 동일한 경우 문제 번호가 빠른 문항
②   학생부 과목별 석차등급 상위자 
• 수학 ＞ 국어 ＞ 사회/과학 ＞ 영어 ＞ 한국사
※   비교내신	대상자는	논술시험	성적에	의한	비교내신	등급	적용 
(2021년 2월 이전 졸업자 (고교졸업 후 5년 이상 경과자), 검정고시 출신자, 해외고 졸업자, 반영 교과성적 (석차등급)이 없는 자 등)",,,,,,,,,,,,,,,,,,
43,제출서류,"• 없음
※   단, 비교내신 대상자 중 학생부 온라인제공 불가자 (미동의자 등)는 원서접수시 온라인으로 입학원서 및 학생부 (대입
전형용)를 제출해야 합니다.(p.12 ‘7.서류제출’ 참조, 미제출 시 평가에 불이익이 있을 수 있음)",,,,,,,,,,,,,,,,,,
44,시험장	발표,2025. 10. 28.(화) 우리대학 입학안내 홈페이지 (https://admission.skku.edu),,,,,,,,,,,,,,,,,,
44,논술시험,2025. 11. 15.(토),,,,,,,,,,,,,,,,,,
44,시험형식,"논술
100분
평가시간",,,,,,,,,,,,,,,,,,
44,시험내용,"국어, 사회 (역사/도덕 포함), 한국사 – 3문제",,,,,,,,,,,,,,,,,,
44,준비물,"수험표, 신분증, 필기구 등 (수험생 안내사항 (추후 공지 예정) 참조)",,,,,,,,,,,,,,,,,,
44,구분,시간,모집단위,시험장소,,,,,,,,,,,,,,,,
44,1교시,"8:30 ~ 10:10
(08:00 입실완료)","자유전공계열,
글로벌경제학과, 글로벌리더학부, 사회과학계열,
건설환경공학부, 공학계열, 전자전기공학부","인문사회과학캠퍼스 (서울) 또는
자연과학캠퍼스 (수원)
<개인별 시험장 발표>
▶ 2025. 10. 28.(화)
우리대학 입학안내 홈페이지
(https://admission.skku.edu)",,,,,,,,,,,,,,,,
44,2교시,"13:00 ~ 14:40
(12:30 입실완료)","인문과학계열, 경영학과, 글로벌경영학과, 
글로벌융합학부, 자연과학계열, 소프트웨어학과",,,,,,,,,,,,,,,,,
45,모집단위,모집인원,설치	학부/학과,,,,,,,,,,,,,,,,,
45,자유전공계열,15,"p.10, ‘[4] 광역 모집단위 설치 학부/학과 안내’ 참고",,,,,,,,,,,,,,,,,
45,글로벌융합학부,4,인공지능융합전공,,,,,,,,,,,,,,,,,
45,사회과학계열,5,"행정학과, 정치외교학과, 미디어커뮤니케이션학과, 사회학과, 사회복지학과, 심리학과, 
소비자학과, 아동·청소년학과, 경제학과, 통계학과",,,,,,,,,,,,,,,,,
45,경영학과,5,,,,,,,,,,,,,,,,,,
45,글로벌리더학부,5,,,,,,,,,,,,,,,,,,
45,글로벌경제학과,5,,,,,,,,,,,,,,,,,,
45,글로벌경영학과,5,,,,,,,,,,,,,,,,,,
45,자연과학계열,25,"생명과학과, 수학과, 물리학과, 화학과, 식품생명공학과, 
바이오메카트로닉스학과, 융합생명공학과",,,,,,,,,,,,,,,,,
45,전자전기공학부,25,,,,,,,,,,,,,,,,,,
45,공학계열,45,"화학공학부, 신소재공학부, 기계공학부, 건설환경공학부, 시스템경영공학과, 나노공학과",,,,,,,,,,,,,,,,,
45,소프트웨어학과,10,,,,,,,,,,,,,,,,,,
45,반도체시스템공학과,10,,,,,,,,,,,,,,,,,,
45,지능형소프트웨어학과,5,,,,,,,,,,,,,,,,,,
45,글로벌바이오메디컬공학과,10,,,,,,,,,,,,,,,,,,
45,반도체융합공학과,5,,,,,,,,,,,,,,,,,,
45,에너지학과,5,,,,,,,,,,,,,,,,,,
45,약학과,5,,,,,,,,,,,,,,,,,,
45,의예과,5,,,,,,,,,,,,,,,,,,
45,건설환경공학부,10,,,,,,,,,,,,,,,,,,
45,합		계,204,,,,,,,,,,,,,,,,,,
46,전형요소	및	반영비율	(%),논술 100,,,,,,,,,,,,,,,,,,
46,전형총점,100,,,,,,,,,,,,,,,,,,
46,세부사항,「4. 논술시험 안내」참조,,,,,,,,,,,,,,,,,,
46,수능	필수응시영역,"전	모집단위:	국어, 수학, 영어, 탐구 (직탐 불가), 한국사
※ 탐구영역은 반드시 2개 과목을 응시해야 함",,,,,,,,,,,,,,,,,,
46,수능	최저학력기준,"글로벌융합학부,	사회과학계열,	경영학과,	자연과학계열,	
전자전기공학부,	공학계열,	건설환경공학부
자유전공계열,	글로벌리더학부,	글로벌경제학과,	
글로벌경영학과,	반도체시스템공학과,	소프트웨어학과,
글로벌바이오메디컬공학과,	지능형소프트웨어학과,	
약학과,	반도체융합공학과,	에너지학과
의예과
※ 제2외국어/한문을 탐구영역 1개 과목으로 대체 가능 (의예과 모집단위는 해당하지 않음)","국어, 수학, 영어, 탐구, 탐구 5개 영역/과목 중
3개 등급합 6등급 이내
국어, 수학, 영어, 탐구, 탐구 5개 영역/과목 중 
3개 등급합 5등급 이내
국어, 수학, 영어, 탐구(2개 과목 평균)
4개 영역 중 3개 등급합 4등급 이내",,,,,,,,,,,,,,,,,
46,,,,,,,,,,,,,,,,,,,,
46,,,,,,,,,,,,,,,,,,,,
46,,,,,,,,,,,,,,,,,,,,
46,,,,,,,,,,,,,,,,,,,,
46,선발방법,수능 최저학력기준 충족자를 대상으로 논술시험 성적 총점 순으로 최종합격자 선발,,,,,,,,,,,,,,,,,,
46,동점자처리방법,"①   논술 우선순위 문항 취득점수 상위자 
• 배점이 높은 문항 ＞ 배점이 동일한 경우 문제 번호가 빠른 문항
②   학생부 과목별 석차등급 상위자 
• 수학 ＞ 국어 ＞ 사회/과학 ＞ 영어 ＞ 한국사
※   비교내신	대상자는	논술시험	성적에	의한	비교내신	등급	적용 
(2021년 2월 이전 졸업자 (고교졸업 후 5년 이상 경과자), 검정고시 출신자, 해외고 졸업자, 반영 교과성적 (석차등급)이 없는 자 등)",,,,,,,,,,,,,,,,,,
46,제출서류,"• 없음
※   단, 비교내신 대상자 중 학생부 온라인제공 불가자 (미동의자 등)는 원서접수시 온라인으로 입학원서 및 학생부 (대입
전형용)를 제출해야 합니다.(p.12 ‘7.서류제출’ 참조, 미제출 시 평가에 불이익이 있을 수 있음)",,,,,,,,,,,,,,,,,,
47,시험장	발표,2025. 10. 28.(화) 우리대학 입학안내 홈페이지 (https://admission.skku.edu),,,,,,,,,,,,,,,,,,
47,논술시험,2025. 11. 16.(일),,,,,,,,,,,,,,,,,,
47,시험형식,"논술
100분
평가시간",,,,,,,,,,,,,,,,,,
47,시험내용,"수학, 수학Ⅰ, 수학Ⅱ – 3문제",,,,,,,,,,,,,,,,,,
47,준비물,"수험표, 신분증, 필기구 등 (수험생 안내사항 (추후 공지 예정) 참조)",,,,,,,,,,,,,,,,,,
47,구분,시간,모집단위,시험장소,,,,,,,,,,,,,,,,
47,1교시,"8:30 ~ 10:10
(08:00 입실완료)","글로벌경제학과, 글로벌리더학부, 사회과학계열,
글로벌융합학부, 건설환경공학부,
글로벌바이오메디컬공학과, 반도체시스템공학과,
반도체융합공학과, 소프트웨어학과,
에너지학과, 지능형소프트웨어학과","인문사회과학캠퍼스 (서울) 또는
자연과학캠퍼스 (수원)
<개인별 시험장 발표>
▶ 2025. 10. 28.(화)
우리대학 입학안내 홈페이지
(https://admission.skku.edu)",,,,,,,,,,,,,,,,
47,2교시,"13:00 ~ 14:40
(12:30 입실완료)","자연과학계열, 공학계열, 전자전기공학부",,,,,,,,,,,,,,,,,
47,3교시,"17:00 ~ 18:40
(16:30 입실완료)","자유전공계열, 경영학과, 글로벌경영학과,
약학과, 의예과",,,,,,,,,,,,,,,,,
48,모집단위,모집인원,설치	학부/학과,,,,,,,,,,,,,,,,,
48,영상학과,5,,,,,,,,,,,,,,,,,,
48,스포츠과학과,18,,,,,,,,,,,,,,,,,,
48,합계,23,,,,,,,,,,,,,,,,,,
48,지원자격,"•  고교졸업 (예정)자* 또는 관련 법령에 의하여 이와 동등 이상의 학력이 있다고 인정된 자로서 영상관련 자질과 역량을 갖춘 자
*2026년 2월 2학년 수료예정자 중 상급학교 조기입학 자격 부여자 (상급학교 진학대상자) 포함",,,,,,,,,,,,,,,,,,
48,선발방법,"•  전형요소 및 반영비율 (%)
① 1단계: 서류 100
② 2단계: 1단계 성적 40 + 면접시험 60
•  전형총점: 1,000
•  평가/선발방법
① 1단계:   서류 (학생부, 활동증빙자료 (선택))를 종합적으로 정성평가하여 서류평가 총점 순으로 2단계 면접 대상자 선발 (3배수 내외)
② 2단계:   면접시험 응시자 중에서 1단계 성적과 면접/실기시험 평가점수의 합산 총점 순으로 최종합격자 선발
•  수능 필수응시영역 및 최저학력기준: 없음",,,,,,,,,,,,,,,,,,
48,"동점자
처리방법","① 면접시험 평가점수 상위자
② 서류평가 우선순위 영역* 평가점수 상위자
*우선순위 영역: 학업역량 ＞ 탐구역량 ＞ 잠재역량",,,,,,,,,,,,,,,,,,
48,면접시험,"•  대상자 (1단계 합격자) 발표: 2025. 10. 14.(화), 입학안내 홈페이지 (https://admission.skku.edu) 공지
•  시험 일시: 2025. 10. 18.(토)
•  시험 내용
- 영상 특기자로서의 자질 및 능력 평가/15분 내외
- 제시문 (또는 사진)이 주어지고, 그에 맞는 이야기 혹은 시각적 스토리텔링의 구성 능력 평가가 포함될 수 있음
•  준비물: 수험표, 신분증, 필기구 등 (수험생 안내사항 (추후 공지 예정) 참조)",,,,,,,,,,,,,,,,,,
48,제출서류,"•  입학원서 - 지정된 서식으로 온라인 입력 및 저장 (서면제출 불가)
※ 입학원서의 경우 활동 증빙자료 등 별도 서류 (자료) 제출 시에만 온라인 업로드
•  활동증빙자료 (선택) - 전공 분야 관련 교내/외 수상실적 등 <서식 6> 「활동 증빙자료 목록표」 온라인 업로드",,,,,,,,,,,,,,,,,,
49,종목	(성별),,선발인원,포지션	(선발인원),,,,,,,,,,,,,,,,
49,"단체
종목",야구 (남),5,"투수 1명, 내야수 (유격수) 2명, 외야수 (중견수) 1명, 포수 1명",,,,,,,,,,,,,,,,
49,,축구 (남),5,"공격수 2명, 수비수 3명",,,,,,,,,,,,,,,,
49,,농구 (남),3,"가드 1명, 포워드 1명, 센터 1명",,,,,,,,,,,,,,,,
49,,배구 (남),3,"미들블로커 1명, 리베로 1명, 아웃사이더 히터 1명",,,,,,,,,,,,,,,,
49,"개인
종목",골프 (남/여),2,,,,,,,,,,,,,,,,,
49,지원자격,"•  고교졸업 (예정)자* 또는 관련 법령에 의하여 이와 동등 이상의 학력이 있다고 인정된 자 중 아래 기준을 충족하는 자
*2026년 2월 2학년 수료예정자 중 상급학교 조기입학 자격 부여자 (상급학교 진학대상자) 포함
•  입학 후 우리대학 소속으로 대회출전이 가능하고 선수생활과 학교생활을 자기주도적으로 행할 수  
있는 역량을 갖춘 자로서, 종목별 협회 (연맹) 또는 산하단체에서 발급하는 증명서를 제출한 자
① 경기실적증명서 (필수)
② 경기출전기록표 (선택)
③ 수상실적 또는 기타 증빙자료 (선택)
※   1) 경기실적은 고교 재학기간 중 실적에 한하며, 검정고시 합격자는 2023년 3월 이후 실적만 인정함 
2) 농구 및 배구 종목 지원자는 경기출전기록표 제출 필수 (농구-개인기록증명서, 배구-경기기록표)
•  종목별	선발인원	및	지원가능	성별	
종목	(성별)
단체
종목
개인
종목
※   1) 체육특기자 심사위원회에서 기량이 현저히 부족하다고 판단할 경우 상기 종목별 선발인원과 관계없이 선발하지 않을 수 있음 
2) 지원자의 포지션이 모집하는 포지션과 다를 경우 불이익이 있을 수 있음",야구 (남),"선발인원
5","포지션	(선발인원)
투수 1명, 내야수 (유격수) 2명, 외야수 (중견수) 1명, 포수 1명",,,,,,,,,,,,,,,
49,,,,,,,,,,,,,,,,,,,,
49,,,,,,,,,,,,,,,,,,,,
49,,,축구 (남),5,"공격수 2명, 수비수 3명",,,,,,,,,,,,,,,
49,,,농구 (남),3,"가드 1명, 포워드 1명, 센터 1명",,,,,,,,,,,,,,,
49,,,"배구 (남)
골프 (남/여)","3
2","미들블로커 1명, 리베로 1명, 아웃사이더 히터 1명",,,,,,,,,,,,,,,
49,,,,,,,,,,,,,,,,,,,,
49,,,,,,,,,,,,,,,,,,,,
49,선발방법,"•  전형요소 및 반영비율(%) 
① 1단계: 서류 100 
② 2단계: 1단계 성적 70 + 면접시험 30
•  전형총점: 1,000
•  평가/선발방법
① 1단계:   서류(학생부, 경기실적증명서(필수), 활동증빙자료(선택))를 종합적으로 정성평가※하여 서류평가 총점 순으로 
2단계 면접 대상자 선발(5배수 내외)
② 2단계: 면접시험 응시자 중에서 1단계 성적과 면접시험 평가점수의 합산 총점 순으로 최종합격자 선발
※ 학업역량 40 + 탐구역량(경기실적) 40 + 잠재역량 20, 탐구역량의 경우 경기실적평가기준(p.74 부록1)에 따라 정량 평가",,,,,,,,,,,,,,,,,,
49,"동점자
처리방법","① 면접시험 평가점수 상위자
② 서류평가 우선순위 영역* 평가점수 상위자
*우선순위 영역: 학업역량 ＞ 탐구역량 ＞ 잠재역량",,,,,,,,,,,,,,,,,,
49,최저학력기준,"아래 ①, ②, ③, ④ 기준 중 하나를 충족하는 자
①   국내 고등학교 졸업 (예정)자는 다음 두 가지 기준 중 하나를 충족하는 자
-   원점수, 평균, 표준편차가 제공되는 과목의 각 원점수가 각 해당 과목 평균의 50% 이상인 이수단위의 합이 모든 이수
과목 (원점수, 평균, 표준편차 제공) 학점 (이수 단위) 합의 25% 이상
-   교과등급 6등급 이내, 성취도 B(3단계 평가) 혹은 보통 이상, 성취도 D(5단계 평가) 이상인 학점 (이수 단위) 합이 해당 
이수과목 학점 (이수 단위) 합의 25% 이상
② 해외고교를 졸업하거나 졸업예정인 경우 다음 세 가지 기준 중 하나를 충족하는 자
-   고교 성적 중 C+ 이상인 과목 5개 이상
-   고교 성적 중 B+ 이상인 과목 3개 이상
-   위 두 가지 기준에 상응하는 등급 혹은 점수의 과목 이수
③ 검정고시 출신자: 검정고시 합격자는 최저학력기준 충족으로 간주
④   2026학년도 대학수학능력시험에 응시하고 국어, 수학, 영어, 탐구, 탐구, 한국사 중 상위등급 2개 과목의 평균등급이 
7등급 이내인 자
※ 국내고와 해외고를 중복하여 이수한 경우 위 ①, ②의 기준을 종합하여 충족여부 판단",,,,,,,,,,,,,,,,,,
51,모집단위,,모집인원,설치	학부/학과,,,,,,,,,,,,,,,,
51,연기예술학과,연기,20,,,,,,,,,,,,,,,,,
51,,연출,10,,,,,,,,,,,,,,,,,
51,무용학과,한국무용,13,,,,,,,,,,,,,,,,,
51,,발레,12,,,,,,,,,,,,,,,,,
51,,컨템포러리댄스,12,,,,,,,,,,,,,,,,,
51,스포츠과학과,,16,,,,,,,,,,,,,,,,,
51,합계,,83,,,,,,,,,,,,,,,,,
52,지원자격,"•  고교졸업 (예정)자* 또는 관련 법령에 의하여 이와 동등 이상의 학력이 있다고 인정된 자 중 연기자로서 자질과 역량을 갖춘 자
*2026년 2월 2학년 수료예정자 중 상급학교 조기입학 자격 부여자 (상급학교 진학대상자) 포함",,,,,,,,,,,,,,,,,,
52,선발방법,"•  전형요소 및 반영비율 (%)
① 1단계: 실기시험 (기초연기역량평가) 100
② 2단계: 학생부 40 + 실기시험 (전공적성평가) 60
•  전형총점: 1,000
•  평가/선발방법
① 1단계: 지원자 전원 실기 평가 후 평가 대상자 (모집인원의 6배수 내외) 선발
② 2단계:   2단계 평가 실기시험 응시자 중에서 2단계 실기시험 평가점수와 학생부 평가점수의 합산 총점 순으로 최종
합격자 선발
•  수능 최저학력기준 및 필수응시영역: 없음",,,,,,,,,,,,,,,,,,
52,"동점자
처리방법","① 실기시험 평가점수 상위자
② 학생부평가 우선순위 영역* 평가점수 상위자
*우선순위 영역: 학업역량 ＞ 탐구역량 ＞ 잠재역량",,,,,,,,,,,,,,,,,,
52,실기시험,"•  연기자로서의 자질 및 능력을 보여줄 수 있는 연기 실연
•  1단계 (기초연기역량평가/지원자 전원)
- 시험 일자: 2025. 9. 25.(목) ~ 9. 28.(일)
- 시험장 및 시험시간 발표: 2025. 9. 23.(화), 입학안내 홈페이지 (https://admission.skku.edu) 공지
- 시험 내용: 각자 준비한 자유연기 실연 (간단한 인터뷰를 실시할 수 있음)/2분 이내
•  2단계 (전공적성평가/1단계 합격자)
- 시험 일자: 2025. 10. 11.(토) ~ 10. 12.(일)
- 시험장 및 대상자 발표: 2025. 9. 30.(화), 입학안내 홈페이지 (https://admission.skku.edu) 공지
- 시험 내용:   시험 당일 주어지는 대사를 연기와 함께 실연, 특기 실연 5분 내외 
(간단한 즉흥연기나 질의응답 등이 진행될 수 있음) 
•  준비물: 수험표, 신분증, 실기시험 수행이 가능한 복장 등 (수험생 안내사항 (추후 공지 예정) 참조)
•  유의사항
- 단계별 시험 일자 및 시간은 수험생별 상이하며, 지정된 일시에 응시하지 않을 경우 결시 (불합격) 처리됨
- 수험생별 시험 일자 및 시간은 무작위로 배정될 수 있음
- 연기 실연 1분 후 평가위원이 중지를 명할 수 있음
- 특수한 의상, 분장, 소품, 장신구 (귀걸이, 목걸이, 팔찌 등) 등 일절 불허
- 의상은 간편한 평상복 (연습복, 트레이닝복 가능/레오타드, 풀치마 불가능)을 착용
- 실기시험 진행 시 맨발 또는 재즈화 착용 가능 (하이힐, 부츠 등의 굽이 높은 신발 착용 금지)
- 기본 메이크업만 허용함 (마스카라, 립스틱 및 과도한 메이크업/헤어스타일 금지)
-   2단계 (전공적성평가)의 특기 발표 시 음향 또는 음악 사용 가능하며 (개인준비), 이때 필요한 음향 또는 음악은 USB에 재생
가능한 형식 (MP3 등)의 파일로 저장하여 시험당일에 제출
※ 음악파일 제출 전 음향기기에서 작동되는지 확인 필수 (미작동 시 본인책임)",,,,,,,,,,,,,,,,,,
52,제출서류,•  없음,,,,,,,,,,,,,,,,,,
53,구분,"학교생활
기록부",면접/실기,,합계,,,,,,,,,,,,,,,
53,,,실기	(기초연출역량평가),면접	(전공적성평가),,,,,,,,,,,,,,,,
53,2단계,"40
(1단계 성적)",30,30,100,,,,,,,,,,,,,,,
53,,,"작문능력 평가 등  
연출 관련 기본 소양 평가","심층면접 
(연출가로서의 자질과 역량 평가)",,,,,,,,,,,,,,,,
53,지원자격,"•  고교졸업 (예정)자* 또는 관련 법령에 의하여 이와 동등 이상의 학력이 있다고 인정된 자 중 연출가로서 자질과 역량을 갖춘 자
*2026년 2월 2학년 수료예정자 중 상급학교 조기입학 자격 부여자 (상급학교 진학대상자) 포함",,,,,,,,,,,,,,,,,,
53,선발방법,"•  전형요소 및 반영비율 (%)
① 1단계: 학생부 100
② 2단계: 1단계 성적 40 + 면접/실기시험 60
•  전형총점: 1,000
•  평가/선발방법
① 1단계: 학생부평가 평가 총점 순으로 면접/실기 대상자 선발 (5배수 내외)
② 2단계: 면접/실기시험 응시자 중에서 1단계 성적과 면접/실기시험 평가점수의 합산 총점 순으로 최종합격자 선발
•  수능 최저학력기준 및 필수응시영역: 없음",,,,,,,,,,,,,,,,,,
53,"동점자
처리방법","① 면접/실기시험 평가점수 상위자
② 학생부평가 우선순위 영역* 평가점수 상위자
*우선순위 영역: 학업역량 ＞ 탐구역량 ＞ 잠재역량",,,,,,,,,,,,,,,,,,
53,실기시험,"•  대상자 (1단계 합격자) 발표: 2025. 10. 14.(화), 입학안내 홈페이지 (https://admission.skku.edu) 공지
•  시험 일시
① 실기시험: 2025. 10. 18.(토)
② 면접시험: 2025. 10. 19.(일)
•  시험 내용
구분
2단계
•  준비물: 수험표, 신분증, 필기구 등 (수험생 안내사항 (추후 공지 예정) 참조)","학교생활
기록부
40
(1단계 성적)",면접/실기,,"합계
100",,,,,,,,,,,,,,
53,,,,,,,,,,,,,,,,,,,,
53,,,,"실기	(기초연출역량평가)
30","면접	(전공적성평가)
30",,,,,,,,,,,,,,,
53,,,,,,,,,,,,,,,,,,,,
53,,,,"작문능력 평가 등  
연출 관련 기본 소양 평가","심층면접 
(연출가로서의 자질과 역량 평가)",,,,,,,,,,,,,,,
53,,,,,,,,,,,,,,,,,,,,
53,제출서류,•  없음,,,,,,,,,,,,,,,,,,
54,구분,"한국무용
발레
컨템포러리댄스합계",,,,,,,,,,,,,,,,,,
54,기초실기,"동작 구성 및 음악은 우리대학 (무용학과)에서 준비하며,
우리대학 입학안내 홈페이지 (https://admission.skku.edu)에 별도 공지",,,,,,,,,,,,,,,,,,
54,전공실기,,,,,,,,,,,,,,,,,,,
54,"A
부전공 실기*
B","발레
한국무용
한국무용
컨템포러리댄스
컨템포러리댄스
발레",,,,,,,,,,,,,,,,,,
54,,,,,,,,,,,,,,,,,,,,
54,구분,평가장	입실	인원*,소요시간*,,,,,,,,,,,,,,,,,
54,기초실기,2명씩,4분 내외,,,,,,,,,,,,,,,,,
54,전공실기,2명씩,3분 내외,,,,,,,,,,,,,,,,,
54,"A
부전공 실기*
B",4명씩,4분 내외,,,,,,,,,,,,,,,,,
54,지원자격,"•  고교졸업 (예정)자* 또는 관련 법령에 의하여 이와 동등 이상의 학력이 있다고 인정된 자로서 무용 관련 자질과 역량을 갖춘 자
*2026년 2월 2학년 수료예정자 중 상급학교 조기입학 자격 부여자 (상급학교 진학대상자) 포함",,,,,,,,,,,,,,,,,,
54,선발방법,"•  전형요소 및 반영비율 (%)
- 일괄합산: 학생부 40 + 실기시험 60
실기
전형요소
학생부
기초/전공실기
부전공실기
반영비율
40
40
20
•  전형총점: 1,000
•  평가/선발방법
- 지원자 전원 실기시험 및 학생부 평가점수 합산 총점 순으로 최종합격자 선발
•  수능 최저학력기준 및 필수응시영역: 없음",,,,,,,,,,,,,,,,,,
54,"동점자
처리방법","① 실기시험 평가점수 상위자
② 학생부평가 우선순위 영역* 평가점수 상위자
*우선순위 영역: 학업역량 ＞ 탐구역량 ＞ 잠재역량",,,,,,,,,,,,,,,,,,
54,실기시험,"•  시험 일시: 2025. 9. 28.(일)
종목
비고
한국무용
오전
컨템포러리댄스/발레
오후
※ 시험 날짜 배정은 임의로 배정되며 날짜·시간·장소 변경 불가
•  실기시험 세부사항 
각 전공의 기초실기 및 전공실기와 부전공실기 A와 B(2종목), 총 4항목을 평가
구분
기초실기
전공실기
A
부전공 실기*
B
*부전공 실기동작은 각 전공에서 출제하는 기초실기 동작으로 평가
•  영상공개일정
① 기초실기: 시험 일주일 전
② 전공실기: 시험 하루 전 (24시간 전)
•  평가장 입실 인원 및 소요시간
구분
기초실기
전공실기
A
부전공 실기*
B
*평가장 입실 인원 및 소요시간은 지원자 수에 따라 조정될 수 있음
•  준비물: 수험표, 신분증, 전공별 복장 등 
(<부록2> 무용학과 전공실기 복장 안내 참조 (p.78), 수험생 안내사항 (추후 공지 예정) 참조)
•  유의사항: 아래의 사항에 해당하는 수험생은 무용 실기시험에 응시할 수 없음
-   얼굴에 화장을 한 경우, 머리모양을 단정히 위로 올리지 않은 경우 (여학생), 신체에 부착물을 착용한 경우, 지정 의상 
이외의 의상을 착용한 경우","한국무용
발레
컨템포러리댄스합계
동작 구성 및 음악은 우리대학 (무용학과)에서 준비하며,
우리대학 입학안내 홈페이지 (https://admission.skku.edu)에 별도 공지
발레
한국무용
한국무용
컨템포러리댄스
컨템포러리댄스
발레
평가장	입실	인원*
2명씩
2명씩
4명씩","소요시간*
4분 내외
3분 내외
4분 내외",,,,,,,,,,,,,,,,
54,,,,,,,,,,,,,,,,,,,,
54,,,,,,,,,,,,,,,,,,,,
54,,,,,,,,,,,,,,,,,,,,
54,,,,,,,,,,,,,,,,,,,,
54,,,,,,,,,,,,,,,,,,,,
54,,,,,,,,,,,,,,,,,,,,
54,,,,,,,,,,,,,,,,,,,,
54,,,,,,,,,,,,,,,,,,,,
54,,,,,,,,,,,,,,,,,,,,
54,,,,,,,,,,,,,,,,,,,,
54,,,,,,,,,,,,,,,,,,,,
54,제출서류,•  없음,,,,,,,,,,,,,,,,,,
55,구분,학생부,면접/실기,합계,,,,,,,,,,,,,,,,
55,,,"면접평가
실기평가",,,,,,,,,,,,,,,,,
55,"단체/개인
종목","20
(1단계 성적)","40
40",100,,,,,,,,,,,,,,,,
55,,,"스포츠과학 전공 이수 관련 
각 종목별 선택실기
기본 소양 평가",,,,,,,,,,,,,,,,,
55,구분,종목,실기시험	과목,,,,,,,,,,,,,,,,,
55,단체종목,야구 (남),포지션별 개인 운동능력 측정을 통한 경기력 평가,,,,,,,,,,,,,,,,,
55,,축구 (남),미니게임을 활용한 개인 운동능력측정을 통한 경기력 평가,,,,,,,,,,,,,,,,,
55,,농구 (남),,,,,,,,,,,,,,,,,,
55,,배구 (남),,,,,,,,,,,,,,,,,,
55,개인종목,육상 (남),"200m 달리기, 400m 달리기",,,,,,,,,,,,,,,,,
55,,검도 (남),대련 (경기기능),,,,,,,,,,,,,,,,,
55,,골프 (남/여),"드라이버, 아이언, 어프로치",,,,,,,,,,,,,,,,,
55,,탁구 (남/여),"스트로크, 쇼트, 서브, 리시브, 스매시, 드라이브 등",,,,,,,,,,,,,,,,,
55,,테니스 (남/여),"서브, 스트로크, 발리, 스매시, 로브 등",,,,,,,,,,,,,,,,,
55,,배드민턴 (남/여),"서브, 스트로크, 클리어, 스매시 등",,,,,,,,,,,,,,,,,
55,지원자격,"•  고교졸업 (예정)자* 또는 관련 법령에 의하여 이와 동등 이상의 학력이 있다고 인정된 자로서 스포츠과학 관련 자질과 
역량을 갖춘 자
*2026년 2월 2학년 수료예정자 중 상급학교 조기입학 자격 부여자 (상급학교 진학대상자) 포함
•  종목별 선발인원 및 지원가능 성별
종목	(성별)
선발인원
단체 종목
야구 (남), 축구 (남), 농구 (남), 배구 (남)
8
개인 종목
육상 (남), 검도 (남), 골프 (남/여), 탁구 (남/여), 테니스 (남/여), 배드민턴 (남/여)
8
※   1) 단체종목 세부 종목별 최소 1인 이상 선발 
2) 개인종목 세부 종목 별 최대 2인까지 선발 가능. 단, 적합자가 없는 개인종목의 경우 선발하지 않을 수 있음",,,,,,,,,,,,,,,,,,
55,선발방법,"•  전형요소 및 반영비율 (%)
- 단계별 평가기준
구분
학생부*
면접/실기
선발배수
1단계
100
-
세부 종목 별 최대 선발 인원의 3배수 내외
2단계
20(1단계 성적)
80
*학교생활기록부는 교과성적 및 출석일수를 포함하여, 학생부종합전형과 동일한 종합평가 시행
•  전형총점: 1,000",,,,,,,,,,,,,,,,,,
55,"동	점	자
처리방법","① 면접/실기시험 평가점수 상위자
② 학생부평가 우선순위 영역* 평가점수 상위자
*우선순위 영역: 학업역량 ＞ 탐구역량 ＞ 잠재역량",,,,,,,,,,,,,,,,,,
55,실기시험,"•  대상자 (1단계 합격자) 발표: 2025. 10. 21.(화), 입학안내 홈페이지 (https://admission.skku.edu) 공지
•  시험 일시: 2025. 10. 25.(토)
•  시험 내용
구분
단체/개인
종목
*부전공 실기동작은 각 전공에서 출제하는 기초실기 동작으로 평가
•  실기시험	세부사항
종목별 선택실기: 종목별 개인 운동능력 측정을 통한 종합 평가
※ 기상 상황 등에 따라 실기시험 과목 또는 운영방법은 일부 조정될 수 있음
•  평가장 입실 인원 및 소요시간
구분
단체종목
개인종목
*평가장 입실 인원 및 소요시간은 지원자 수에 따라 조정될 수 있음
•  준비물: 수험표, 신분증, 실기시험 수행이 가능한 복장 및 운동화 등 (수험생 안내사항 (추후 공지 예정) 참조)","학생부
20
(1단계 성적)
종목
야구 (남)",면접/실기,,"합계
100",,,,,,,,,,,,,,
55,,,,,,,,,,,,,,,,,,,,
55,,,,"면접평가
실기평가
40
40",,,,,,,,,,,,,,,,
55,,,,,,,,,,,,,,,,,,,,
55,,,,"스포츠과학 전공 이수 관련 
각 종목별 선택실기
기본 소양 평가","실기시험	과목
포지션별 개인 운동능력 측정을 통한 경기력 평가",,,,,,,,,,,,,,,
55,,,,,,,,,,,,,,,,,,,,
55,,,,,,,,,,,,,,,,,,,,
55,,,,,,,,,,,,,,,,,,,,
55,,,축구 (남),,"미니게임을 활용한 개인 운동능력측정을 통한 경기력 평가
200m 달리기, 400m 달리기",,,,,,,,,,,,,,,
55,,,농구 (남),,,,,,,,,,,,,,,,,
55,,,"배구 (남)
육상 (남)",,,,,,,,,,,,,,,,,
55,,,,,,,,,,,,,,,,,,,,
55,,,검도 (남),,대련 (경기기능),,,,,,,,,,,,,,,
55,,,골프 (남/여),,"드라이버, 아이언, 어프로치",,,,,,,,,,,,,,,
55,,,탁구 (남/여),,"스트로크, 쇼트, 서브, 리시브, 스매시, 드라이브 등",,,,,,,,,,,,,,,
55,,,테니스 (남/여),,"서브, 스트로크, 발리, 스매시, 로브 등",,,,,,,,,,,,,,,
55,,,배드민턴 (남/여),,"서브, 스트로크, 클리어, 스매시 등",,,,,,,,,,,,,,,
55,,,,,,,,,,,,,,,,,,,,
55,제출서류,"•  입학원서 - 지정된 서식으로 온라인 입력 및 저장(서면제출 불가)
※ 입학원서의 경우 실기능력 증빙자료 제출 시에만 온라인 업로드
•  실기능력 증빙자료(선택) -   지원한 실기 종목관련 고교내 활동 내용 
<서식 5> 「실기능력 증빙자료」 온라인 업로드",,,,,,,,,,,,,,,,,,
56,모집단위,모집인원,최대	선발가능인원,설치	학부/학과,,,,,,,,,,,,,,,,
56,인문과학계열,81,40,"유학·동양학과, 국어국문학과, 영어영문학과, 프랑스어문학과, 중어중문학과, 
독어독문학과, 러시아어문학과, 한문학과, 사학과, 철학과, 문헌정보학과",,,,,,,,,,,,,,,,
56,사회과학계열,,40,"행정학과, 정치외교학과, 미디어커뮤니케이션학과, 사회학과, 사회복지학과, 
심리학과, 소비자학과, 아동·청소년학과, 경제학과, 통계학과",,,,,,,,,,,,,,,,
56,경영학과,,18,,,,,,,,,,,,,,,,,
56,자연과학계열,,29,"생명과학과, 수학과, 물리학과, 화학과, 식품생명공학과, 
바이오메카트로닉스학과, 융합생명공학과",,,,,,,,,,,,,,,,
56,전자전기공학부,,17,,,,,,,,,,,,,,,,,
56,공학계열,,57,"화학공학부, 신소재공학부, 기계공학부, 건설환경공학부, 
시스템경영공학과, 나노공학과",,,,,,,,,,,,,,,,
56,소프트웨어학과,,8,,,,,,,,,,,,,,,,,
56,반도체융합공학과,,6,,,,,,,,,,,,,,,,,
56,에너지학과,,4,,,,,,,,,,,,,,,,,
56,양자정보공학과,,2,,,,,,,,,,,,,,,,,
56,바이오신약·규제과학과,,3,,,,,,,,,,,,,,,,,
56,합계,81,-,,,,,,,,,,,,,,,,,
57,전형요소	및	반영비율	(%),학생부 100,,,,,,,,,,,,,,,,,,
57,전형총점,"1,000",,,,,,,,,,,,,,,,,,
57,평가방법,학생부를 종합적으로 정성평가함,,,,,,,,,,,,,,,,,,
57,수능	필수응시영역,없음,,,,,,,,,,,,,,,,,,
57,수능	최저학력기준,,,,,,,,,,,,,,,,,,,
57,선발방법,"지원자격 충족자를 대상으로 학생부평가 총점 순으로 최종합격자 선발
※ 단, 모집단위별 최대 선발가능인원 내에서 통합 선발",,,,,,,,,,,,,,,,,,
57,동점자처리방법,학생부평가 우선순위 영역 평가점수 상위자 (부록3 학생부종합전형 서류평가 방법 참고),,,,,,,,,,,,,,,,,,
57,구분,,제출서류,,,,,,,,,,,,,,,,,
57,공통,(1) 지원자 전원,"① 입학원서
② <서식1> 농어촌학생 지원자격 확인서 1부
- 원서접수 사이트에서 온라인 업로드",,,,,,,,,,,,,,,,,
57,"지원
자격별",(2-1) 중·고등학교 (6년) 전교육과정 이수자,"① 중학교 학생부 1부
② 가족관계증명서 (지원자 기준) 1부
③   지원자 및 부모 (보호자) 모두의 주민등록표초본 (주민등록번호, 과거 주소
변동 사항 전체 및 날짜 모두 포함) 1부",,,,,,,,,,,,,,,,,
57,,(2-2) 초·중·고등학교 (12년) 전교육과정 이수자,"① 초등학교, 중학교 학생부 각 1부
②   지원자 주민등록표초본 (주민등록번호, 과거 주소변동 사항 전체 및 날짜 모두 
포함) 1부",,,,,,,,,,,,,,,,,
57,해당자,(3) (2-1) 중 가족관계 변동이 있는 자 (부·모 이혼),"① 기본증명서 (지원자 기준, 상세) 1부
② 혼인관계증명서 (친권이 있는 부모 기준, 상세) 1부",,,,,,,,,,,,,,,,,
57,,(4) (2-1) 중 가족관계 변동이 있는 자 (부·모 사망),① 기본증명서 또는 제적등본 1부 (사망한 부 또는 모 기준),,,,,,,,,,,,,,,,,
57,"최종
합격자",(5) (2-1) 중 고교졸업예정자,"① 고교졸업증명서 (고교졸업일 명시)
② 본인 및 부모의 주민등록표초본 (고교졸업일 이후~2026.2.28. 사이 발급본)",,,,,,,,,,,,,,,,,
57,,(6) (2-2) 중 고교졸업예정자,"① 고교졸업증명서 (고교졸업일 명시)
② 본인 주민등록표초본 (고교졸업일 이후~2026.2.28. 사이 발급본)",,,,,,,,,,,,,,,,,
58,모집단위,모집인원,최대	선발가능인원,설치	학부/학과,,,,,,,,,,,,,,,,
58,인문과학계열,25,25,"유학·동양학과, 국어국문학과, 영어영문학과, 프랑스어문학과, 중어중문학과, 
독어독문학과, 러시아어문학과, 한문학과, 사학과, 철학과, 문헌정보학과",,,,,,,,,,,,,,,,
58,사회과학계열,,25,"행정학과, 정치외교학과, 미디어커뮤니케이션학과, 사회학과, 사회복지학과, 
심리학과, 소비자학과, 아동·청소년학과, 경제학과, 통계학과",,,,,,,,,,,,,,,,
58,경영학과,,18,,,,,,,,,,,,,,,,,
58,자연과학계열,,25,"생명과학과, 수학과, 물리학과, 화학과, 식품생명공학과, 
바이오메카트로닉스학과, 융합생명공학과",,,,,,,,,,,,,,,,
58,전자전기공학부,,17,,,,,,,,,,,,,,,,,
58,공학계열,,25,"화학공학부, 신소재공학부, 기계공학부, 건설환경공학부, 
시스템경영공학과, 나노공학과",,,,,,,,,,,,,,,,
58,소프트웨어학과,,8,,,,,,,,,,,,,,,,,
58,합계,25,-,,,,,,,,,,,,,,,,,
58,모집단위,교육과정	총론의	기준	전문교과	(군),,,,,,,,,,,,,,,,,,
58,인문과학계열,"경영·금융, 보건·복지, 디자인·문화 콘텐츠, 미용·관광·레저, 음식 조리",,,,,,,,,,,,,,,,,,
58,사회과학계열,,,,,,,,,,,,,,,,,,,
58,경영학과,,,,,,,,,,,,,,,,,,,
58,자연과학계열,"보건·복지, 디자인·문화 콘텐츠, 음식 조리,
건설, 기계, 재료, 화학 공업, 섬유·의류, 전기·전자, 정보·통신, 식품 가공,
인쇄·출판·공예, 환경·안전, 농림·수산·해양, 선박 운항",,,,,,,,,,,,,,,,,,
58,전자전기공학부,,,,,,,,,,,,,,,,,,,
58,공학계열,,,,,,,,,,,,,,,,,,,
58,소프트웨어학과,,,,,,,,,,,,,,,,,,,
59,모집단위,교육과정	총론의	기준	전문교과	(군),,,,,,,,,,,,,,,,,,
59,,농생명	산업,공업,상업	정보,수산·해운,가사·실업,,,,,,,,,,,,,,
59,인문과학계열,-,-,○,-,○,,,,,,,,,,,,,,
59,사회과학계열,-,-,○,-,○,,,,,,,,,,,,,,
59,경영학과,-,-,○,-,-,,,,,,,,,,,,,,
59,자연과학계열,○,○,-,○,○,,,,,,,,,,,,,,
59,전자전기공학부,○,○,○,○,-,,,,,,,,,,,,,,
59,공학계열,○,○,-,○,-,,,,,,,,,,,,,,
59,소프트웨어학과,○,○,○,○,-,,,,,,,,,,,,,,
59,전형요소	및	반영비율	(%),학생부 100,,,,,,,,,,,,,,,,,,
59,전형총점,"1,000",,,,,,,,,,,,,,,,,,
59,평가방법,학생부를 종합적으로 정성평가함,,,,,,,,,,,,,,,,,,
59,수능	필수응시영역,없음,,,,,,,,,,,,,,,,,,
59,수능	최저학력기준,,,,,,,,,,,,,,,,,,,
59,선발방법,"지원자격 충족자를 대상으로 학생부평가 총점 순으로 최종합격자 선발
※ 단, 모집단위별 최대 선발가능인원 내에서 통합 선발",,,,,,,,,,,,,,,,,,
59,동점자처리방법,학생부평가 우선순위 영역 평가점수 상위자 (부록3 학생부종합전형 서류평가 방법 참고),,,,,,,,,,,,,,,,,,
60,모집단위,모집인원,최대	선발가능인원,설치	학부/학과,,,,,,,,,,,,,,,,
60,인문과학계열,55,55,"유학·동양학과, 국어국문학과, 영어영문학과, 프랑스어문학과, 중어중문학과, 
독어독문학과, 러시아어문학과, 한문학과, 사학과, 철학과, 문헌정보학과",,,,,,,,,,,,,,,,
60,사회과학계열,,55,"행정학과, 정치외교학과, 미디어커뮤니케이션학과, 사회학과, 사회복지학과, 
심리학과, 소비자학과, 아동·청소년학과, 경제학과, 통계학과",,,,,,,,,,,,,,,,
60,경영학과,,36,,,,,,,,,,,,,,,,,
60,자연과학계열,,55,"생명과학과, 수학과, 물리학과, 화학과, 식품생명공학과, 
바이오메카트로닉스학과, 융합생명공학과",,,,,,,,,,,,,,,,
60,전자전기공학부,,34,,,,,,,,,,,,,,,,,
60,공학계열,,55,"화학공학부, 신소재공학부, 기계공학부, 건설환경공학부, 
시스템경영공학과, 나노공학과",,,,,,,,,,,,,,,,
60,소프트웨어학과,,17,,,,,,,,,,,,,,,,,
60,반도체융합공학과,,13,,,,,,,,,,,,,,,,,
60,에너지학과,,9,,,,,,,,,,,,,,,,,
60,양자정보공학과,,5,,,,,,,,,,,,,,,,,
60,바이오신약·규제과학과,,6,,,,,,,,,,,,,,,,,
60,약학과,5,5,,,,,,,,,,,,,,,,,
60,합계,60,-,,,,,,,,,,,,,,,,,
61,전형요소	및	반영비율	(%),학생부 100,,,,,,,,,,,,,,,,,,
61,전형총점,"1,000",,,,,,,,,,,,,,,,,,
61,평가방법,학생부를 종합적으로 정성평가함,,,,,,,,,,,,,,,,,,
61,수능	필수응시영역,없음,,,,,,,,,,,,,,,,,,
61,수능	최저학력기준,,,,,,,,,,,,,,,,,,,
61,선발방법,"지원자격 충족자를 대상으로 학생부평가 총점 순으로 최종합격자 선발
※ 단,   ① 모집단위별 최대 선발 가능인원 내에서 통합 선발 (약학과 제외) 
② 약학과는 학과별 선발",,,,,,,,,,,,,,,,,,
61,동점자처리방법,학생부평가 우선순위 영역 평가점수 상위자 (부록3 학생부종합전형 서류평가 방법 참고),,,,,,,,,,,,,,,,,,
61,구분,,제출서류,,,,,,,,,,,,,,,,,
61,공통,(1) 지원자 전원,입학원서,,,,,,,,,,,,,,,,,
61,"지원
자격별","(2-1)   「국민기초생활보장법」 제2조 제1호 (수급권자),  
제2호 (수급자)","수급자 증명서 (지원자 기준) 1부
※	서류접수	시작일로부터	7일	이내	발급한	서류만	인정함",,,,,,,,,,,,,,,,,
61,,"(2-2)   「국민기초생활보장법」  제2조  제10호의  차상위
계층에 속하는 자로서 차상위 복지급여 (차상위 자활, 
차상위 장애수당, 차상위 장애인연금부가급여, 차상위 
건강보험본인부담금 경감) 중 하나 이상을 받고 있는 
가구의 학생 또는 차상위계층 확인사업 대상 가구  
(구 우선돌봄 차상위가구)의 학생","① 아래 해당 확인서 (증명서) 1부
-   시·군·구청장 또는 읍·면·동주민센터장이 발급하는 「자활근로자, 장애  
(아동)수당 대상자, 장애인연금 대상자, 차상위계층 확인서」
-   국민건강보험공단 이사장이 발행하는 「차상위 본인부담경감 대상자 
증명서」
※	서류접수	시작일로부터	7일	이내	발급한	서류만	인정함
② 가족관계증명서 (지원자 기준) 1부
③ 주민등록표등본 (지원자 기준) 1부",,,,,,,,,,,,,,,,,
61,,"(2-3)   「한부모가족지원법」 제5조 또는 제5조의2에 따른 
지원대상자","한부모가족증명서 (지원자 기준) 1부
※	서류접수	시작일로부터	7일	이내	발급한	서류만	인정함",,,,,,,,,,,,,,,,,
62,모집단위,,모집인원,설치	학부/학과,,,,,,,,,,,,,,,,
62,인문과학계열,,6,"유학·동양학과, 국어국문학과, 영어영문학과, 프랑스어문학과, 중어중문학과, 
독어독문학과, 러시아어문학과, 한문학과, 사학과, 철학과, 문헌정보학과",,,,,,,,,,,,,,,,
62,사회과학계열,,,"행정학과, 정치외교학과, 미디어커뮤니케이션학과, 사회학과, 사회복지학과, 
심리학과, 소비자학과, 아동·청소년학과, 경제학과, 통계학과",,,,,,,,,,,,,,,,
62,경영학과,,,,,,,,,,,,,,,,,,,
62,자연과학계열,,,"생명과학과, 수학과, 물리학과, 화학과, 식품생명공학과, 
바이오메카트로닉스학과, 융합생명공학과",,,,,,,,,,,,,,,,
62,전자전기공학부,,,,,,,,,,,,,,,,,,,
62,공학계열,,,"화학공학부, 신소재공학부, 기계공학부, 건설환경공학부, 
시스템경영공학과, 나노공학과",,,,,,,,,,,,,,,,
62,소프트웨어학과,,,,,,,,,,,,,,,,,,,
62,사범대학,교육학과,1,,,,,,,,,,,,,,,,,
62,,한문교육과,1,,,,,,,,,,,,,,,,,
62,,수학교육과,1,,,,,,,,,,,,,,,,,
62,,컴퓨터교육과,1,,,,,,,,,,,,,,,,,
62,합계,,10,,,,,,,,,,,,,,,,,
63,전형요소	및	반영비율	(%),학생부 100,,,,,,,,,,,,,,,,,,
63,전형총점,"1,000",,,,,,,,,,,,,,,,,,
63,평가방법,학생부를 종합적으로 정성평가함,,,,,,,,,,,,,,,,,,
63,수능	필수응시영역,없음,,,,,,,,,,,,,,,,,,
63,수능	최저학력기준,,,,,,,,,,,,,,,,,,,
63,선발방법,"지원자격 충족자를 대상으로 학생부평가 총점 순으로 최종합격자 선발
※ 단,   ① 모집단위별 최대 선발가능인원 내에서 통합 선발 (사범대학 제외) 
② 사범대학은 학과별 선발",,,,,,,,,,,,,,,,,,
63,동점자처리방법,학생부평가 우선순위 영역 평가점수 상위자 (부록3 학생부종합전형 서류평가 방법 참고),,,,,,,,,,,,,,,,,,
63,구분,,제출서류,,,,,,,,,,,,,,,,,
63,공통,(1) 지원자 전원,"① 입학원서
② 아래 서류 중 1개 이상 제출 (최근 1개월 이내 발급)
 
- 장애인증명서 1부 
 
- 특수교육 대상자 증명서 (배치 결과통지서 등) 1부
 
-   상이정도가 명시된 국가보훈대상자 (국가유공자 등) 증명서 (지원자 기준) 1부",,,,,,,,,,,,,,,,,
64,모집단위,모집인원,설치	학부/학과,,,,,,,,,,,,,,,,,
64,"AI융합운영
응용 AI 융합학부
산업인공지능","95
95",,,,,,,,,,,,,,,,,,
64,,,,,,,,,,,,,,,,,,,,
64,합계,190,,,,,,,,,,,,,,,,,,
64,구분,세부사항,,,,,,,,,,,,,,,,,,
64,"산업체
적용범위","① 국가·지방자치단체 및 공공단체 (소속 직원의 경우) 
② 「근로기준법」 제11조에 의거 상시근로자 5인 (사업주 포함) 이상 사업체
③ 4대보험 중 1개 이상 가입 사업체 (창업·자영업자 포함)
④   4대보험 가입대상 사업체가 아닌 1차 산업 종사자는 국가·지방자치단체가 발급하는 공적증명서 (농지원부 등본 등)를 통해 확인
되는 경우 인정함
⑤ 4대보험 미가입 영세창업/자영업자는 사업자등록증을 소지하고, 세금 체납 사실이 없는 경우에 한해 인정함",,,,,,,,,,,,,,,,,,
64,"재직기간
산정","① 2026. 3. 1. 기준으로 총 재직기간(4대보험 중 하나 이상에 가입된 기간)이 만 3년 이상 (예정)이어야 함
② 재직기간은 제출한 서류상 (4대보험 내역)으로 증명되는 기간만을 산정함
③ 2개 이상 산업체의 재직기간은 합산하되, 중복되는 기간은 이중으로 합산하지 않음
④ 영세창업, 자영업자의 휴업기간 등 비영업기간은 재직기간 산정에서 제외함
⑤ 병역특례 기간의 산업체 경력 및 재직기간 중 군 의무복무 경력은 재직기간 산정에 포함됨",,,,,,,,,,,,,,,,,,
64,"재직상태
유지","① 지원시점 기준 (원서접수 시작일) 미재직자 (휴직* 또는 휴업 포함)는 지원할 수 없음
 
*군 의무복무를 위한 휴직 중인 자는 지원 가능
② 학기개시일 기준 재직 중이어야 함
③ 재학 중 재직 유지 (단, 이직 등을 위한 일시적 구직기간의 경우 별도의 유예기간 부여)",,,,,,,,,,,,,,,,,,
65,전형요소	및	반영비율	(%),서류 100,,,,,,,,,,,,,,,,,,
65,전형총점,"1,000",,,,,,,,,,,,,,,,,,
65,평가방법,"서류 (학생부, 지원자격 확인자료, 직무기술서 등)를 종합적으로 정성평가함",,,,,,,,,,,,,,,,,,
65,수능	필수응시영역,없음,,,,,,,,,,,,,,,,,,
65,수능	최저학력기준,,,,,,,,,,,,,,,,,,,
65,선발방법,서류평가 취득 총점 순으로 최종합격자를 선발함,,,,,,,,,,,,,,,,,,
65,동점자처리방법,학생부평가 우선순위 영역 평가점수 상위자 (부록3 학생부종합전형 서류평가 방법 참고),,,,,,,,,,,,,,,,,,
65,구분,,제출서류,비고,,,,,,,,,,,,,,,,
65,공 통,필수,입학원서,•  온라인 원서접수 후 출력하여 제출,,,,,,,,,,,,,,,,
65,,,학생부,"•  온라인 제공 동의자: 제출 필요 없음
•  온라인 제공 미동의자/불가자: 학생부 (대입전형용) 온라인 업로드",,,,,,,,,,,,,,,,
65,,,재직/경력증명서,"•  재직기간이 명시된 현 직장에 한함
•  현 직장에서의 재직기간이 3년 이상인 경우 재직증명서, 3년 미만인 경우 재직증명서 및  
경력증명서 제출",,,,,,,,,,,,,,,,
65,,,"4대 보험
가입 확인서","•  재직/경력증명서를 제출한 모든 직장 (산업체)에 관련하여 아래 항목 중 1개 이상 제출
- 국민연금가입증명서 (국민연금공단 발행)
- 건강보험자격취득사실확인서 (국민건강보험공단 발행)
- 고용·산재보험 자격이력내역서 (근로자용, 근로복지공단 발행)
※ 위 4대보험 가입이력이 한 장으로 발급되는 ‘4대 사회보험 가입자 가입내역 확인서’는 제출 불가
- 4대 보험 가입 확인서 제출이 불가한 경우 아래의 대체서류 제출",,,,,,,,,,,,,,,,
65,해 당 자,"해당자
필수",병역 관련 서류,"•  군 의무복무 기간을 포함하여 재직기간이 3년 이상인 재직자 제출
- 전역자: 병적증명서 또는 주민등록초본 (병역사항 기재)
- 휴직 중 복무중인 자:   병적증명서 또는 복무확인서 
(군 복무기간 전체 기재, 산업기능요원만 제출 가능)",,,,,,,,,,,,,,,,
65,,,"4대 보험 미가입 영세창업 
및 자영업 증명서","•  사업자등록증명원 (세무서 발행)
•  납세증명서 (세무서 발행)
•  휴업/폐업 사실 증명원 (해당자)(세무서 발행)",,,,,,,,,,,,,,,,
65,,,"농지원부 등본 등
공적증명서","•  4대보험 가입 대상 사업체가 아닌 농업, 수산업 등의 산업체 종사자는 국가·지방단체가 급하는 
공적증명서 (농지원부 등)를 제출",,,,,,,,,,,,,,,,
65,,선택,"직무기술서 
(별도 제출 없이 온라인 입력)","•  지원자 중 희망자에 한하여 작성
•  작성 희망자는 <서식 4> 「직무기술서」를 활용하여 지정된 양식 및 유의사항에 맞추어 작성 
(온라인 입력, 별도 제출 불필요)",,,,,,,,,,,,,,,,
68,수험번호,,,,모집단위,계열/학부/학과,,,,,,,,,,,,,,
68,졸업	(예정)고등학교,,,,고등학교  졸업	(예정)연도,,,,,,,,,,,,,,,
68,성	 명,,(인),,주민등록번호,-,,,,,,,,,,,,,,
68,지원자격,,,,,,,,,,,,,,,,,,,
68,자격구분,고교졸업 (예정)자로서 다음 중 하나에 해당하는 자,,,,,,,,,,,,,,,,,,
68,"6년
[	
	 ]","농어촌지역 (지방자치법 제3조에 의한 읍·면지역 및 도서·벽지지역 교육진흥법시행규칙 제2조에 의한 지역) 소재에서 
중·고교	전	교육과정	(6년)을	이수하고	해당	기간	중	본인	및	부모	모두가	농어촌지역에서	거주한	자",,,,,,,,,,,,,,,,,,
68,"12년
[	
	 ]","농어촌지역 (지방자치법 제3조에 의한 읍·면지역 및 도서·벽지지역 교육진흥법시행규칙 제2조에 의한 지역) 소재에서 
초·중·고교	전	교육과정	(12년)을	이수하고	해당	기간	중	본인이	농어촌지역에서	거주한	자",,,,,,,,,,,,,,,,,,
68,재학사항,,,,,,,,,,,,,,,,,,,
68,,학교명,,학교소재지,,재학기간,"읍·면지역
소재여부",,,,,,,,,,,,,
68,"초등학교
(12년	 
대상자만)",,,"도 (시) 
 시  (군) 
 읍  (면)",,"년 
 월 
 일 ~  
 
 년 
 월 
 일",,,,,,,,,,,,,,
68,,,,"도 (시) 
 시  (군) 
 읍  (면)",,"년 
 월 
 일 ~  
 
 년 
 월 
 일",,,,,,,,,,,,,,
68,,,,"도 (시) 
 시  (군) 
 읍  (면)",,"년 
 월 
 일 ~  
 
 년 
 월 
 일",,,,,,,,,,,,,,
68,중학교,,,"도 (시) 
 시  (군) 
 읍  (면)",,"년 
 월 
 일 ~  
 
 년 
 월 
 일",,,,,,,,,,,,,,
68,,,,"도 (시) 
 시  (군) 
 읍  (면)",,"년 
 월 
 일 ~  
 
 년 
 월 
 일",,,,,,,,,,,,,,
68,,,,"도 (시) 
 시  (군) 
 읍  (면)",,"년 
 월 
 일 ~  
 
 년 
 월 
 일",,,,,,,,,,,,,,
68,고등학교,,,"도 (시) 
 시  (군) 
 읍  (면)",,"년 
 월 
 일 ~  
 
 년 
 월 
 일",,,,,,,,,,,,,,
68,,,,"도 (시) 
 시  (군) 
 읍  (면)",,"년 
 월 
 일 ~  
 
 년 
 월 
 일",,,,,,,,,,,,,,
68,,,,"도 (시) 
 시  (군) 
 읍  (면)",,"년 
 월 
 일 ~  
 
 년 
 월 
 일",,,,,,,,,,,,,,
68,"위 지원자는 성균관대학교 농어촌학생 지원자격을 충족하는 대상자로서, 지원자격 관련 기재사항 및 제출자료에 
이상이 없음을 확인합니다.
2025년 
 
 월  
 
 
 일
(인)
 
부/모/보호자: 
 
 
 
 
 
 
(직인)
 
 
 
 
 
 
 고등학교장
성균관대학교	총장	귀하",,,,,,,,,,,,,,,,,,,
69,수험번호,,,,모집단위,계열/학부/학과,,,,,,,,,,,,,,
69,졸업	(예정)고등학교,,,,고등학교  졸업	(예정)연도,,,,,,,,,,,,,,,
69,성	 명,,(인),,주민등록번호,-,,,,,,,,,,,,,,
69,지원자격,,,,,,,,,,,,,,,,,,,
69,자격구분,고교졸업 (예정)자로서 다음 중 하나에 해당하는 자,,,,,,,,,,,,,,,,,,
69,"6년
[	
	 ]","「서해 5도 지원 특별법」제15조 및「동법 시행령」제11조에 따른 서해5도 주민의 자녀 중 
서해5도에서	중·고교	전	교육과정	(6년)을	이수하고	해당	기간	중	본인	및	부모	모두가	거주한	자",,,,,,,,,,,,,,,,,,
69,"12년
[	
	 ]","「서해5도 지원 특별법」제15조 및「동법 시행령」제11조에 따른 서해5도 주민의 자녀 중 
서해5도에서	초·중·고교	전	교육과정	(12년)을	이수하고	해당	기간	중	거주한	자",,,,,,,,,,,,,,,,,,
69,재학사항,,,,,,,,,,,,,,,,,,,
69,,학교명,,학교소재지,,재학기간,"읍·면지역
소재여부",,,,,,,,,,,,,
69,"초등학교
(12년	 
대상자만)",,,"도 (시) 
 시  (군) 
 읍  (면)",,"년 
 월 
 일 ~  
 
 년 
 월 
 일",,,,,,,,,,,,,,
69,,,,"도 (시) 
 시  (군) 
 읍  (면)",,"년 
 월 
 일 ~  
 
 년 
 월 
 일",,,,,,,,,,,,,,
69,,,,"도 (시) 
 시  (군) 
 읍  (면)",,"년 
 월 
 일 ~  
 
 년 
 월 
 일",,,,,,,,,,,,,,
69,중학교,,,"도 (시) 
 시  (군) 
 읍  (면)",,"년 
 월 
 일 ~  
 
 년 
 월 
 일",,,,,,,,,,,,,,
69,,,,"도 (시) 
 시  (군) 
 읍  (면)",,"년 
 월 
 일 ~  
 
 년 
 월 
 일",,,,,,,,,,,,,,
69,,,,"도 (시) 
 시  (군) 
 읍  (면)",,"년 
 월 
 일 ~  
 
 년 
 월 
 일",,,,,,,,,,,,,,
69,고등학교,,,"도 (시) 
 시  (군) 
 읍  (면)",,"년 
 월 
 일 ~  
 
 년 
 월 
 일",,,,,,,,,,,,,,
69,,,,"도 (시) 
 시  (군) 
 읍  (면)",,"년 
 월 
 일 ~  
 
 년 
 월 
 일",,,,,,,,,,,,,,
69,,,,"도 (시) 
 시  (군) 
 읍  (면)",,"년 
 월 
 일 ~  
 
 년 
 월 
 일",,,,,,,,,,,,,,
69,"위 지원자는 성균관대학교 기회균형전형 (서해 5도) 지원자격을 충족하는 대상자로서, 지원자격 관련 기재사항 및 
제출자료에 이상이 없음을 확인합니다.
2025년 
 
 월  
 
 
 일
(인)
 
부/모/보호자: 
 
 
 
 
 
 
(직인)
 
 
 
 
 
 
 고등학교장
성균관대학교	총장	귀하",,,,,,,,,,,,,,,,,,,
70,"1.   본 서식은 반드시 사실에 기초하여 지원자 본인이 작성합니다.
2.   본 서식에 기술된 사항에 대한 사실 확인을 요청할 경우 지원자는 적극 협조하여야 합니다.
3.   활동에 대한 증빙서류를 제출하는 경우, 원본 제출이 원칙이며 사본 제출 시 원본대조필하여야 합니다. 
4.   허위사실 기재, 기타 부정한 사실 등이 발견될 경우, 불합격 처리되며 합격 이후라도 입학이 취소될 수 있습니다.
5.   공인어학성적 및 수학·과학·외국어 교과에 대한 교외 수상실적을 기재할 경우 평가에서 불이익을 받을 수 있으니, 작성을 금지합니다.
	 가.	공인어학성적
영어 (TOEIC, TOEFL, TEPS), 중국어 (HSK), 일본어 (JPT, JLPT), 프랑스어 (DELF, DALF), 독일어 (ZD, TESTDAF, DSH, DSD), 러시아어 (TORFL), 
스페인어 (DELE), 상공회의소한자시험, 한자능력검정, 실용한자, 한자급수자격검정, YBM 상무한검, 한자급수인증시험, 한자자격검정 등
  나.	수학·과학·외국어	교과에	대한	교외	수상실적	(예시)
수학
과학
외국어
•  위에서 열거된 항목 외에도, 대회 명칭에 수학·과학 (물리, 화학, 생물, 지구과학, 천문)·외국어 (영어 등) 교과명이 명시된 학교 외 각종 대회 (경시대회, 올림피아드 
등) 수상실적을 작성했을 경우 “0점”(또는 불합격) 처리
•  ‘교외 수상실적’이란 학교 외 기관이 개최한 대회 수상실적을 의미하며, 학교장의 참가 허락을 받은 교외 수상실적이라도 작성 시 “0점”(또는 불합격) 처리
6.   학교생활기록부 대체 서식에는 고등학교 학교생활기록부에 기재할 수 없는 항목※과 「대입제도 공정성 강화방안」(2019.11.28.)에 따른 
학생부 주요항목 내 변경 사항※은 작성할 수 없고, 어학연수 등 사교육 유발요인이 큰 교외 활동의 경우에도 작성이 제한됩니다. 이를 준수
하지 않았을 경우 평가에서 불이익을 받을 수 있으니, 작성을 금지합니다.
[※	학교생활기록부	기재금지	항목]
가. 각종 공인어학시험 참여사실과 그 성적 및 수상실적
나. 교과·비교과 관련 교외대회 참여사실과 그 성적 및 수상실적 (학교장의 참가 허락을 받아 참여한 각종 교외대회에서의 수상실적도 기재 불가)
다. 교외 기관·단체 (장)등에게 수상한 교외상 (표창장, 감사장, 공로상 등도 기재 불가)
라. 교내·외 인증시험 참여 사실이나 그 성적
마. 모의고사·전국연합학력평가 성적 (원점수, 석차, 석차등급, 백분위 등 성적관련 내용 일체) 및 관련 교내 수상실적 
바. 논문을 학회지 등에 투고 또는 등재하거나 학회 등에서 발표한 사실
사. 도서출간 사실
아. 지식재산권 (특허, 실용신안, 상표 디자인) 출원 또는 등록사실
자. 어학연수, 봉사활동 등 해외 활동실적 및 관련 내용
차. 부모 (친인척 포함)의 사회·경제적 지위 (직종명, 직업명, 직장명, 직위명 등) 암시 내용
카. 장학생·장학금 관련 내용
타. 구체적인 특정 대학명, 기관명 (기구, 단체, 조직 등 포함), 상호명, 강사명 등
파. 자격증 명칭 및 취득사실
* 위 내용은 「2025학년도 학교생활기록부 기재요령 (고등학교)」을 발췌한 내용으로 이하 자세한 사항은 교육부 「2025학년도 학교생활기록부 기재요령 (고등학교)」 중 학교
생활기록부 작성 시 유의사항 참조
[※	「대입제도	공정성	강화방안」에	따른	학생부	주요항목	내	변경	사항]
가. 영재·발명교육 실적 대입 미반영
나. 자율동아리 대입 미반영
다. 청소년단체활동 미기재
라. 개인봉사활동 실적 대입 미반영
마. 독서활동 대입 미반영 
7.  지원자 성명, 출신고교, 부모 (친인척 포함)의 실명을 포함한 사회적·경제적 지위 (직종명, 직업명, 직장명, 직위명 등)를 암시하는 내용을 기재
할 경우, 평가에 불이익을 받을 수 있으니, 작성을 금지합니다.","한국수학올림피아드 (KMO), 한국수학인증시험 (KMC), 온라인 창의수학 경시대회, 도시대항 국제 수학토너먼트, 국제수학올림피아드 (IMO) 등
한국물리올림피아드 (KPHO), 한국화학올림피아드 (KCHO), 한국생물올림피아드 (KBO), 한국천문올림피아드 (KAO), 
한국지구과학올림피아드 (KESO), 한국뇌과학올림피아드, 전국정보과학올림피아드, 국제물리올림피아드, 국제지구과학올림피아드, 
국제생물올림피아드, 국제천문올림피아드, 한국중등과학올림피아드 등
전국 초중고 외국어 (영어, 중국어, 일본어, 프랑스어, 독일어, 러시아어, 스페인어) 경시대회, 
IET 국제영어대회, IEWC 국제영어글쓰기대회, 글로벌 리더십 영어 경연대회, SIFEC 전국영어말하기대회, 국제영어논술대회 등",,,,,,,,,,,,,,,,,,
70,,,,,,,,,,,,,,,,,,,,
70,,,,,,,,,,,,,,,,,,,,
70,,,,,,,,,,,,,,,,,,,,
70,,,,,,,,,,,,,,,,,,,,
70,"<학교생활기록부	대체	서식	작성방법>
1. 활동기간 
 
- 검정고시 출신자: 고등학교 재학 기간에 준하는 기간 중 활동에 참여한 시기
 
- 외국 소재 고등학교 출신자 및 국내 학력인정 외국교육기관 출신자: 고등학교 재학 기간 중 활동에 참여한 시기
2. 활동내용: 고등학교 학교생활기록부 내용에 준하는 활동 (※ 작성 유의사항의 제한 내용 확인)
 
- 활동내용 칸 작성 시 활동 (발행)기관명 기재 금지
3. 작성분량: 1개 활동 당 50자 이내 (각 연번에 1개 활동, 최대 10개 활동 작성 가능)
4. 증빙자료: A4용지 단면 기준 총 20페이지 이내 제출 가능 (축소/양면 복사 금지)",,,,,,,,,,,,,,,,,,,
71,학력정보,□   검정고시 출신자,합격지역,,"합격일
년 
 
  월 
 
  일",,,,,,,,,,,,,,,
71,,"□   외국 소재 고등학교  
출신자 및 국내  
학력인정  
외국교육기관 출신자",1,소재국가,,,,,,,,,,,,,,,,
71,,,,입학일,"년 
 
  월 
 
  일
졸업 (예정)일 
년 
 
  월 
 
  일",,,,,,,,,,,,,,,
71,,,,학교명,,,,,,,,,,,,,,,,
71,,,2,소재국가,,,,,,,,,,,,,,,,
71,,,,입학일,"년 
 
  월 
 
  일
전출일 
년 
 
  월 
 
  일",,,,,,,,,,,,,,,
71,,,,학교명,,,,,,,,,,,,,,,,
71,,,3,소재국가,,,,,,,,,,,,,,,,
71,,,,입학일,"년 
 
  월 
 
  일
전출일 
년 
 
  월 
 
  일",,,,,,,,,,,,,,,
71,,,,학교명,,,,,,,,,,,,,,,,
71,연번,활동명,"활동기간
(	년	월	일	~		년	월	일)","활동내용
(50자	이내)",활동	(발행)기관,,,,,,,,,,,,,,,
71,1,,,,,,,,,,,,,,,,,,,
71,2,,,,,,,,,,,,,,,,,,,
71,3,,,,,,,,,,,,,,,,,,,
71,4,,,,,,,,,,,,,,,,,,,
71,5,,,,,,,,,,,,,,,,,,,
71,6,,,,,,,,,,,,,,,,,,,
71,7,,,,,,,,,,,,,,,,,,,
71,8,,,,,,,,,,,,,,,,,,,
71,9,,,,,,,,,,,,,,,,,,,
71,10,,,,,,,,,,,,,,,,,,,
71,"본인은 학교생활기록부 대체 서식 작성에 관한 유의사항을 숙지하였으며, 
유의사항 위반에 따른 조치에 대해서 이의를 제기하지 않겠습니다. (동의 □)
2025년    월    일
지원자:  
 
 
 
 
 
 
 
 (인)
성균관대학교	총장	귀하",,,,,,,,,,,,,,,,,,,
72,"1.   본 직무기술서는 반드시 사실에 기초하여 지원자 본인이 작성합니다.
2. 본 직무기술서에 기술된 사항에 대한 사실 확인을 요청할 경우 지원자는 적극 협조하여야 합니다.
3. 허위사실 기재, 기타 부정한 사실 등이 발견될 경우, 불합격 처리되며 합격 이후라도 입학이 취소될 수 있습니다.
4. 공인어학성적 및 수학·과학·외국어 교과에 대한 교외 수상실적을 기재할 경우 평가에서 불이익을 받을 수 있으니, 작성을 금지합니다.
	 가.	공인어학성적
영어 (TOEIC, TOEFL, TEPS), 중국어 (HSK), 일본어 (JPT, JLPT), 프랑스어 (DELF, DALF), 독일어 (ZD, TESTDAF, DSH, DSD), 러시아어 (TORFL), 
스페인어 (DELE), 상공회의소한자시험, 한자능력검정, 실용한자, 한자급수자격검정, YBM 상무한검, 한자급수인증시험, 한자자격검정 등
  나.	수학·과학·외국어	교과에	대한	교외	수상실적	(예시)
수학
과학
외국어
•  위에서 열거된 항목 외에도, 대회 명칭에 수학·과학 (물리, 화학, 생물, 지구과학, 천문)·외국어 (영어 등) 교과명이 명시된 학교 외 각종 대회 (경시대회, 올림피아드 
등) 수상실적을 작성했을 경우 “0점”(또는 불합격) 처리
•  ‘교외 수상실적’이란 학교 외 기관이 개최한 대회 수상실적을 의미하며, 학교장의 참가 허락을 받은 교외 수상실적이라도 작성 시 “0점”(또는 불합격) 처리
5.   직무기술서에는 고등학교 학교생활기록부에 기재할 수 없는 항목※과 「대입제도 공정성 강화방안」(2019.11.28.)에 따른 학생부 주요항목 
내 변경 사항※은 작성할 수 없고, 어학연수 등 사교육 유발요인이 큰 교외 활동의 경우에도 작성이 제한됩니다. 이를 준수하지 않았을 경우 
평가에서 불이익을 받을 수 있으니, 작성을 금지합니다.
[※	학교생활기록부	기재금지	항목]
가. 각종 공인어학시험 참여사실과 그 성적 및 수상실적
나. 교과·비교과 관련 교외대회 참여사실과 그 성적 및 수상실적 (학교장의 참가 허락을 받아 참여한 각종 교외대회에서의 수상실적도 기재 불가)
다. 교외 기관·단체 (장)등에게 수상한 교외상 (표창장, 감사장, 공로상 등도 기재 불가)
라. 교내·외 인증시험 참여 사실이나 그 성적
마. 모의고사·전국연합학력평가 성적 (원점수, 석차, 석차등급, 백분위 등 성적관련 내용 일체) 및 관련 교내 수상실적 
바. 논문을 학회지 등에 투고 또는 등재하거나 학회 등에서 발표한 사실
사. 도서출간 사실
아. 지식재산권 (특허, 실용신안, 상표 디자인) 출원 또는 등록사실
자. 어학연수, 봉사활동 등 해외 활동실적 및 관련 내용
차. 부모 (친인척 포함)의 사회·경제적 지위 (직종명, 직업명, 직장명, 직위명 등) 암시 내용
카. 장학생·장학금 관련 내용
타. 구체적인 특정 대학명, 기관명 (기구, 단체, 조직 등 포함), 상호명, 강사명 등
파. 자격증 명칭 및 취득사실
* 위 내용은 「2025학년도 학교생활기록부 기재요령(고등학교)」을 발췌한 내용으로 이하 자세한 사항은 교육부 「2025학년도 학교생활기록부 기재요령(고등학교)」 중 학교
생활기록부 작성 시 유의사항 참조
[※	「대입제도	공정성	강화방안」에	따른	학생부	주요항목	내	변경	사항]
가. 영재·발명교육 실적 대입 미반영
나. 자율동아리 대입 미반영
다. 청소년단체활동 미기재
라. 개인봉사활동 실적 대입 미반영
마. 독서활동 대입 미반영 
6.  지원자 성명, 출신고교, 부모 (친인척 포함)의 실명을 포함한 사회적·경제적 지위 (부모 및 친인척의 직종명, 직업명, 직장명, 직위명 등)를 암시하는 
내용을 기재할 경우 평가에 불이익을 받을 수 있으니 작성을 금지합니다.","한국수학올림피아드 (KMO), 한국수학인증시험 (KMC), 온라인 창의수학 경시대회, 도시대항 국제 수학토너먼트, 국제수학올림피아드 (IMO) 등
한국물리올림피아드 (KPHO), 한국화학올림피아드 (KCHO), 한국생물올림피아드 (KBO), 한국천문올림피아드 (KAO), 
한국지구과학올림피아드 (KESO), 한국뇌과학올림피아드, 전국정보과학올림피아드, 국제물리올림피아드, 국제지구과학올림피아드, 
국제생물올림피아드, 국제천문올림피아드, 한국중등과학올림피아드 등
전국 초중고 외국어 (영어, 중국어, 일본어, 프랑스어, 독일어, 러시아어, 스페인어) 경시대회, 
IET 국제영어대회, IEWC 국제영어글쓰기대회, 글로벌 리더십 영어 경연대회, SIFEC 전국영어말하기대회, 국제영어논술대회 등",,,,,,,,,,,,,,,,,,
72,,,,,,,,,,,,,,,,,,,,
72,,,,,,,,,,,,,,,,,,,,
72,,,,,,,,,,,,,,,,,,,,
72,,,,,,,,,,,,,,,,,,,,
72,"<직무	기술서	작성	및	제출	안내>
1. 학생부종합 (특성화고졸재직자)전형 지원자 중 희망하는 경우에만 작성 및 제출함 (선택사항)
2. 직무기술서는 원서접수시 온라인 입력
3. 작성 내용: 재직 중인 직장에서의 직무와 역할 (기관명 작성 가능)
4. 작성 분량: 띄어쓰기 포함 항목 당 100자 이내",,,,,,,,,,,,,,,,,,,
73,지원자	인적사항,,,,,,,,,,,,,,,,,,,
73,"전형유형:
모집단위:
수험번호:
성 
  명:
생년월일:",,,,,,,,,,,,,,,,,,,
73,연번,업무명,직무	(역할),"업무기간 
(	년	월	일	~	년	월	일)","업무	내용 
(100자	이내)",재직	(인증)기관,,,,,,,,,,,,,,
73,1,,,,,,,,,,,,,,,,,,,
73,2,,,,,,,,,,,,,,,,,,,
73,3,,,,,,,,,,,,,,,,,,,
73,4,,,,,,,,,,,,,,,,,,,
73,5,,,,,,,,,,,,,,,,,,,
73,6,,,,,,,,,,,,,,,,,,,
73,7,,,,,,,,,,,,,,,,,,,
73,8,,,,,,,,,,,,,,,,,,,
73,9,,,,,,,,,,,,,,,,,,,
73,10,,,,,,,,,,,,,,,,,,,
73,"본인은 직무기술서 작성에 관한 유의사항을 숙지하였으며, 
유의사항 위반에 따른 조치에 대해서 이의를 제기하지 않겠습니다. (동의 □)
2025년 
 
  월 
 
  일
(인)
지원자:  
 
 
 
 
 
 
 
성균관대학교	총장	귀하",,,,,,,,,,,,,,,,,,,
74,"1. 본 실기능력 증빙자료는 반드시 사실에 기초하여 지원자 본인이 작성합니다.
2. 본 실기능력 증빙자료는 고교내	활동에	한하여	기재	가능하며,	교외	활동	기재	시	평가	미반영	등	불이익이 있을 수 있습니다.
3. 본 실기능력 증빙자료에 기술된 사항에 대한 사실 확인을 요청할 경우 지원자는 적극 협조하여야 합니다.
4. 허위사실 기재, 기타 부정한 사실 등이 발견될 경우, 불합격 처리되며 합격 이후라도 입학이 취소될 수 있습니다.
5. 공인어학성적 및 수학·과학·외국어 교과에 대한 교외 수상실적을 기재할 경우 평가에서 불이익을 받을 수 있으니, 작성을 금지합니다.
	 가.	공인어학성적
영어 (TOEIC, TOEFL, TEPS), 중국어 (HSK), 일본어 (JPT, JLPT), 프랑스어 (DELF, DALF), 독일어 (ZD, TESTDAF, DSH, DSD), 러시아어 (TORFL),  
스페인어 (DELE), 상공회의소한자시험, 한자능력검정, 실용한자, 한자급수자격검정, YBM 상무한검, 한자급수인증시험, 한자자격검정 등
  나.	수학·과학·외국어	교과에	대한	교외	수상실적	(예시)
수학
과학
외국어
•  위에서 열거된 항목 외에도, 대회 명칭에 수학·과학 (물리, 화학, 생물, 지구과학, 천문)·외국어 (영어 등) 교과명이 명시된 학교 외 각종 대회 (경시대회, 올림피아드 
등) 수상실적을 작성했을 경우 “0점”(또는 불합격) 처리
•  ‘교외 수상실적’이란 학교 외 기관이 개최한 대회 수상실적을 의미하며, 학교장의 참가 허락을 받은 교외 수상실적이라도 작성 시 “0점”(또는 불합격) 처리
5.   실기능력 증빙자료에는 고등학교 학교생활기록부에 기재할 수 없는 항목※과 「대입제도 공정성 강화방안」(2019.11.28.)에 따른 학생부 
주요항목 내 변경 사항※은 작성할 수 없고, 어학연수 등 사교육 유발요인이 큰 교외 활동의 경우에도 작성이 제한됩니다. 이를 준수하지 
않았을 경우 평가에서 불이익을 받을 수 있으니, 작성을 금지합니다.
[※	학교생활기록부	기재금지	항목]
가. 각종 공인어학시험 참여사실과 그 성적 및 수상실적
나. 교과·비교과 관련 교외대회 참여사실과 그 성적 및 수상실적 (학교장의 참가 허락을 받아 참여한 각종 교외대회에서의 수상실적도 기재 불가)
다. 교외 기관·단체 (장)등에게 수상한 교외상 (표창장, 감사장, 공로상 등도 기재 불가)
라. 교내·외 인증시험 참여 사실이나 그 성적
마. 모의고사·전국연합학력평가 성적 (원점수, 석차, 석차등급, 백분위 등 성적관련 내용 일체) 및 관련 교내 수상실적 
바. 논문을 학회지 등에 투고 또는 등재하거나 학회 등에서 발표한 사실
사. 도서출간 사실
아. 지식재산권 (특허, 실용신안, 상표 디자인) 출원 또는 등록사실
자. 어학연수, 봉사활동 등 해외 활동실적 및 관련 내용
차. 부모 (친인척 포함)의 사회·경제적 지위 (직종명, 직업명, 직장명, 직위명 등) 암시 내용
카. 장학생·장학금 관련 내용
타. 구체적인 특정 대학명, 기관명 (기구, 단체, 조직 등 포함), 상호명, 강사명 등
파. 자격증 명칭 및 취득사실
* 위 내용은 「2025학년도 학교생활기록부 기재요령(고등학교)」을 발췌한 내용으로 이하 자세한 사항은 교육부 「2025학년도 학교생활기록부 기재요령(고등학교)」 중 학교
생활기록부 작성 시 유의사항 참조
[※	「대입제도	공정성	강화방안」에	따른	학생부	주요항목	내	변경	사항]
가. 영재·발명교육 실적 대입 미반영
나. 자율동아리 대입 미반영
다. 청소년단체활동 미기재
라. 개인봉사활동 실적 대입 미반영
마. 독서활동 대입 미반영 
7.  지원자 성명, 출신고교, 부모(친인척 포함)의 실명을 포함한 사회적·경제적 지위 (부모 및 친인척의 직종명, 직업명, 직장명, 직위명 등)를 암시하는 
내용을 기재할 경우 평가에 불이익을 받을 수 있으니 작성을 금지합니다.","한국수학올림피아드 (KMO), 한국수학인증시험 (KMC), 온라인 창의수학 경시대회, 도시대항 국제 수학토너먼트, 국제수학올림피아드 (IMO) 등
한국물리올림피아드 (KPHO), 한국화학올림피아드 (KCHO), 한국생물올림피아드 (KBO), 한국천문올림피아드 (KAO), 
한국지구과학올림피아드 (KESO), 한국뇌과학올림피아드, 전국정보과학올림피아드, 국제물리올림피아드, 국제지구과학올림피아드, 
국제생물올림피아드, 국제천문올림피아드, 한국중등과학올림피아드 등
전국 초중고 외국어 (영어, 중국어, 일본어, 프랑스어, 독일어, 러시아어, 스페인어) 경시대회, 
IET 국제영어대회, IEWC 국제영어글쓰기대회, 글로벌 리더십 영어 경연대회, SIFEC 전국영어말하기대회, 국제영어논술대회 등",,,,,,,,,,,,,,,,,,
74,,,,,,,,,,,,,,,,,,,,
74,,,,,,,,,,,,,,,,,,,,
74,,,,,,,,,,,,,,,,,,,,
74,,,,,,,,,,,,,,,,,,,,
74,"<실기능력	증빙자료	작성	및	제출	안내>
1. 실기/실적 (예체능 실기우수자)전형 스포츠과학과 모집단위 지원자 중 희망하는 경우에만 작성 및 제출함 (선택사항)
2. 모든 서류는 하나의 PDF 파일로 병합하여 온라인으로 업로드하여야 함
3. 작성 내용: 지원한 실기 종목 관련 고교내 활동 내용
4. 작성 분량: 띄어쓰기 포함 항목 당 300자 이내",,,,,,,,,,,,,,,,,,,
75,지원자	인적사항,,,,,,,,,,,,,,,,,,,
75,"전형유형:
모집단위:
수험번호:
성 
  명:
생년월일:",,,,,,,,,,,,,,,,,,,
75,번호,활동명,"활동	기간
(	년	월	일	~		년	월	일)","활동	내용
(300자	이내)","확인자
(담당	교사	등)",,,,,,,,,,,,,,,
75,1,,,,,,,,,,,,,,,,,,,
75,2,,,,,,,,,,,,,,,,,,,
75,3,,,,,,,,,,,,,,,,,,,
75,4,,,,,,,,,,,,,,,,,,,
75,5,,,,,,,,,,,,,,,,,,,
75,6,,,,,,,,,,,,,,,,,,,
75,7,,,,,,,,,,,,,,,,,,,
75,8,,,,,,,,,,,,,,,,,,,
75,9,,,,,,,,,,,,,,,,,,,
75,10,,,,,,,,,,,,,,,,,,,
75,"본인은 실기능력 증빙자료 작성에 관한 유의사항을 숙지하였으며, 
유의사항 위반에 따른 조치에 대해서 이의를 제기하지 않겠습니다. (동의 □)
2025년  
 
 월  
 
 일
지원자:  
 
 
 
 
 
 
 
 (인)
성균관대학교	총장	귀하",,,,,,,,,,,,,,,,,,,
76,지원자	인적사항,,,,,,,,,,,,,,,,,,,
76,"전형유형:
모집단위:
수험번호:
성 
  명:
생년월일:",,,,,,,,,,,,,,,,,,,
76,번호,자료명,"학생부	기재여부
(	O/X	)",,,,,,,,,,,,,,,,,
76,1,,,,,,,,,,,,,,,,,,,
76,2,,,,,,,,,,,,,,,,,,,
76,3,,,,,,,,,,,,,,,,,,,
76,4,,,,,,,,,,,,,,,,,,,
76,5,,,,,,,,,,,,,,,,,,,
76,6,,,,,,,,,,,,,,,,,,,
76,7,,,,,,,,,,,,,,,,,,,
76,8,,,,,,,,,,,,,,,,,,,
76,9,,,,,,,,,,,,,,,,,,,
76,10,,,,,,,,,,,,,,,,,,,
76,"※ 10개 항목 이내의 활동 증빙자료를 총 20페이지 이내 제출 가능 (축소/양면복사 금지, A4용지 규격 준수)",,,,,,,,,,,,,,,,,,,
76,"2025년  
 
 월  
 
 일
지원자:  
 
 
 
 
 
 
 
 (인)
성균관대학교	총장	귀하",,,,,,,,,,,,,,,,,,,
76,"※	작성	및	제출	유의사항
1. 실기/실적 (예체능특기자)전형 지원자 중 활동 증빙자료를 제출하는 경우에만 작성함
2. 학교생활기록부에 기재되어 있는 내용은 제출할 필요 없음 (초등학교, 중학교 활동서류 제출 불가)
3.   10개	항목	이내의	활동	증빙자료를	총	20페이지	이내에서	제출	가능하며,	반드시	A4용지	규격이어야	함 
(규격이	다른	경우	A4용지에	부착,	스캔하여	제출함)
4. 활동 증빙자료 목록표는 원서접수시 온라인 업로드",,,,,,,,,,,,,,,,,,,
77,전형유형,,,,모집단위,계열/학부/학과,,,,,,,,,,,,,,
77,수험번호,,,,성명,,,,,,,,,,,,,,,
77,연락처,,(인),,주민등록번호,-,,,,,,,,,,,,,,
77,환불	요청	사유	(해당되는	사항	선택),,,,,,,,,,,,,,,,,,,
77,□,국가보훈대상자,,「국가보훈기본법」 제3조 제2호에 따른 ‘국가보훈대상자’로서 국가보훈관계 법령에 따른 교육지원대상자,,,,,,,,,,,,,,,,
77,□,국민기초생활수급자,,"「국민기초생활보장법」 제2조 제1호 (수급권자), 제2호 (수급자)",,,,,,,,,,,,,,,,
77,□,차상위계층,,「국민기초생활보장법」 제2조 제10호 (차상위계층),,,,,,,,,,,,,,,,
77,□,한부모가족,,「한부모가족지원법」 제5조 및 제5조의2에 따른 지원대상자,,,,,,,,,,,,,,,,
77,□,장애인	등,,"「장애인복지법」 제32조에 의하여 장애인 등록이 되어 있는 자 (※ 장애의 정도가 심하지 않은 장애인 포함) 혹은 
「장애인 등에 대한 특수교육법」 제15조 제1항의 규정에 따른 대상자",,,,,,,,,,,,,,,,
77,□,상이등급자,,"기타 국가보훈 관계법령*에 의한 상이등급자로 등록되어 있는 자
* 「국가유공자 등 예우 및 지원에 관한 법률」,「특수임무유공자 예우 및 단체설립에 관한 법률」,「보훈보상대상자 지원에 
관한 법률」 등",,,,,,,,,,,,,,,,
77,□,자립지원대상자,,「아동복지법」 시행령 제 38조 제2항에 따른 자립지원 대상자,,,,,,,,,,,,,,,,
77,재학사항,,,,,,,,,,,,,,,,,,,
77,"금융기관명
예금주명
계좌번호",,,,,,,,,,,,,,,,,,,
77,,,,,,,,,,,,,,,,,,,,
77,"위 지원자는 성균관대학교 수시모집 환불대상자 해당자격을 충족하는 대상자로서, 지원자격 관련 서류를 첨부하여 
전형료 반환을 신청합니다.
2025년 
 
 월  
 
 
 일
 
 
 
 
 
 
 
지원자:  
 (인)
성균관대학교	총장	귀하",,,,,,,,,,,,,,,,,,,
77,구분,자격증빙서류,,,,,,,,,,,,,,,,,,
77,지원자	전원,입학원서,,,,,,,,,,,,,,,,,,
77,국가보훈대상자,대학입학특별전형대상자증명서 (지원자 기준) 1부,,,,,,,,,,,,,,,,,,
77,국민기초생활수급자,수급자 증명서 (지원자 기준) 1부,,,,,,,,,,,,,,,,,,
77,차상위계층,"① 아래 해당 확인서 (증명서) 1부
 
-   시·군·구청장 또는 읍·면·동주민센터장이 발급하는 「자활근로자, 장애 (아동)수당 대상자, 장애인연금 대상자, 차상위계층 확인서」
 
- 국민건강보험공단 이사장이 발행하는 「차상위 본인부담경감 대상자 증명서」
② 가족관계증명서 (지원자 기준) 1부
③ 주민등록표등본 (지원자 기준) 1부",,,,,,,,,,,,,,,,,,
77,한부모가족,한부모가족증명서 (지원자 기준) 1부,,,,,,,,,,,,,,,,,,
77,장애인	등/상이등급자,"장애인증명서, 특수교육 대상자 증명서 (배치 결과통지서 등) 또는 상이정도가 명시된 국가보훈대상자 (국가유공자 등) 증명서 (지원자 기준) 
중 1부 (최근 1개월 이내 발급)",,,,,,,,,,,,,,,,,,
77,자립지원대상자,"아래 서류 중 1부 (최근 1개월 이내 발급)
- 입소사실확인서 및 아동복지시설 신고증 (사본) 각 1부
- 보호종료 확인서 또는 퇴소사실증명서 1부
- 조기 보호 종료사유 및 증빙서류 1부",,,,,,,,,,,,,,,,,,
79,"종목
(포지션)","평가
점수",평가기준,,,,,,,,,,,,,,,,,
79,"야구
(투수)",40,"▶ 다음 중 한 가지 이상 충족하는 자
 
- 전/현 청소년 대표 및 2025 신인드래프트 지명자
 
- 전국대회 (이마트배, 황금사자기, 청룡기, 대통령배, 봉황대기)에서 최우수선수상 (MVP), 우수투수상 수상자
 
- 합계 35이닝 출전 이상이고 방어율 4.00 이하인 자",,,,,,,,,,,,,,,,,
79,,35,"▶ 다음 중 한 가지 이상 충족하는 자
 
- 전국대회 (이마트배, 황금사자기, 청룡기, 대통령배, 봉황대기)에서 감투상, 수훈상 수상자
 
- 주말리그대회 (왕중왕전 포함)에서 최우수선수상, 우수투수상 수상자
 
- 합계 30이닝 출전 이상이고 방어율 5.00 이하인 자",,,,,,,,,,,,,,,,,
79,,30,"▶ 다음 중 한 가지 이상 충족하는 자
 
- 주말리그대회 (왕중왕전 포함)에서 감투상, 수훈상 수상자
 
- 합계 25이닝 출전 이상이고 방어율 5.50 이하인 자",,,,,,,,,,,,,,,,,
79,,25,▶ 합계 20이닝 출전 이상이고 방어율 6.00 이하인 자,,,,,,,,,,,,,,,,,
79,,20,▶ 합계 15이닝 출전 이상이고 방어율 6.50 이하인 자,,,,,,,,,,,,,,,,,
79,,15,▶ 합계 10이닝 출전 이상이고 방어율 7.00 이하인 자,,,,,,,,,,,,,,,,,
79,,10,▶ 합계 7이닝 출전 이상이고 방어율 9.00 이하인 자,,,,,,,,,,,,,,,,,
79,,0,"▶ 지원 자격 결격, 서류 미제출, 위 사항 중 해당사항 없음",,,,,,,,,,,,,,,,,
79,,"※ 경기실적은 주말리그 (왕중왕전 포함) 및 전국대회 (이마트배, 황금사자기, 청룡기, 대통령배, 봉황대기)만 인정",,,,,,,,,,,,,,,,,,
79,"야	구	
(내야수/ 
외야수)",40,"▶ 다음 중 한 가지 이상 충족하는 자
 
- 전/현 청소년 대표 및 2025 신인드래프트 지명자
 
- 전국대회 (이마트배, 황금사자기, 청룡기, 대통령배, 봉황대기)에서 최우수선수상 (MVP), 타격상, 홈런상 수상자
 
- 합계 타석 50타수 이상이고 타율 3할3푼 이상인 자",,,,,,,,,,,,,,,,,
79,,35,"▶ 다음 중 한 가지 이상 충족하는 자
 
- 전국대회 (이마트배, 황금사자기, 청룡기, 대통령배, 봉황대기)에서 타점상, 도루상, 수훈상 수상자
 
- 주말리그대회 (왕중왕전 포함)에서 최우수선수상, 타격상, 홈런상 수상자
 
- 합계 타석 45타수 이상이고 타율 3할 이상인 자",,,,,,,,,,,,,,,,,
79,,30,"▶ 다음 중 한 가지 이상 충족하는 자
 
- 주말리그대회 (왕중왕전 포함) 타점상, 도루상, 수훈상 수상자 
 
- 합계 타석 40타수 이상이고 타율 2할8푼 이상인 자",,,,,,,,,,,,,,,,,
79,,25,▶ 합계 타석 35타수 이상이고 타율 2할6푼 이상인 자,,,,,,,,,,,,,,,,,
79,,20,▶ 합계 타석 30타수 이상이고 타율 2할4푼 이상인 자,,,,,,,,,,,,,,,,,
79,,15,▶ 합계 타석 25타수 이상이고 타율 2할2푼 이상인 자,,,,,,,,,,,,,,,,,
79,,10,▶ 합계 타석 20타수 이상이고 타율 2할 이상인 자,,,,,,,,,,,,,,,,,
79,,0,"▶ 지원 자격 결격, 서류 미제출, 위 사항 중 해당사항 없음",,,,,,,,,,,,,,,,,
79,,"※ 경기실적은 주말리그 (왕중왕전 포함) 및 전국대회 (이마트배, 황금사자기, 청룡기, 대통령배, 봉황대기)만 인정",,,,,,,,,,,,,,,,,,
80,"종목
(포지션)","평가
점수",평가기준,,,,,,,,,,,,,,,,,
80,"야구
(포수)",40,"▶ 다음 중 한 가지 이상 충족하는 자
 
- 전/현 청소년 대표 및 2025 신인드래프트 지명자
 
- 전국대회 (이마트배, 황금사자기, 청룡기, 대통령배, 봉황대기)에서 최우수선수상 (MVP),타격상,홈런상 수상자
 
- 합계 타석 50타수 이상이고 타율 3할2푼 이상인 자",,,,,,,,,,,,,,,,,
80,,35,"▶ 다음 중 한 가지 이상 충족하는 자
 
- 전국대회 (이마트배, 황금사자기, 청룡기, 대통령배, 봉황대기)에서, 타점상, 도루상, 수훈상 수상자
 
- 주말리그대회 (왕중왕전 포함)에서 최우수선수상, 타격상, 타점상, 홈런상, 수상자
 
- 합계 타석 45타수 이상이고 타율 3할 이상인 자",,,,,,,,,,,,,,,,,
80,,30,"▶ 다음 중 한 가지 이상 충족하는 자
 
- 주말리그대회 (왕중왕전 포함)에서 도루상, 수훈상 수상자
 
- 합계 타석 40타수 이상이고 타율 2할8푼 이상인 자",,,,,,,,,,,,,,,,,
80,,25,▶ 합계 타석 35타수 이상이고 타율 2할6푼 이상인 자,,,,,,,,,,,,,,,,,
80,,20,▶ 합계 타석 30타수 이상이고 타율 2할4푼 이상인 자,,,,,,,,,,,,,,,,,
80,,15,▶ 합계 타석 25타수 이상이고 타율 2할2푼 이상인 자,,,,,,,,,,,,,,,,,
80,,10,▶ 합계 타석 20타수 이상이고 타율 2할 이상인 자,,,,,,,,,,,,,,,,,
80,,0,"▶ 지원 자격 결격, 서류 미제출, 위 사항 중 해당사항 없음",,,,,,,,,,,,,,,,,
80,,"※ 경기실적은 주말리그 (왕중왕전 포함) 및 전국대회 (이마트배, 황금사자기, 청룡기, 대통령배, 봉황대기)만 인정",,,,,,,,,,,,,,,,,,
80,축	구,40,"▶ 전, 현 KFA (FIFA, AFC해당) 국가대표 (※ U-17, U-18, U-19 포함)",,,,,,,,,,,,,,,,,
80,,35,"▶ 전국대회 우승 (해당 대회의 소속팀 총 경기시간 중 60% 이상 출전자)
▶ 고등축구리그 왕중왕전 우승 (해당대회의 소속팀 총 경기시간 중 60%이상 출전자)
▶ 전국대회 개인상 (득점상, 최우수선수상, 수비상, GK상)",,,,,,,,,,,,,,,,,
80,,30,"▶ 전국대회 준우승 (해당 대회의 소속팀 총 경기시간 중 60% 이상 출전자)
▶ 고등축구리그 왕중왕전 준우승 (해당대회의 소속팀 총 경기시간 중 60%이상 출전자)",,,,,,,,,,,,,,,,,
80,,20,"▶ 전국대회 4강 (해당 대회의 소속팀 총 경기시간 중 70% 이상 출전자)
▶ 고등축구리그 왕중왕전 4강강 (해당 대회의 소속팀 총 경기시간 중 70% 이상 출전자)",,,,,,,,,,,,,,,,,
80,,15,"▶ 전국대회 8강 (해당 대회의 소속팀 총 경기시간 중 80% 이상 출전자)
▶ 고등축구리그 왕중왕전 8강 (해당 대회의 소속팀 총 경기시간 중 80% 이상 출전자)
▶ 전국 고등축구리그 권역별 1위 (해당대회의 소속팀 총 경기시간 중 80% 이상 출전자)",,,,,,,,,,,,,,,,,
80,,10,"▶ 전국대회 16강 (해당 대회의 소속팀 총 경기시간 중 90% 이상 출전자)
▶ 고등축구리그 왕중왕전 16강 (해당 대회의 소속팀 총 경기시간 중 90%이상 출전자)
▶ 전국 고등축구리그 권역별 2위 (해당대회의 소속팀 총 경기시간 중 90% 이상 출전자)",,,,,,,,,,,,,,,,,
80,,0,"▶ 지원 자격 결격, 서류 미제출, 위 사항 중 해당사항 없음",,,,,,,,,,,,,,,,,
81,"종목
(포지션)","평가
점수",평가기준,,,,,,,,,,,,,,,,,
81,농구,40,"▶ 전, 현 국가대표 (U-18, U-19 포함) (상비군 제외. 연맹 추천 우수선수 제외)
▶   2025년 제62회 전국 남녀 중,고 농구 춘계 연맹전 남자 고등부 결승 진출자 중, 예선 경기 포함 어시스트 평균 3개 
이상 기록한 자.
▶   2025년 제62회 전국 남녀 중,고 농구 춘계 연맹전 남자 고등부 4강 이상 진출자 중, 예선 경기 포함 리바운드 9개 
이상 기록한 경기가 3경기 이상인 자.
▶   2025년 제62회 전국 남녀 중,고 농구 춘계 연맹전 남자 고등부 8강 이상 진출자 중, 예선 경기 포함 리바운드 8개 
이상, 득점 25점 이상 기록한 경기가 3경기 이상인 자.",,,,,,,,,,,,,,,,,
81,,25,"▶ 2025년 제62회 전국 남녀 중,고 농구 춘계 연맹전 8강 이상 진출자 중, 예선 경기 포함 평균 25점 이상인 자.",,,,,,,,,,,,,,,,,
81,,15,"▶ 2025년 중고농구연맹, 대한민국농구협회 주관 전국대회 개인상 수상자 중, 아래 ① ~ ➄ 에 해당하는 자.
  ① 최우수 선수상 수상
  ② 우수 선수상 수상
  ③ 득점 상 수상
  ④ 어시스트 상 수상
  ⑤ 리바운드 상 수상",,,,,,,,,,,,,,,,,
81,,10,"▶ 2025년 중고농구연맹, 대한민국농구협회 주관 전국대회 4강 1회 이상 진출자 중, 아래 ① ~ ③ 중 하나에 해당하는 자.
  ① 예선 경기 포함 평균 득점 20점 이상
  ② 예선 경기 포함 평균 리바운드 8개 이상
  ③ 예선 경기 포함 평균 어시스트 3개 이상",,,,,,,,,,,,,,,,,
81,,5,"▶ 2025년도 중고농구연맹, 대한민국농구협회 주관 전국대회 16강 이상 진출자 중, 아래 ① ~ ③ 중 하나에 해당 하는 자.
  ① 예선 경기 포함 평균 득점 20점 이상
  ② 예선 경기 포함 평균 리바운드 10개 이상
  ③ 예선 경기 포함 평균 어시스트 7개 이상",,,,,,,,,,,,,,,,,
81,,0,"▶ 지원 자격 결격, 서류 미제출, 위 사항 중 해당사항 없음.",,,,,,,,,,,,,,,,,
81,배구,40,"▶ 고교 재학 중/현 유스, 청소년, 시니어 국가대표에 선발된 자 (※ 상비군 제외, 연맹 추천 우수선수 제외)
▶ 2025 전국대회 우승 1회 이상 입상자 중 결승전 경기에서 3세트 이상 출전한 자로 아래의 조건을 갖춘 자*
▶ 2023~2025 전국대회 결승전 개인상 2개 이상 수상자",,,,,,,,,,,,,,,,,
81,,30,"▶ 2025 전국대회 준우승 1회 이상 입상자 중 결승전 경기에서 3세트 이상 출전한 자로 아래의 조건을 갖춘 자*
▶ 2024~2025 최우수선수상 수상자
▶ 2024 전국대회 우승 1회 이상 입상자 중 결승전 경기에서 3세트 이상 출전한 자로 아래의 조건을 갖춘 자*",,,,,,,,,,,,,,,,,
81,,20,"▶ 2025 전국대회 4강 이상 진출자 중 4강 이내 경기에서 3세트 이상 출전한 자로 아래의 조건을 갖춘 자*
▶ 2024 전국대회 준우승 1회 이상 입상자 중 결승전 경기에서 3세트 이상 출전한 자로 아래의 조건을 갖춘 자*",,,,,,,,,,,,,,,,,
81,,15,"▶ 2025 전국대회 8강 진출자 중 8강 이내 경기에서 3세트 이상 출전한 자로 아래의 조건을 갖춘 자*
▶ 2024 전국대회 4강 진출자 중 4강 이내 경기에서 3세트 이상 출전한 자로 아래의 조건을 갖춘 자*
▶ 2024~2025 전국대회 개인상 1개 이상 수상자",,,,,,,,,,,,,,,,,
81,,10,▶ 2023 전국대회 4강 진출자 중 4강 이내 경기에서 3세트 이상 출전한 자로 아래의 조건을 갖춘 자*,,,,,,,,,,,,,,,,,
81,,5,"▶ 고교 재학 중 전국대회 6강 진출자 중 6강 이내 경기에서 3세트 이상 출전한 자로 아래의 조건을 갖춘 자*
▶ 고교 재학 중 전국대회 8강 진출자 중 8강 이내 경기에서 3세트 이상 출전한 자로 아래의 조건을 갖춘 자*",,,,,,,,,,,,,,,,,
81,,0,"▶ 지원 자격 결격, 서류 미제출, 위 사항 중 해당사항 없음",,,,,,,,,,,,,,,,,
81,,"* 경기에서 3세트 이상 출전한 자로 아래의 조건을 갖춘 자 
- 매 세트당 어느 한 팀이 20점 득점을 내는 기간 출전 (단, 5세트인 경우 어느 한 팀이 12점을 내는 기간 출전) 
- 선수 교체기간은 위 득점을 내는 기간에서 제외함 (단, 미들 블로커와 리베로간 교체의 경우 득점 기간에 포함)",,,,,,,,,,,,,,,,,,
82,"종목
(포지션)","평가
점수",평가기준,,,,,,,,,,,,,,,,,
82,골프,40,"▶ 전·현 국가대표 및 국가대표상비군
▶ KPGA, KLPGA 1부 투어 대회 우승자
▶ 남/여 미국, 유럽, 일본 투어 대회 우승자",,,,,,,,,,,,,,,,,
82,,35,"▶ KPGA, KLPGA 1부 투어 대회 준우승자
▶ 남/여 미국, 유럽, 일본 투어 대회 준우승자
▶ 고교 재학 중 중고연맹 및 대한골프협회 대회 우승자",,,,,,,,,,,,,,,,,
82,,30,"▶ KPGA, KLPGA 1부 투어 대회 3위 입상자
▶ KPGA, KLPGA 2부 투어 대회 우승자
▶ 고교 재학 중 중고연맹 및 대한골프협회 대회 준우승자",,,,,,,,,,,,,,,,,
82,,25,"▶ KPGA, KLPGA 2부 투어 대회 준우승자
▶ 남/여 미국, 유럽, 일본 투어 대회 3위 입상자
▶ 고교 재학 중 중고연맹 및 대한골프협회 대회 3위 입상자",,,,,,,,,,,,,,,,,
82,,20,"▶ KPGA, KLPGA 1부 투어 대회 4위-5위 입상자
▶ KPGA, KLPGA 2부 투어 대회 3위 입상자
▶ 남/여 미국, 유럽, 일본 투어 대회 4위-5위 입상자",,,,,,,,,,,,,,,,,
82,,15,▶ KPGA 및 KLPGA 시드권자,,,,,,,,,,,,,,,,,
82,,10,▶ KPGA 및 KLPGA 정회원,,,,,,,,,,,,,,,,,
82,,0,"▶ 지원 자격 결격, 서류 미제출, 위 사항 중 해당사항 없음",,,,,,,,,,,,,,,,,
83,구분,성별,한국무용,발레,컨템포러리댄스,,,,,,,,,,,,,,,
83,"전공
실기",여,"① 연분홍색 홀타이즈
 
- 검은색 풀치마 (제공) 
② 검은색 긴소매 레오타드 (면 소재) 
③ 흰색 코슈즈","① 연분홍색 홀타이즈
② 검은색 끈 레오타드 
③ 분홍색 슈즈","① 검은색 발 없는 타이즈
② 검은색 끈 레오타드",,,,,,,,,,,,,,,
83,,남,"① 검은색 발 없는 타이즈
 
- 검은색 각바지 (제공) 
② 흰색 U넥 민소매 레오타드 (면 소재)
③ 흰색 양말, 흰색 코슈즈","① 검은색 홀타이즈
② 흰색 U넥 민소매 레오타드
③ 검은색 슈즈
④ 검은색 양말","① 검은색 발 없는 타이즈 
② 흰색 U넥 민소매 레오타드",,,,,,,,,,,,,,,
83,"부전공	
실기",,발레,한국무용,한국무용,,,,,,,,,,,,,,,
83,,여,"① 연분홍색 홀타이즈
② 검은색 긴소매 레오타드 (면 소재) 
③ 슈즈 미착용 (맨발)","① 연분홍색 홀타이즈
 
- 검은색 풀치마 (제공)
② 검은색 끈 레오타드
③ 흰색 코슈즈","① 검은색 발 없는 타이즈
 
- 검은색 풀치마 (제공)
② 검은색 끈 레오타드
③ 흰색 코슈즈",,,,,,,,,,,,,,,
83,,남,"① 검은색 발 없는 타이즈 
② 흰색 U넥 민소매 레오타드 (면 소재) 
③ 슈즈 미착용 (맨발)","① 검은색 홀타이즈
 
- 검은색 각바지 (제공)
② 흰색 U넥 민소매 레오타드
③ 흰색 코슈즈","① 검은색 발 없는 타이즈
 
- 검은색 각바지 (제공)
② 흰색 U넥 민소매 레오타드
③ 흰색 코슈즈",,,,,,,,,,,,,,,
83,,,컨템포러리댄스,컨템포러리댄스,발레,,,,,,,,,,,,,,,
83,,여,"① 연분홍색 홀타이즈
② 검은색 긴소매 레오타드 (면 소재)","① 연분홍색 홀타이즈
② 검은색 끈 레오타드","① 검은색 발 없는 타이즈
② 검은색 끈 레오타드 
③ 슈즈 미착용 (맨발)",,,,,,,,,,,,,,,
83,,남,"① 검은색 발 없는 타이즈
② 흰색 U넥 민소매 레오타드 (면 소재)","① 검은색 홀타이즈
② 흰색 U넥 민소매 레오타드","① 검은색 발 없는 타이즈 
② 흰색 U넥 민소매 레오타드
③ 슈즈 미착용 (맨발)",,,,,,,,,,,,,,,
84,"학업역량
40%",학업수월성	200점,"우리대학에	입학할	만한	충분한	학업능력을	보여주는가
- 교과 성취수준 (종합), 학업 태도, 학업 여건 등",,,,,,,,,,,,,,,,,
84,,학업충실성	200점,,,,,,,,,,,,,,,,,,
84,"탐구역량
40%",탐구확장성	200점,"관심	분야에	대한	호기심과	이를	탐구하기	위한	노력이	있는가
- 교과 성취 수준 (개별), 지적 호기심, 관심 및 열의, 활동 내용 등",,,,,,,,,,,,,,,,,
84,,탐구주도성	200점,,,,,,,,,,,,,,,,,,
84,"잠재역량
20%",미래성장성	100점,"자기주도적	리더가	될	자질	및	발전가능성이	있는가
- 자기주도성, 리더십, 역경극복 의지, 이타성, 소통 능력, 성실성 등",,,,,,,,,,,,,,,,,
84,,공동체의식	100점,,,,,,,,,,,,,,,,,,
86,모집단위,교육과정	총론의	기준	전문교과	(군),,,,,,,,,,,,,,,,,,
86,인문과학계열,"경영·금융, 보건·복지, 디자인·문화 콘텐츠, 미용·관광·레저, 음식 조리",,,,,,,,,,,,,,,,,,
86,사회과학계열,,,,,,,,,,,,,,,,,,,
86,자연과학계열,"보건·복지, 디자인·문화 콘텐츠, 음식 조리, 건설, 기계, 재료, 화학 공업, 섬유·의류, 전기·전자, 정보·통신, 
식품 가공, 인쇄·출판·공예, 환경·안전, 농림·수산·해양, 선박 운항",,,,,,,,,,,,,,,,,,
86,공학계열,,,,,,,,,,,,,,,,,,,
86,모집단위,교육과정	총론의	기준	전문교과	(군),,,,,,,,,,,,,,,,,,
86,,농생명	산업,공업,상업	정보,수산·해운,가사·실업,,,,,,,,,,,,,,
86,인문과학계열,-,-,○,-,○,,,,,,,,,,,,,,
86,사회과학계열,,,,,,,,,,,,,,,,,,,
86,자연과학계열,○,○,-,○,○,,,,,,,,,,,,,,
86,공학계열,○,○,-,○,-,,,,,,,,,,,,,,
87,모집단위,특전,,,,,,,,,,,,,,,,,,
87,글로벌리더학부,"•  국가고시 및 로스쿨 진학, 다양한 취업 진로 프로그램 제공
•  (정책트랙)고시 합격생 및 (법무트랙)법학적성시험 상위 학생 장학제도
•  신입생 성적우수자 중 2학년 1학기 재학생 대상 장학금 지급 (신입학년도 2개 학기 연속 재학 필수)
•  해외 교환학생 및 복수학위 우선 지원, 국제 인턴십 우선 지원, 학사 + 석사 연계과정 5년 지원 (대학원 장학금 
포함), 해외 박사학위과정 진학 추천 (Honor Student 인증)",,,,,,,,,,,,,,,,,,
87,글로벌경제학과,"•  해외대학 (영국 Univ. of Birmingham, 네덜란드 Erasmus Univ. 등)과의 복수학위 및 교환학생 프로그램 운영
•  해외 교환학생 파견 장학 지원 (기준 충족자에 한해 항공권 및 체재비 등 일부 지원)
•  해외대학과 공동 개최하는 국제학술대회 참여 지원
•  국가고시 및 로스쿨 진학, 다양한 취업 진로 프로그램 제공
•  국제 인턴십 우선 지원, 학사 + 석사 연계과정 5년 지원 (대학원 장학금 포함), 해외 박사학위과정 진학 추천  
(Honor Student 인증)
•  신입학년도	성적우수자	중	2학년	1학기	재학생	대상	장학금	지급	(신입학년도	2개학기	연속	재학	필수)",,,,,,,,,,,,,,,,,,
87,글로벌경영학과,"•  해외대학 (미국 Indiana Univ., 프랑스 Emlyon Univ. 등)과의 복수학위 및 교환학생 프로그램 운영
•  해외 교환학생 파견 장학 지원 (기준 충족자에 한해 항공권 및 체재비 등 일부 지원)
•  글로벌 탐방 프로그램 제공 (항공료 등 제반 비용 지원)
•  해외취업, 외국계취업 등 각종 취업 역량 강화 프로그램 제공
•  신입학년도 성적우수자 중 2학년 1학기 재학생 대상 장학금 지급 (신입학년도 2개학기 연속 재학 필수)
•  국제 인턴십 우선 지원, 학사 + 석사 연계과정 5년 지원 (대학원 장학금 포함), 해외 박사학위과정 진학 추천  
(Honor Student 인증)",,,,,,,,,,,,,,,,,,
87,반도체시스템공학과,"•  전체 신입생 대상 2년 (4개 학기) 전액 장학금 지급 (기준 성적 충족 시)
•  삼성전자 입사 및 등록금전액 (재학 5학기~8학기) 지급 (최소채용절차 통과자 및 기준 성적 충족 시)
•  성적우수자에 대한 학업장려금 지급
•  미국 실리콘밸리 연수 지원
•  기숙사 우선 배정 (1학년 1년간, 기숙사 입사신청 1차 시기 지원자에 한함)
•  삼성전자 인턴십 프로그램 제공 (최소채용절차 통과 시)",,,,,,,,,,,,,,,,,,
88,모집단위,특전,,,,,,,,,,,,,,,,,,
88,지능형소프트웨어학과,"•  5학년 졸업 후 학사·석사 동시 취득
•  전체 신입생 대상 3년 (6개 학기) 전액 장학금 지급 (기준 성적 충족 시)
•  삼성전자 입사 및 전액 장학금 (재학 7학기~10학기) 지급 (최소채용절차 통과자 및 기준 성적 충족 시)
•  삼성전자	해외연구소	방문	단기	해외	연수
•  성적우수자에 대한 학업장려금 지급
•  석사과정 기간 학비 보조금 매월 지급
•  삼성전자 DX부문 인턴십 프로그램 제공 (최소채용절차 통과 시)
•  학위과정 중 국제우수학술대회 논문 발표 시 출장 지원
•  기숙사	우선	배정	(1학년	1년간,	기숙사	입사신청	1차	시기	지원자에	한함)",,,,,,,,,,,,,,,,,,
88,소프트웨어학과,"•  국내·외 SW전문기업 인턴십 및 해외 방문 프로그램 지원
•  기숙사 우선 배정 (1학년 1년간, 기숙사 입사신청 1차 시기 지원자에 한함)
•  산학협력 프로젝트 프로그램 제공
•  SW코딩 멘토링 지원
•  우수학부생 연구실 입실 및 연구 활동 진행
•  해외 대학과의 공동 프로젝트 수행
•  SW 창업 멘토링 교육 및 창업 지원",,,,,,,,,,,,,,,,,,
88,"글로벌바이오
메디컬공학과","•  IBS 뇌과학이미징연구단 특성화프로그램 참여 가능 (해외석학강좌, 첨단 뉴로이미징 연구장비 교육, 썸머스쿨 등)
•  기숙사 우선 배정 (1학년 1년간, 기숙사 입사신청 1차 시기 지원자에 한함)
•  성적우수자에 대한 학업장려금 지급",,,,,,,,,,,,,,,,,,
88,반도체융합공학과,"•  반도체특성화대학 사업 지원을 통해 정원내 입학생 전원 2년 (4개 학기) 장학금 지급 
 
( 각 장학금별 기준 성적 충족 必, 과학인재전형 합격자는 과학인재장학금 수여, 반도체특성화대학 지원 장학금은 2026년 
2학기까지 확정이며, 사업 지속 여부에 따라 연장 가능)
•  조기 석사학위 취득이 가능한 학·석사 연계과정 운영 예정
•  지도교수-학생 간의 1:1 매칭을 통해 학업, 진로 등 다양한 분야에 대한 맞춤형 멘토링 제공
•  글로벌 반도체기술 해외탐방 프로그램 (항공료를 포함한 참여 비용 전액 지원) 및 학회 참가 기회 제공
•  반도체설계실습실, 교육용반도체 fab 활용 (구축 중) 통한 실습 강화 교육",,,,,,,,,,,,,,,,,,
88,배터리학과,"•  전체 신입생 대상 2년(4개 학기) 전액 장학금 지급하고(기준 성적 충족 시), 삼성SDI 입사 및 전액 장학금(재학 
5학기~8학기) 지급(최소채용절차 통과자 및 기준 성적 충족 시)
•  기숙사 우선 배정(1학년 1년간, 기숙사 입사신청 1차 시기 지원자에 한함)
•  성적우수자에 대한 학업장려금 지급
•  해외연수(전시회/학회) 참여 기회 제공 (기준 성적 충족 시)
•  삼성SDI 인턴십 프로그램 제공 (최소 채용절차 통과 시)",,,,,,,,,,,,,,,,,,
