3,"전형
구분",,"교과우수
농어촌
사회배려
특수교육
특성화고
일반전형
전형
전형
전형
전형
전형",,,,,,,,,,,,,
3,복수지원,,"- 상기 전형 중 1개 전형만 지원 가능
-
‘가’군과 ‘다’군 간 복수지원 가능",,,,,,,,,,,,,
3,"지원
자격",일반고,○,,○,○,○,○,-,,,,,,,
3,,특목고,○,,○,-,○,○,-,,,,,,,
3,,특성화고,○,,-,○,○,○,○,,,,,,,
3,,국외고,○,,-,-,○,○,-,,,,,,,
3,,검정고시,○,,-,-,○,○,-,,,,,,,
3,"대학수학능력시험주1) 
최저학력기준",,"△
사이버국방
학과만 해당",,-,-,-,-,-,,,,,,,
3,"전형
방법",전형요소,"<교과우수전형>
 • 인문⸱자연계열(의과대학 제외): 수능 80 + 학생부 20
 • 의과대학: 수능 80 + 학생부 20 + 적성‧인성 면접주3)
<농어촌전형, 사회배려전형>
 • 인문⸱자연계열(의과대학 제외): 수능 100
 • 의과대학: 수능 100 + 적성‧인성 면접주3)
 • 체육교육과, 디자인조형학부: 수능 70 + 실기 30
<특수교육전형, 특성화고전형>
 • 인문⸱자연계열: 수능 100",,,,,,,,,,,,,
3,,,,"<일반전형>
 • 인문⸱자연계열(의과대학,  사이버국방학과  제외):  수능  100
 • 의과대학: 수능 100 + 적성‧인성 면접주3)
 • 사이버국방학과: 수능 80 + 기타 20(군 면접, 체력검정 등) 
 • 체육교육과, 디자인조형학부: 수능 70 + 실기 30",,,,,,,,,,,,
3,,,,,,,,,,,,,,,,
3,,선발방식,일괄합산,,,,,,,,,,,,,
3,"제출
서류",학교생활기록부주2),○,,○,○,○,○,○,,,,,,,
3,,지원자격증빙서류,△,,-,○,○,○,-,,,,,,,
3,세부전형안내,,12쪽,,16쪽,19쪽,23쪽,27쪽,29쪽,,,,,,,
5,"대학
(학부)",계열,모집단위,정원,"정시
모집인원 
계","일반
전형","교과우수
전형","농어촌
전형","사회배려
전형","특수교육
전형","특성화고
전형",,,,,
5,경영대학,인문,경영대학,320,134,84,37,10,3,◉,◉,,,,,
5,문과대학,인문,국어국문학과*,54,25,16,6,2,1,◉,◉,,,,,
5,,,철학과*,40,18,11,5,1,1,◉,◉,,,,,
5,,,한국사학과,24,10,6,3,1,-,◉,◉,,,,,
5,,,사학과,43,18,11,5,1,1,◉,◉,,,,,
5,,,사회학과*,74,33,21,9,2,1,◉,◉,,,,,
5,,,한문학과*,24,10,6,3,1,-,◉,◉,,,,,
5,,,영어영문학과*,100,44,27,12,3,2,◉,◉,,,,,
5,,,독어독문학과*,35,15,9,4,1,1,◉,◉,,,,,
5,,,불어불문학과*,38,16,10,4,1,1,◉,◉,,,,,
5,,,중어중문학과*,51,22,13,6,2,1,◉,◉,,,,,
5,,,노어노문학과*,35,15,9,4,1,1,◉,◉,,,,,
5,,,일어일문학과*,41,18,11,5,1,1,◉,◉,,,,,
5,,,서어서문학과,46,19,12,5,1,1,◉,◉,,,,,
5,,,언어학과,28,12,7,3,1,1,◉,◉,,,,,
5,"생명과학
대학",자연,생명과학부*,95,40,25,11,3,1,◉,◉,,,,,
5,,,생명공학부,105,48,31,12,3,2,◉,◉,,,,,
5,,,식품공학과,44,19,12,5,1,1,◉,◉,,,,,
5,,,환경생태공학부,67,28,17,8,2,1,◉,◉,,,,,
5,,인문,식품자원경제학과,53,24,15,6,2,1,◉,◉,,,,,
5,정경대학,인문,정치외교학과*,74,35,23,9,2,1,◉,◉,,,,,
5,,,경제학과*,128,55,34,15,4,2,◉,◉,,,,,
5,,,통계학과*,77,31,19,9,2,1,◉,◉,,,,,
5,,,행정학과*,73,33,21,9,2,1,◉,◉,,,,,
5,이과대학,자연,수학과*,49,23,15,6,1,1,◉,◉,,,,,
5,,,물리학과*,49,24,16,6,1,1,◉,◉,,,,,
5,,,화학과*,44,19,12,5,1,1,◉,◉,,,,,
5,,,지구환경과학과*,34,15,9,4,1,1,◉,◉,,,,,
5,공과대학,자연,공과대학★,65,32,-,32,-,-,-,-,,,,,
5,,,화공생명공학과,80,37,24,10,2,1,◉,◉,,,,,
5,,,신소재공학부,120,54,32,16,4,2,◉,◉,,,,,
5,,,건축사회환경공학부,86,36,21,11,3,1,◉,◉,,,,,
5,,,건축학과,40,17,10,5,1,1,◉,◉,,,,,
5,,,기계공학부,126,58,37,15,4,2,◉,◉,,,,,
5,,,산업경영공학부,47,20,11,6,2,1,◉,◉,,,,,
5,,,전기전자공학부,205,101,65,26,7,3,◉,◉,,,,,
5,,,반도체공학과,정원외,10,10,-,-,-,-,-,,,,,
5,,,융합에너지공학과,30,13,8,3,1,1,◉,◉,,,,,
5,,,차세대통신학과,정원외,10,10,-,-,-,-,-,,,,,
6,"대학
(학부)",계열,모집단위,정원,"정시
모집인원 
계","일반
전형","교과우수
전형","농어촌
전형","사회배려
전형","특수교육
전형","특성화고
전형",,,,,
6,의과대학,자연,의과대학,106,45,28,12,3,2,-,-,,,,,
6,사범대학,인문,교육학과,49,22,13,6,2,1,◉,-,,,,,
6,,,국어교육과,47,19,12,5,1,1,◉,-,,,,,
6,,,영어교육과,58,25,15,7,2,1,◉,-,,,,,
6,,,지리교육과,35,15,9,4,1,1,◉,-,,,,,
6,,,역사교육과,30,13,8,3,1,1,◉,-,,,,,
6,,자연,가정교육과,35,17,11,4,1,1,◉,-,,,,,
6,,,수학교육과,36,17,11,4,1,1,◉,-,,,,,
6,,체능,체육교육과,80,45,42,-,2,1,-,-,,,,,
6,간호대학,자연,간호대학*,60,32,22,7,2,1,-,◉,,,,,
6,정보대학,자연,컴퓨터학과,110,51,32,14,3,2,◉,◉,,,,,
6,,,데이터과학과,40,17,11,4,1,1,◉,◉,,,,,
6,,,인공지능학과,102,43,28,12,2,1,◉,◉,,,,,
6,"디자인
조형학부",예능,디자인조형학부,50,38,35,-,2,1,-,-,,,,,
6,국제대학,인문,국제학부,45,15,9,3,2,1,◉,◉,,,,,
6,,,글로벌한국융합학부,5,0,0,-,-,-,-,-,,,,,
6,"미디어
대학",인문,미디어학부,62,21,10,8,2,1,◉,◉,,,,,
6,"보건과학
대학",자연,바이오의공학부,80,34,21,10,2,1,◉,◉,,,,,
6,,,바이오시스템의과학부,65,28,17,8,2,1,◉,◉,,,,,
6,,,보건환경융합과학부,112,48,30,13,3,2,◉,◉,,,,,
6,,인문,보건정책관리학부,74,31,19,9,2,1,◉,◉,,,,,
6,"자유
전공학부",인문,자유전공학부★,95,40,25,11,3,1,◉,◉,,,,,
6,"스마트
보안학부",자연,스마트보안학부,50,20,13,5,1,1,◉,◉,,,,,
6,,,사이버국방학과,정원외,16,16,-,-,-,-,-,,,,,
6,심리학부,인문,심리학부*,36,12,5,5,1,1,◉,◉,,,,,
6,"스마트모
빌리티학
부",자연,스마트모빌리티학부,정원외,20,20,-,-,-,-,-,,,,,
6,서울캠퍼스(‘가’군)  계,,,,"1,936","1,192",494,120,69,36,25,,,,,
6,"학부대학
공통
학부대학★
36
(‘다’군)",,,,36,18,18,-,-,-,-,,,,,
6,"서울캠퍼스(‘가’군,  ‘다’군)  계",,,,"1,972","1,210",512,120,69,36,25,,,,,
8,구분,,일시,비고,,,,,,,,,,,,
8,원서접수,,"2024.12.31.(화) 10:00
~  2025.01.02.(목) 17:00","￭ 입학처 홈페이지(oku.korea.ac.kr)
  ￭ 인터넷으로만 접수하므로 사진파일을 미리 
준비해야 함",,,,,,,,,,,,
8,서류제출,온라인,"2024.12.31.(화) 10:00
~  2025.01.02.(목) 19:00
※ 입력기간 이후에는 
   입력(수정) 일절 불가","￭ 입학처 홈페이지  
  ￭ 해당자에 한함
   단, 사이버국방학과의 신원조회용 온라인 서류  
  제출은 별도의 제출일정 참조(46쪽)
  ￭ 해당 전형의 서류제출 방법 참조",,,,,,,,,,,,
8,,등기우편,"<국내 발송>
2025.01.03(금)
우체국 접수(등기우편) 까지 
유효
<국외 발송>
2025.01.06.(월) 
입학처 도착 분까지 유효","￭ 해당자에 한함
  ￭ 02841 서울특별시 성북구 안암로 145 
고려대학교 입학처 정시 ○○전형 담당자
  ￭ 우편접수는 등기우편만 가능함(방문접수 불가)",,,,,,,,,,,,
8,제출서류 도착 확인,,2025.01.13.(월) 10:00,"￭ 입학처 홈페이지
  ￭ 등기우편 서류 제출 해당자에 한함",,,,,,,,,,,,
8,"최종합격자 
발표","￭ 일반전형
  (의과대학, 
체육교육과, 
디자인조형학부, 
사이버국방학과 제외)
￭ 교과우수전형
  (의과대학 제외)",2025.01.24.(금) 17:00,"￭ 입학처 홈페이지
  ￭ 개별 통지하지 않음
  ￭ 합격증, 등록금고지서, 학생증신청서 등 기타 
유인물은 입학처 홈페이지에서 합격자 조회 시 
출력 가능함",,,,,,,,,,,,
8,,"￭ 일반전형
  (의과대학, 
체육교육과, 
디자인조형학부, 
사이버국방학과)
￭ 교과우수전형
  (의과대학)
￭ 농어촌전형
  사회배려전형
  특수교육전형
  특성화고전형",2025.02.07.(금) 17:00,,,,,,,,,,,,,
9,모집단위,구분,일시,비고,,,,,,,,,,,,
9,의과대학,"적성‧인성 
면접고사",2025.01.14.(화) 08:30까지 입실완료,"￭ 고사 장소
     2025.01.07.(화) 입학처         
     홈페이지에 공지함
  ￭ 대면면접으로 시행함",,,,,,,,,,,,
9,체육교육과,실기고사,"2025.01.10.(금) ~ 01.11.(토)
  오전조  08:30까지 입실완료, 
  오후조  13:30까지 입실완료
※ 수험생은 실기고사 기간 중 1일만    
  참석","￭ 고사 장소
     2025.01.07.(화) 입학처        
     홈페이지에 공지함
  ￭  실기고사  종목별  유의사항  및  실시방  
     법은  입학처  홈페이지에  동영상으로   
     안내할 예정임",,,,,,,,,,,,
9,디자인조형학부,,2025.01.14.(화) 08:30까지 입실완료,"￭ 고사 장소
     2025.01.07.(화) 입학처        
     홈페이지에 공지함",,,,,,,,,,,,
9,사이버국방학과,"신원조회, 
인성검사, 
체력검정, 
신체검사,
군 면접평가","<군 관련 일정>
 - 신원조회(온라인): 
    2025.01.06.(월) ~ 01.08(수)
 - 인성검사(온라인)
    2025.01.06.(월) ~ 01.08(수)
 - 체력검정(인증서): 국민체력100
 - 신체검사: 2025.01.10(금)
 - 군 면접평가: 2025.01.10(금)","￭ 고사 장소
     2025.01.07.(화) 입학처         
     홈페이지에 공지함",,,,,,,,,,,,
9,구분,일시,비고,,,,,,,,,,,,,
9,등록 기간,"2025.02.10.(월) 10:00 ~ 
         02.12.(수) 14:00까지","￭ 본 대학교에서 부여한 합격자 개별 가상 계좌번호로 전국 
모든 은행창구, ATM, 인터넷뱅킹, 폰뱅킹 등을 이용하여 
입금함
  ￭ 등록 기간 내에 등록금을 납부하지 않을 경우에는 합격이   
     취소됨",,,,,,,,,,,,,
10,구분,발표일시,등록기간,비고,,,,,,,,,,,,
10,1차,2025.02.13.(목)  10:00,2025.02.14.(금)  14:00까지,"￭ 입학처 홈페이지(oku.korea.ac.kr)
  ￭ 본 대학교에서 부여한 합격자 개별 가상 
계좌번호로 전국 모든 은행창구, ATM, 
인터넷뱅킹, 폰뱅킹 등을 이용하여 입금함",,,,,,,,,,,,
10,2차,2025.02.15(토)  10:00,2025.02.17.(월)  14:00까지,,,,,,,,,,,,,
10,3차,2025.02.17(월)  20:00,2025.02.18(화)  14:00까지,,,,,,,,,,,,,
10,4차,2025.02.18(화)  20:00,2025.02.19(수)  14:00까지,,,,,,,,,,,,,
10,"5차  이후~최종
(전화  개별  통보)","2025.02.19.(수) 
14:00  ~  18:00",합격자  발표시  개별통보,,,,,,,,,,,,,
10,구분,일시,장소,비고,,,,,,,,,,,,
10,신청기한,"2025.02.19.(수)
17:00까지","입학처  홈페이지
(oku.korea.ac.kr)","￭ 본 대학교에 합격하여 등록하였으나 등록을 
취소하고자 하는 경우에는 이미 납입한 등록금의 
환불을 요구할 수 있음
  ￭ 기일 경과로 인한 불이익은 지원자 본인 책임임",,,,,,,,,,,,
13,전형료,,,,,,,,,,,,,,,
13,일반전형,"인문계,  자연계(사이버국방학과  제외)","30,000원",,,,,,,,,,,,,
13,,"체육교육과,  디자인조형학부,  사이버국방학과","100,000원",,,,,,,,,,,,,
13,"교과우수전형,  농어촌전형,  특수교육전형,  특성화고전형",,"30,000원",,,,,,,,,,,,,
13,사회배려전형,,면제,,,,,,,,,,,,,
13,해당자,해당자별 제출서류,,,,,,,,,,,,,,
13,교육지원  국가보훈대상자,대학입학특별전형대상자증명서(지원자  기준)  1부,,,,,,,,,,,,,,
13,국민기초생활보장  수급자,국민기초생활보장  수급자증명서(지원자  기준)  1부,,,,,,,,,,,,,,
13,차상위복지급여  수급자,"차상위계층  확인서(지원자  기준)  1부
단,  지원자  기준으로  발급받을  수  없는  경우  추가  제출서류
  -  주민등록표등본  1부
  -  가족관계증명서  1부",,,,,,,,,,,,,,
15,"대학
(학부)",계열,모집단위,모집인원,,,,,,,,,,,,
15,경영대학,인문,경영대학,84,,,,,,,,,,,,
15,문과대학,인문,국어국문학과,16,,,,,,,,,,,,
15,,,철학과,11,,,,,,,,,,,,
15,,,한국사학과,6,,,,,,,,,,,,
15,,,사학과,11,,,,,,,,,,,,
15,,,사회학과,21,,,,,,,,,,,,
15,,,한문학과,6,,,,,,,,,,,,
15,,,영어영문학과,27,,,,,,,,,,,,
15,,,독어독문학과,9,,,,,,,,,,,,
15,,,불어불문학과,10,,,,,,,,,,,,
15,,,중어중문학과,13,,,,,,,,,,,,
15,,,노어노문학과,9,,,,,,,,,,,,
15,,,일어일문학과,11,,,,,,,,,,,,
15,,,서어서문학과,12,,,,,,,,,,,,
15,,,언어학과,7,,,,,,,,,,,,
15,"생명과학
대학",자연,생명과학부,25,,,,,,,,,,,,
15,,,생명공학부,31,,,,,,,,,,,,
15,,,식품공학과,12,,,,,,,,,,,,
15,,,환경생태공학부,17,,,,,,,,,,,,
15,,인문,식품자원경제학과,15,,,,,,,,,,,,
15,정경대학,인문,정치외교학과,23,,,,,,,,,,,,
15,,,경제학과,34,,,,,,,,,,,,
15,,,통계학과,19,,,,,,,,,,,,
15,,,행정학과,21,,,,,,,,,,,,
15,이과대학,자연,수학과,15,,,,,,,,,,,,
15,,,물리학과,16,,,,,,,,,,,,
15,,,화학과,12,,,,,,,,,,,,
15,,,지구환경과학과,9,,,,,,,,,,,,
15,공과대학,자연,화공생명공학과,24,,,,,,,,,,,,
15,,,신소재공학부,32,,,,,,,,,,,,
15,,,건축사회환경공학부,21,,,,,,,,,,,,
15,,,건축학과,10,,,,,,,,,,,,
15,"대학
(학부)",계열,모집단위,모집인원,,,,,,,,,,,,
15,공과대학,자연,기계공학부,37,,,,,,,,,,,,
15,,,산업경영공학부,11,,,,,,,,,,,,
15,,,전기전자공학부,65,,,,,,,,,,,,
15,,,반도체공학과,10,,,,,,,,,,,,
15,,,융합에너지공학과,8,,,,,,,,,,,,
15,,,차세대통신학과,10,,,,,,,,,,,,
15,의과대학,자연,의과대학,28,,,,,,,,,,,,
15,사범대학,인문,교육학과,13,,,,,,,,,,,,
15,,,국어교육과,12,,,,,,,,,,,,
15,,,영어교육과,15,,,,,,,,,,,,
15,,,지리교육과,9,,,,,,,,,,,,
15,,,역사교육과,8,,,,,,,,,,,,
15,,자연,가정교육과,11,,,,,,,,,,,,
15,,,수학교육과,11,,,,,,,,,,,,
15,,체능,체육교육과,42,,,,,,,,,,,,
15,간호대학,자연,간호대학,22,,,,,,,,,,,,
15,정보대학,자연,컴퓨터학과,32,,,,,,,,,,,,
15,,,데이터과학과,11,,,,,,,,,,,,
15,,,인공지능학과,28,,,,,,,,,,,,
15,디자인조형학부,예능,디자인조형학부,35,,,,,,,,,,,,
15,국제대학,인문,국제학부,9,,,,,,,,,,,,
15,,,글로벌한국융합학부,0,,,,,,,,,,,,
15,미디어대학,인문,미디어학부,10,,,,,,,,,,,,
15,보건과학대학,자연,바이오의공학부,21,,,,,,,,,,,,
15,,,바이오시스템의과학부,17,,,,,,,,,,,,
15,,,보건환경융합과학부,30,,,,,,,,,,,,
15,,인문,보건정책관리학부,19,,,,,,,,,,,,
15,자유전공학부,인문,자유전공학부,25,,,,,,,,,,,,
15,스마트보안학부,자연,스마트보안학부,13,,,,,,,,,,,,
15,,,사이버국방학과,16,,,,,,,,,,,,
15,심리학부,인문,심리학부,5,,,,,,,,,,,,
15,"스마트모빌리티
학부",자연,스마트모빌리티학부,20,,,,,,,,,,,,
15,학부대학(다군),공통,학부대학,18,,,,,,,,,,,,
16,"지원자 
구분",제출서류,"제출
구분",상세,제출방법,,,,,,,,,,,
16,"국내고등학교
졸업(예정)자","학교생활기록부
(대입전형용)",필수,"· 나이스(NEIS)를 통한 제공 가능자
  - 대상자 여부는 소속고교 관할 시·도교육청으로 문의","원서접수 시 
 온라인 제공 동의 필수
 (업로드 제출 불필요)",,,,,,,,,,,
16,,,,"· 나이스(NEIS)를 통한 제공이 불가능한 자
  - 학교생활기록부(대입전형용) 사본 1부(PDF파일)","원서접수 시
 제출기한 내에 업로드",,,,,,,,,,,
16,"국외고등학교
졸업(예정)자","국외고등학교
졸업(예정)증명
서",필수,"· 재학한 학교에서 공식적으로 발행한 증명서만 인정함
※  아포스티유  및  영사  확인은  ‘10쪽’  참조","원서접수 시
 제출기한 내에 업로드",,,,,,,,,,,
16,검정고시,합격증명서,필수,"· 온라인 제공 가능자
  - www.neis.go.kr 에서 신청 한 자","원서접수 시 
 온라인 제공 동의 필수
 (업로드 제출 불필요)",,,,,,,,,,,
16,,,,"· 온라인 제공 불가능자
  - 검정고시 합격증명서 1부(PDF파일)","원서접수 시 
 제출기한 내에 업로드",,,,,,,,,,,
16,제출서류,"제출
구분",제출방법,비고,,,,,,,,,,,,
16,"·  사이버국방학과  지원서  1부
※  ‘군  가산복무  지원금  지급  대상자  지원서’
·  서약서  1부
·  개인정보  수집·이용·제공  동의서  1부
·  국민체력  100  인증서(또는  참가증)  1부, 
평가지  1부",필수,"제출기한  내
등기우편 
제출","·  본  대학교  소정  양식으로  작성
·  사진은  반드시  원본  부착
·  서명란에  자필서명  필수
·  국민체력  100  인증서  :  2024.07.02(화)  이후 
발급
    (서류제출  마감일  6개월  이내)",,,,,,,,,,,,
16,"·  개인신용  정보서  1부
※  46쪽  ‘사이버국방학과  신원조회  등’을 
참조하여
      반드시  2025.01.06.(월)  ~  01.08(수)  내에 
온라인  제출",필수,"제출기한  내
온라인 
업로드","·  한국신용정보원:  www.kcredit.or.kr(무료)
·  나이스평가정보:  www.niceinfo.co.kr(유료)
·  코리아크레딧뷰로:  www.allcredit.co.kr(유료)",,,,,,,,,,,,
16,·  기본증명서(상세)  1부,,,"·  ‘정부24(www.gov.kr)’(무료)  사이트에서 
신청하여  발급
· 모든 증명서는 반드시 지원자  본인 기준으로 
발급
    (주민번호  뒷자리  표기가  되어야  함)",,,,,,,,,,,,
16,"·  병적증명서(군  미필자인  남학생)  1부
·  병적기록표(군필자,  여군  포함)  1부",,,"·  ‘정부24(www.gov.kr)’(무료)  사이트에서 
신청하여  발급
·  병적기록표:  지방병무청을  방문하여  발급",,,,,,,,,,,,
19,"대학
(학부)",계열,모집단위,모집인원,,,,,,,,,,,,
19,경영대학,인문,경영대학,37,,,,,,,,,,,,
19,문과대학,인문,국어국문학과,6,,,,,,,,,,,,
19,,,철학과,5,,,,,,,,,,,,
19,,,한국사학과,3,,,,,,,,,,,,
19,,,사학과,5,,,,,,,,,,,,
19,,,사회학과,9,,,,,,,,,,,,
19,,,한문학과,3,,,,,,,,,,,,
19,,,영어영문학과,12,,,,,,,,,,,,
19,,,독어독문학과,4,,,,,,,,,,,,
19,,,불어불문학과,4,,,,,,,,,,,,
19,,,중어중문학과,6,,,,,,,,,,,,
19,,,노어노문학과,4,,,,,,,,,,,,
19,,,일어일문학과,5,,,,,,,,,,,,
19,,,서어서문학과,5,,,,,,,,,,,,
19,,,언어학과,3,,,,,,,,,,,,
19,"생명과학
대학",자연,생명과학부,11,,,,,,,,,,,,
19,,,생명공학부,12,,,,,,,,,,,,
19,,,식품공학과,5,,,,,,,,,,,,
19,,,환경생태공학부,8,,,,,,,,,,,,
19,,인문,식품자원경제학과,6,,,,,,,,,,,,
19,정경대학,인문,정치외교학과,9,,,,,,,,,,,,
19,,,경제학과,15,,,,,,,,,,,,
19,,,통계학과,9,,,,,,,,,,,,
19,,,행정학과,9,,,,,,,,,,,,
19,이과대학,자연,수학과,6,,,,,,,,,,,,
19,,,물리학과,6,,,,,,,,,,,,
19,,,화학과,5,,,,,,,,,,,,
19,,,지구환경과학과,4,,,,,,,,,,,,
19,공과대학,자연,공과대학,32,,,,,,,,,,,,
19,"대학
(학부)",계열,모집단위,모집인원,,,,,,,,,,,,
19,공과대학,자연,화공생명공학과,10,,,,,,,,,,,,
19,,,신소재공학부,16,,,,,,,,,,,,
19,,,건축사회환경공학부,11,,,,,,,,,,,,
19,,,건축학과,5,,,,,,,,,,,,
19,,,기계공학부,15,,,,,,,,,,,,
19,,,산업경영공학부,6,,,,,,,,,,,,
19,,,전기전자공학부,26,,,,,,,,,,,,
19,,,융합에너지공학과,3,,,,,,,,,,,,
19,의과대학,자연,의과대학,12,,,,,,,,,,,,
19,사범대학,인문,교육학과,6,,,,,,,,,,,,
19,,,국어교육과,5,,,,,,,,,,,,
19,,,영어교육과,7,,,,,,,,,,,,
19,,,지리교육과,4,,,,,,,,,,,,
19,,,역사교육과,3,,,,,,,,,,,,
19,,자연,가정교육과,4,,,,,,,,,,,,
19,,,수학교육과,4,,,,,,,,,,,,
19,간호대학,자연,간호대학,7,,,,,,,,,,,,
19,정보대학,자연,컴퓨터학과,14,,,,,,,,,,,,
19,,,데이터과학과,4,,,,,,,,,,,,
19,,,인공지능학과,12,,,,,,,,,,,,
19,국제대학,인문,국제학부,3,,,,,,,,,,,,
19,미디어대학,인문,미디어학부,8,,,,,,,,,,,,
19,보건과학대학,자연,바이오의공학부,10,,,,,,,,,,,,
19,,,바이오시스템의과학부,8,,,,,,,,,,,,
19,,,보건환경융합과학부,13,,,,,,,,,,,,
19,,인문,보건정책관리학부,9,,,,,,,,,,,,
19,자유전공학부,인문,자유전공학부,11,,,,,,,,,,,,
19,스마트보안학부,인문,스마트보안학부,5,,,,,,,,,,,,
19,심리학부,인문,심리학부,5,,,,,,,,,,,,
19,학부대학(다군),공통,학부대학,18,,,,,,,,,,,,
19,제출서류,제출구분,상세,제출방법,,,,,,,,,,,,
19,"학교생활기록부
(대입전형용)",필수,"· 나이스(NEIS)를 통한 제공 가능자
  - 대상자 여부는 소속고교 관할 시·도교육청으로 문의","원서접수 시 
 온라인 제공 동의 필수
 (업로드 제출 불필요)",,,,,,,,,,,,
19,,,"· 나이스(NEIS)를 통한 제공이 불가능한 자
  - 학교생활기록부(대입전형용) 사본 1부(PDF파일)","원서접수 시
 제출기한 내에 업로드",,,,,,,,,,,,
21,·  중‧고등학교  전  교육과정  이수자,"농어촌지역* 소재 중학교 입학일부터 고등학교 졸업일까지 중‧고  전 교
육과정을 이수한 자 중 해당 전 재학 기간 동안 본인 및 부모 모두가 농어
촌지역에 거주한 자",,,,,,,,,,,,,,
21,·  초‧중‧고등학교  전  교육과정  이수자,"농어촌지역* 소재 초등학교 입학일부터 고등학교 졸업일까지 전 초‧중‧
고 전 교육과정을 이수한 자 중 해당 전 재학 기간 동안 본인이 농어촌지
역에 거주한 자",,,,,,,,,,,,,,
22,"대학
(학부)",계열,모집단위,모집인원,,,,,,,,,,,,
22,경영대학,인문,경영대학,10,,,,,,,,,,,,
22,문과대학,인문,국어국문학과,2,,,,,,,,,,,,
22,,,철학과,1,,,,,,,,,,,,
22,,,한국사학과,1,,,,,,,,,,,,
22,,,사학과,1,,,,,,,,,,,,
22,,,사회학과,2,,,,,,,,,,,,
22,,,한문학과,1,,,,,,,,,,,,
22,,,영어영문학과,3,,,,,,,,,,,,
22,,,독어독문학과,1,,,,,,,,,,,,
22,,,불어불문학과,1,,,,,,,,,,,,
22,,,중어중문학과,2,,,,,,,,,,,,
22,,,노어노문학과,1,,,,,,,,,,,,
22,,,일어일문학과,1,,,,,,,,,,,,
22,,,서어서문학과,1,,,,,,,,,,,,
22,,,언어학과,1,,,,,,,,,,,,
22,"생명과학
대학",자연,생명과학부,3,,,,,,,,,,,,
22,,,생명공학부,3,,,,,,,,,,,,
22,,,식품공학과,1,,,,,,,,,,,,
22,,,환경생태공학부,2,,,,,,,,,,,,
22,,인문,식품자원경제학과,2,,,,,,,,,,,,
22,정경대학,인문,정치외교학과,2,,,,,,,,,,,,
22,,,경제학과,4,,,,,,,,,,,,
22,,,통계학과,2,,,,,,,,,,,,
22,,,행정학과,2,,,,,,,,,,,,
22,이과대학,자연,수학과,1,,,,,,,,,,,,
22,,,물리학과,1,,,,,,,,,,,,
22,,,화학과,1,,,,,,,,,,,,
22,,,지구환경과학과,1,,,,,,,,,,,,
22,공과대학,자연,화공생명공학과,2,,,,,,,,,,,,
22,"대학
(학부)",계열,모집단위,모집인원,,,,,,,,,,,,
22,공과대학,자연,신소재공학부,4,,,,,,,,,,,,
22,,,건축사회환경공학부,3,,,,,,,,,,,,
22,,,건축학과,1,,,,,,,,,,,,
22,,,기계공학부,4,,,,,,,,,,,,
22,,,산업경영공학부,2,,,,,,,,,,,,
22,,,전기전자공학부,7,,,,,,,,,,,,
22,,,융합에너지공학과,1,,,,,,,,,,,,
22,의과대학,자연,의과대학,3,,,,,,,,,,,,
22,사범대학,인문,교육학과,2,,,,,,,,,,,,
22,,,국어교육과,1,,,,,,,,,,,,
22,,,영어교육과,2,,,,,,,,,,,,
22,,,지리교육과,1,,,,,,,,,,,,
22,,,역사교육과,1,,,,,,,,,,,,
22,,자연,가정교육과,1,,,,,,,,,,,,
22,,,수학교육과,1,,,,,,,,,,,,
22,,체능,체육교육과,2,,,,,,,,,,,,
22,간호대학,자연,간호대학,2,,,,,,,,,,,,
22,정보대학,자연,컴퓨터학과,3,,,,,,,,,,,,
22,,,데이터과학과,1,,,,,,,,,,,,
22,,,인공지능학과,2,,,,,,,,,,,,
22,디자인조형학부,예능,디자인조형학부,2,,,,,,,,,,,,
22,국제대학,인문,국제학부,2,,,,,,,,,,,,
22,미디어학부,인문,미디어학부,2,,,,,,,,,,,,
22,보건과학대학,자연,바이오의공학부,2,,,,,,,,,,,,
22,,,바이오시스템의과학부,2,,,,,,,,,,,,
22,,,보건환경융합과학부,3,,,,,,,,,,,,
22,,인문,보건정책관리학부,2,,,,,,,,,,,,
22,자유전공학부,인문,자유전공학부,3,,,,,,,,,,,,
22,스마트보안학부,자연,스마트보안학부,1,,,,,,,,,,,,
22,심리학부,인문,심리학부,1,,,,,,,,,,,,
23,제출서류,"제출
구분",상세,,제출방법,,,,,,,,,,,
23,"학교생활기록부
(대입전형용)",필수,"· 나이스(NEIS)를 통한 제공 가능자
  - 대상자 여부는 소속고교 관할 시·도교육청으로 문의",,"원서접수 시 
 온라인 제공 동의 필수
 (업로드 제출 불필요)",,,,,,,,,,,
23,,,"· 나이스(NEIS)를 통한 제공이 불가능한 자
  - 학교생활기록부(대입전형용) 사본 1부(PDF파일)",,"원서접수 시
 제출기한 내에 업로드",,,,,,,,,,,
23,"농어촌학생 
확인서",필수,본 대학교 소정 양식(※ 학교장 직인 날인 필요),,"제출기한 내 
 등기우편 제출",,,,,,,,,,,
23,지원자격,,제출구분,제출서류,,제출방법,,,,,,,,,,
23,"중‧고등학교 
전  교육과정  이수자",,"해당자
필수","· 중학교  학교생활기록부  사본(원본대조필)  1부
  · 가족관계증명서(지원자  기준)  1부 
  · 지원자  및  부와  모의  주민등록표초본  각  1부
※  중‧고등학교  전  재학기간  동안  과거의  주소변동사항과 
      발생일/신고일이  반드시  포함되도록  발급받아야  함
  · 지원자격  특이자는  아래  서류  중  하나를  추가제출  해야  함
※  부모가  사망한  경우
      : 기본증명서(상세) 또는 제적등본(사망한 부 또는 모 기준)   
    1부
※  부모가  이혼한  경우
      :  기본증명서(상세)(지원자  기준),  부모의  혼인관계   
        증명서(상세)(함께  거주  중인  부  또는  모  기준) 
        각  1부
        재혼한  경우  계부  또는  계모의  주민등록표초본을  추가 
        제출",,"제출기한 내 
 등기우편 제출",,,,,,,,,,
23,"초‧중‧고등학교  전 
교육과정  이수자",,"해당자
필수","· 초등학교,  중학교  학교생활기록부  사본(원본대조필)  각  1부
  · 지원자의  주민등록표초본  1부
※  초‧중‧고등학교  전  재학기간  동안  과거의  주소변동사항과 
      발생일/신고일이  반드시  포함되도록  발급받아야  함",,"제출기한 내 
 등기우편 제출",,,,,,,,,,
25,·  기초생활수급자,"「국민기초생활 보장법」 제2조제1호(수급권자), 제2호(수급자)에 따른 대상자",,,,,,,,,,,,,,
25,·  차상위계층,"「국민기초생활  보장법」  제2조제10호에  따른  차상위계층  중  차상위복지급여(차상위 
건강보험 본인부담 경감, 차상위 장애수당, 차상위 장애인연금부가급여, 차상위 자활근로자) 
수급 가구의 학생 및 차상위계층 확인서 발급 가구의 학생",,,,,,,,,,,,,,
25,·  한부모가족,「한부모가족지원법」 제5조 또는 제5조의2에 따른 지원 대상 가구의 학생,,,,,,,,,,,,,,
26,"대학
(학부)",계열,모집단위,모집인원,,,,,,,,,,,,
26,경영대학,인문,경영대학,3,,,,,,,,,,,,
26,문과대학,인문,국어국문학과,1,,,,,,,,,,,,
26,,,철학과,1,,,,,,,,,,,,
26,,,사학과,1,,,,,,,,,,,,
26,,,사회학과,1,,,,,,,,,,,,
26,,,영어영문학과,2,,,,,,,,,,,,
26,,,독어독문학과,1,,,,,,,,,,,,
26,,,불어불문학과,1,,,,,,,,,,,,
26,,,중어중문학과,1,,,,,,,,,,,,
26,,,노어노문학과,1,,,,,,,,,,,,
26,,,일어일문학과,1,,,,,,,,,,,,
26,,,서어서문학과,1,,,,,,,,,,,,
26,,,언어학과,1,,,,,,,,,,,,
26,생명과학대학,자연,생명과학부,1,,,,,,,,,,,,
26,,,생명공학부,2,,,,,,,,,,,,
26,,,식품공학과,1,,,,,,,,,,,,
26,,,환경생태공학부,1,,,,,,,,,,,,
26,,인문,식품자원경제학과,1,,,,,,,,,,,,
26,정경대학,인문,정치외교학과,1,,,,,,,,,,,,
26,,,경제학과,2,,,,,,,,,,,,
26,,,통계학과,1,,,,,,,,,,,,
26,,,행정학과,1,,,,,,,,,,,,
26,이과대학,자연,수학과,1,,,,,,,,,,,,
26,,,물리학과,1,,,,,,,,,,,,
26,,,화학과,1,,,,,,,,,,,,
26,,,지구환경과학과,1,,,,,,,,,,,,
26,공과대학,자연,화공생명공학과,1,,,,,,,,,,,,
26,,,신소재공학부,2,,,,,,,,,,,,
26,"대학
(학부)",계열,모집단위,모집인원,,,,,,,,,,,,
26,공과대학,자연,건축사회환경공학부,1,,,,,,,,,,,,
26,,,건축학과,1,,,,,,,,,,,,
26,,,기계공학부,2,,,,,,,,,,,,
26,,,산업경영공학부,1,,,,,,,,,,,,
26,,,전기전자공학부,3,,,,,,,,,,,,
26,,,융합에너지공학과,1,,,,,,,,,,,,
26,의과대학,자연,의과대학,2,,,,,,,,,,,,
26,사범대학,인문,교육학과,1,,,,,,,,,,,,
26,,,국어교육과,1,,,,,,,,,,,,
26,,,영어교육과,1,,,,,,,,,,,,
26,,,지리교육과,1,,,,,,,,,,,,
26,,,역사교육과,1,,,,,,,,,,,,
26,,자연,가정교육과,1,,,,,,,,,,,,
26,,,수학교육과,1,,,,,,,,,,,,
26,,체능,체육교육과,1,,,,,,,,,,,,
26,간호대학,자연,간호대학,1,,,,,,,,,,,,
26,정보대학,자연,컴퓨터학과,2,,,,,,,,,,,,
26,,,데이터과학과,1,,,,,,,,,,,,
26,,,인공지능학과,1,,,,,,,,,,,,
26,디자인조형학부,예능,디자인조형학부,1,,,,,,,,,,,,
26,국제대학,인문,국제학부,1,,,,,,,,,,,,
26,미디어대학,인문,미디어학부,1,,,,,,,,,,,,
26,보건과학대학,자연,바이오의공학부,1,,,,,,,,,,,,
26,,,바이오시스템의과학부,1,,,,,,,,,,,,
26,,,보건환경융합과학부,2,,,,,,,,,,,,
26,,인문,보건정책관리학부,1,,,,,,,,,,,,
26,자유전공학부,인문,자유전공학부,1,,,,,,,,,,,,
26,스마트보안학부,자연,스마트보안학부,1,,,,,,,,,,,,
26,심리학부,인문,심리학부,1,,,,,,,,,,,,
27,지원자 구분,제출서류,,"제출
구분",상세,제출방법,,,,,,,,,,
27,"국내고등학교
졸업(예정)자","학교생활기록부
(대입전형용)",,필수,"· 나이스(NEIS)를 통한 제공 가능자
  -  대상자  여부는  소속고교  관할  시·도교육청으
로 문의","원서접수 시 
 온라인 제공 동의 필수
 (업로드 제출 불필요)",,,,,,,,,,
27,,,,,"· 나이스(NEIS)를 통한 제공이 불가능한 자
  -  학교생활기록부(대입전형용)  사본  1부(PDF파
일)","원서접수 시
 제출기한 내에 업로드",,,,,,,,,,
27,"국외고등학교
졸업(예정)자","국외고등학교
졸업(예정)증명
서",,필수,"·  재학한  학교에서  공식적으로  발행한  증명서만 
인정함
※  아포스티유  및  영사  확인은  ‘10쪽’  참조","원서접수 시
 제출기한 내에 업로드",,,,,,,,,,
27,검정고시,합격증명서,,필수,"· 온라인 제공 가능자
  - www.neis.go.kr 에서 신청 한 자","원서접수 시 
 온라인 제공 동의 필수
 (업로드 제출 불필요)",,,,,,,,,,
27,,,,,"· 온라인 제공 불가능자
  - 검정고시 합격증명서 1부(PDF파일)","원서접수 시 
 제출기한 내에 업로드",,,,,,,,,,
27,지원 자격,,제출구분,,제출서류,,제출방법,,,,,,,,,
27,"기초생활
수급자",,"해당자
필수",,· 수급자증명서(지원자 기준) 1부,,"제출기한 내 
 등기우편 제출",,,,,,,,,
27,차상위계층,,"해당자
필수",,"※아래  5가지  확인서  중  1가지  제출
 · ｢자활근로자 확인서｣, ｢장애수당 대상자 확인서｣, ｢장애인   
  연금 대상자 확인서｣, ｢차상위계층(구 우선돌봄 차상위) 확   
  인서｣ 중 해당 확인서 (시‧군‧구청장 또는 읍‧면‧동주민센터   
  장  발급)
  · ｢차상위 본인부담경감 대상자 증명서｣  (국민건강보험공단   
    이사장  발행)
  ※ 지원자 본인 기준으로 발급받을 수 없는 경우 추가  제출  
    서류
  - 주민등록표등본 1부
  - 가족관계증명서 1부",,"제출기한 내 
 등기우편 제출",,,,,,,,,
27,한부모가족,,"해당자
필수",,"· 한부모가족증명서 1부
  ※ 지원자 본인 기준으로 발급받을 수 없는 경우 추가 제출  
    서류
  - 주민등록표등본 1부
  - 가족관계증명서 1부",,"제출기한 내 
 등기우편 제출",,,,,,,,,
29,"대학
(학부)",계열,모집단위,,,,,,,,,,,,,
29,경영대학,인문,경영대학,,,,,,,,,,,,,
29,문과대학,인문,국어국문학과,,,,,,,,,,,,,
29,,,철학과,,,,,,,,,,,,,
29,,,한국사학과,,,,,,,,,,,,,
29,,,사학과,,,,,,,,,,,,,
29,,,사회학과,,,,,,,,,,,,,
29,,,한문학과,,,,,,,,,,,,,
29,,,영어영문학과,,,,,,,,,,,,,
29,,,독어독문학과,,,,,,,,,,,,,
29,,,불어불문학과,,,,,,,,,,,,,
29,,,중어중문학과,,,,,,,,,,,,,
29,,,노어노문학과,,,,,,,,,,,,,
29,,,일어일문학과,,,,,,,,,,,,,
29,,,서어서문학과,,,,,,,,,,,,,
29,,,언어학과,,,,,,,,,,,,,
29,"생명과학
대학",자연,생명과학부,,,,,,,,,,,,,
29,,,생명공학부,,,,,,,,,,,,,
29,,,식품공학과,,,,,,,,,,,,,
29,,,환경생태공학부,,,,,,,,,,,,,
29,,인문,식품자원경제학과,,,,,,,,,,,,,
29,정경대학,인문,정치외교학과,,,,,,,,,,,,,
29,,,경제학과,,,,,,,,,,,,,
29,,,통계학과,,,,,,,,,,,,,
29,,,행정학과,,,,,,,,,,,,,
29,이과대학,자연,수학과,,,,,,,,,,,,,
29,,,물리학과,,,,,,,,,,,,,
29,,,화학과,,,,,,,,,,,,,
29,"대학
(학부)",계열,모집단위,,,,,,,,,,,,,
29,이과대학,자연,지구환경과학과,,,,,,,,,,,,,
29,공과대학,자연,화공생명공학과,,,,,,,,,,,,,
29,,,신소재공학부,,,,,,,,,,,,,
29,,,건축사회환경공학부,,,,,,,,,,,,,
29,,,건축학과,,,,,,,,,,,,,
29,,,기계공학부,,,,,,,,,,,,,
29,,,산업경영공학부,,,,,,,,,,,,,
29,,,전기전자공학부,,,,,,,,,,,,,
29,,,융합에너지공학과,,,,,,,,,,,,,
29,사범대학,인문,교육학과,,,,,,,,,,,,,
29,,,국어교육과,,,,,,,,,,,,,
29,,,영어교육과,,,,,,,,,,,,,
29,,,지리교육과,,,,,,,,,,,,,
29,,,역사교육과,,,,,,,,,,,,,
29,,자연,가정교육과,,,,,,,,,,,,,
29,,,수학교육과,,,,,,,,,,,,,
29,정보대학,자연,컴퓨터학과,,,,,,,,,,,,,
29,,,데이터과학과,,,,,,,,,,,,,
29,,,인공지능학과,,,,,,,,,,,,,
29,국제대학,인문,국제학부,,,,,,,,,,,,,
29,미디어대학,인문,미디어학부,,,,,,,,,,,,,
29,보건과학대학,자연,바이오의공학부,,,,,,,,,,,,,
29,,,바이오시스템의과학부,,,,,,,,,,,,,
29,,,보건환경융합과학부,,,,,,,,,,,,,
29,,인문,보건정책관리학부,,,,,,,,,,,,,
29,자유전공학부,인문,자유전공학부,,,,,,,,,,,,,
29,스마트보안학부,자연,스마트보안학부,,,,,,,,,,,,,
29,심리학부,인문,심리학부,,,,,,,,,,,,,
30,지원자 구분,제출서류,,"제출
구분",상세,제출방법,,,,,,,,,,
30,"국내고등학교
졸업(예정)자","학교생활기록부
(대입전형용)",,필수,"· 나이스(NEIS)를 통한 제공 가능자
  -  대상자  여부는  소속고교  관할  시·도교육청으
로 문의","원서접수 시 
 온라인 제공 동의 필수
 (업로드 제출 불필요)",,,,,,,,,,
30,,,,,"· 나이스(NEIS)를 통한 제공이 불가능한 자
  -  학교생활기록부(대입전형용)  사본  1부(PDF파
일)","원서접수 시
 제출기한 내에 업로드",,,,,,,,,,
30,"국외고등학교
졸업(예정)자","국외고등학교
졸업(예정)증명
서",,필수,"·  재학한  학교에서  공식적으로  발행한  증명서만 
인정함
※  아포스티유  및  영사  확인은  ‘10쪽’  참조","원서접수 시
 제출기한 내에 업로드",,,,,,,,,,
30,검정고시,합격증명서,,필수,"· 온라인 제공 가능자
  - www.neis.go.kr 에서 신청 한 자","원서접수 시 
 온라인 제공 동의 필수
 (업로드 제출 불필요)",,,,,,,,,,
30,,,,,"· 온라인 제공 불가능자
  - 검정고시 합격증명서 1부(PDF파일)","원서접수 시 
 제출기한 내에 업로드",,,,,,,,,,
30,지원 자격,,제출구분,,제출서류,,제출방법,,,,,,,,,
30,장애인 등록자,,"해당자
필수",,· 장애인증명서 1부,,"제출기한 내 
 등기우편 제출",,,,,,,,,
30,상이등급자,,"해당자
필수",,· 국가유공자 확인서 1부,,"제출기한 내 
 등기우편 제출",,,,,,,,,
31,1),지원 모집단위에 해당하는 특성화고교 동일계열 기준학과의 교과과정을 이수한 자,,,,,,,,,,,,,,
31,2),"지원 모집단위에 해당하는 특성화고교 동일계열 기준학과를 이수하지 않았으나, 특성화고등학교에서 지원 모집
단위와 관련된 전문교과를 30단위 이상 이수한 자",,,,,,,,,,,,,,
31,대학,계열,지원 모집단위,지원 가능 특성화고교 동일계열 기준학과,"모집단위 관련
전문교과",,,,,,,,,,,
31,경영대학,인문 경영대학,,"경영·사무과,  관광･레저과,  금융과,  디자인과,  문화
콘텐츠과,  방송·통신과,  유통과,  재무·회계과,  정보
컴퓨터과,  판매과","경영·금융
디자인‧문화 
콘텐츠
정보·통신",,,,,,,,,,,
31,생명과학대학,인문  식품자원경제학과,,,,,,,,,,,,,,
31,문과대학,인문,국어국문학과,,,,,,,,,,,,,
31,,,철학과,,,,,,,,,,,,,
31,,,한국사학과,,,,,,,,,,,,,
31,,,사학과,,,,,,,,,,,,,
31,,,한문학과,,,,,,,,,,,,,
31,,,영어영문학과,,,,,,,,,,,,,
31,,,독어독문학과,,,,,,,,,,,,,
31,,,불어불문학과,,,,,,,,,,,,,
31,,,중어중문학과,,,,,,,,,,,,,
31,,,노어노문학과,,,,,,,,,,,,,
31,,,일어일문학과,,,,,,,,,,,,,
31,,,서어서문학과,,,,,,,,,,,,,
31,,,언어학과,,,,,,,,,,,,,
31,,,사회학과,"경영·사무과,  관광･레저과,  금융과,  디자인과,  문화
콘텐츠과,  방송·통신과,  사회복지과,  유통과,  재무·
회계과,  정보컴퓨터과,  판매과",,,,,,,,,,,,
31,심리학부,인문 심리학부,,,,,,,,,,,,,,
31,국제대학,인문 국제학부,,,,,,,,,,,,,,
31,정경대학,인문,정치외교학과,,,,,,,,,,,,,
31,,,행정학과,,,,,,,,,,,,,
32,대학,계열,지원 모집단위,지원 가능 특성화고교 동일계열 기준학과,"모집단위 관련
전문교과",,,,,,,,,,,
32,,,경제학과,"경영·사무과,  관광･레저과,  금융과,  디자인과,  문화
콘텐츠과,  방송·통신과,  유통과,  재무·회계과,  정보
컴퓨터과,  판매과",,,,,,,,,,,,
32,,,통계학과,"경영·사무과,  금융과,  디자인과,  문화콘텐츠과,  방
송·통신과,  유통과,  재무·회계과,  정보컴퓨터과,  판
매과",,,,,,,,,,,,
32,미디어대학,인문 미디어학부,,,,,,,,,,,,,,
32,자유전공학부,인문 자유전공학부,,"경영·사무과,  관광･레저과,  금융과,  디자인과,  문화
콘텐츠과,  방송·통신과,  사회복지과,  유통과,  재무·
회계과,  정보컴퓨터과,  판매과",,,,,,,,,,,,
32,"보건과학
대학",인문 보건정책관리학부,,"경영·사무과,  금융과,  디자인과,  문화콘텐츠과,  방
송·통신과,  보건간호과,  보육과,  사회복지과,  유통
과,  재무·회계과,  정보컴퓨터과,  판매과","경영·금융
디자인‧문화 
콘텐츠
보건·복지
정보·통신",,,,,,,,,,,
32,생명과학대학,자연,생명과학부,"농업과,  농업기계과,  농업토목과,  동물자원과,  산림
자원과,  산업안전과,  수산양식과,  식품가공과,  원예
과,  조경과,  조리·식음료과,  해양레저과,  해양생산
과,  환경보건과","농림·수산･해양
식품가공
음식·조리
환경·안전",,,,,,,,,,,
32,,,생명공학부,,,,,,,,,,,,,
32,,,식품공학과,,,,,,,,,,,,,
32,,,환경생태공학부,,,,,,,,,,,,,
32,공과대학,자연,화공생명공학과,"건축시공과,  공예과,  금속재료과,  기계과,  기관과, 
냉동공조과,  농업기계과,  농업토목과,  방송·통신과, 
산업설비과,  산업안전과,  섬유과,  세라믹과,  수산양
식과,  인쇄·출판과,  자동차과,  전기과,  전자과,  정보
컴퓨터과,  조경과,  조선과,  토목과,  항공과,  항해과, 
해양레저과,  해양생산과,  화학공업과,  환경보건과","건설
기계
선박  운항
섬유･의류
인쇄·출판·공예
재료
전기·전자
정보·통신
화학공업
환경·안전",,,,,,,,,,,
32,,,신소재공학부,,,,,,,,,,,,,
32,,,건축사회환경공학부,,,,,,,,,,,,,
32,,,건축학과,,,,,,,,,,,,,
32,,,기계공학부,,,,,,,,,,,,,
32,,,전기전자공학부,,,,,,,,,,,,,
32,,,융합에너지공학과,,,,,,,,,,,,,
32,,,산업경영공학부,"건축시공과,  경영･사무과,  공예과,  기계과,  기관과, 
금속재료과,  금융과,  냉동공조과,  농업기계과,  농업
토목과,  디자인과,  문화콘텐츠과,  방송･통신과,  산
업설비과,  산업안전과,  섬유과,  세라믹과,  수산양식
과,  유통과,  인쇄･출판과,  자동차과,  재무･회계과, 
전기과,  전자과,  정보컴퓨터과,  조경과,  조선과,  토
목과,  판매과,  항공과,  항해과,  해양레저과,  해양생
산과,  화학공업과,  환경보건과","건설
경영·금융
기계
디자인‧문화 
콘텐츠
선박  운항
섬유･의류
인쇄·출판·공예
재료
전기･전자
정보･통신
화학공업
환경·안전",,,,,,,,,,,
33,대학,계열,지원 모집단위,지원 가능 특성화고교 동일계열 기준학과,"모집단위 관련
전문교과",,,,,,,,,,,
33,이과대학,자연,수학과,"건축시공과,  공예과,  금속재료과,  기계과,  기관과, 
냉동공조과,  농업과,  농업기계과,  농업토목과,  동물
자원과,  디자인과,  문화콘텐츠과,  방송･통신과,  산
림자원과,  산업설비과,  산업안전과,  섬유과,  세라믹
과,  수산양식과,  원예과,  인쇄･출판과,  자동차과, 
전기과,  전자과,  정보컴퓨터과,  조경과,  조선과,  토
목과,  항공과,  항해과,  해양레저과,  해양생산과,  화
학공업과,  환경보건과","건설
기계
농림·수산･해양
디자인‧문화 
콘텐츠
선박  운항
섬유･의류
인쇄·출판·공예
재료
전기･전자
정보･통신
화학공업 
환경·안전",,,,,,,,,,,
33,,,물리학과,,,,,,,,,,,,,
33,,,화학과,,,,,,,,,,,,,
33,,,지구환경과학과,,,,,,,,,,,,,
33,보건과학대학,자연,바이오의공학부,"건축시공과,  공예과,  금속재료과,  기계과,  기관과, 
냉동공조과,  농업과,  농업기계과,  농업토목과,  동물
자원과,  방송･통신과,  보건간호과,  산림자원과,  산
업설비과,  산업안전과,  섬유과,  세라믹과,  수산양식
과,  식품가공과,  원예과,  인쇄･출판과,  자동차과, 
전기과,  전자과,  정보컴퓨터과,  조경과,  조리·식음
료과,  조선과,  토목과,  항공과,  항해과,  해양레저과, 
해양생산과,  화학공업과,  환경보건과","건설
기계 
농림·수산･해양
섬유･의류
식품  가공
인쇄·출판·공예
재료
전기･전자
정보･통신
화학  공업 
환경·안전",,,,,,,,,,,
33,,,바이오시스템의과학부,,,,,,,,,,,,,
33,,,보건환경융합과학부,,,,,,,,,,,,,
33,간호대학,자연 간호대학,,"보건간호과,  보육과,  사회복지과",보건·복지,,,,,,,,,,,
33,정보대학,자연,컴퓨터학과,"디자인과,  문화콘텐츠과,  방송·통신과,  전기과, 
전자과,  정보컴퓨터과","디자인‧문화 
콘텐츠
전기·전자
정보·통신",,,,,,,,,,,
33,,,데이터과학과,,,,,,,,,,,,,
33,,,인공지능학과,,,,,,,,,,,,,
33,"스마트
보안학부",자연 스마트보안학부,,,,,,,,,,,,,,
34,"대학
(학부)",계열,모집단위,,,,,,,,,,,,,
34,경영대학,인문,경영대학,,,,,,,,,,,,,
34,문과대학,인문,국어국문학과,,,,,,,,,,,,,
34,,,철학과,,,,,,,,,,,,,
34,,,한국사학과,,,,,,,,,,,,,
34,,,사학과,,,,,,,,,,,,,
34,,,사회학과,,,,,,,,,,,,,
34,,,한문학과,,,,,,,,,,,,,
34,,,영어영문학과,,,,,,,,,,,,,
34,,,독어독문학과,,,,,,,,,,,,,
34,,,불어불문학과,,,,,,,,,,,,,
34,,,중어중문학과,,,,,,,,,,,,,
34,,,노어노문학과,,,,,,,,,,,,,
34,,,일어일문학과,,,,,,,,,,,,,
34,,,서어서문학과,,,,,,,,,,,,,
34,,,언어학과,,,,,,,,,,,,,
34,생명과학대학,자연,생명과학부,,,,,,,,,,,,,
34,,,생명공학부,,,,,,,,,,,,,
34,,,식품공학과,,,,,,,,,,,,,
34,,,환경생태공학부,,,,,,,,,,,,,
34,,인문,식품자원경제학과,,,,,,,,,,,,,
34,정경대학,인문,정치외교학과,,,,,,,,,,,,,
34,,,경제학과,,,,,,,,,,,,,
34,,,통계학과,,,,,,,,,,,,,
34,,,행정학과,,,,,,,,,,,,,
34,"대학
(학부)",계열,모집단위,,,,,,,,,,,,,
34,이과대학,자연,수학과,,,,,,,,,,,,,
34,,,물리학과,,,,,,,,,,,,,
34,,,화학과,,,,,,,,,,,,,
34,,,지구환경과학과,,,,,,,,,,,,,
34,공과대학,자연,화공생명공학과,,,,,,,,,,,,,
34,,,신소재공학부,,,,,,,,,,,,,
34,,,건축사회환경공학부,,,,,,,,,,,,,
34,,,건축학과,,,,,,,,,,,,,
34,,,기계공학부,,,,,,,,,,,,,
34,,,산업경영공학부,,,,,,,,,,,,,
34,,,전기전자공학부,,,,,,,,,,,,,
34,,,융합에너지공학과,,,,,,,,,,,,,
34,간호대학,자연,간호대학,,,,,,,,,,,,,
34,정보대학,자연,컴퓨터학과,,,,,,,,,,,,,
34,,,데이터과학과,,,,,,,,,,,,,
34,,,인공지능학과,,,,,,,,,,,,,
34,국제대학,인문,국제학부,,,,,,,,,,,,,
34,미디어대학,인문,미디어학부,,,,,,,,,,,,,
34,보건과학대학,자연,바이오의공학부,,,,,,,,,,,,,
34,,,바이오시스템의과학부,,,,,,,,,,,,,
34,,,보건환경융합과학부,,,,,,,,,,,,,
34,,인문,보건정책관리학부,,,,,,,,,,,,,
34,자유전공학부,인문,자유전공학부,,,,,,,,,,,,,
34,스마트보안학부,자연,스마트보안학부,,,,,,,,,,,,,
34,심리학부,인문,심리학부,,,,,,,,,,,,,
34,제출서류,제출구분,상세,제출방법,,,,,,,,,,,,
34,"학교생활기록부
(대입전형용)",필수,"· 나이스(NEIS)를 통한 제공 가능자
  - 대상자 여부는 소속고교 관할 시·도교육청으로 문의","원서접수 시 
 온라인 제공 동의 필수
 (업로드 제출 불필요)",,,,,,,,,,,,
34,,,"· 나이스(NEIS)를 통한 제공이 불가능한 자
  - 학교생활기록부(대입전형용) 사본 1부(PDF파일)","원서접수 시
 제출기한 내에 업로드",,,,,,,,,,,,
36,모집단위,수능 지정응시영역,,,,,,,,,,,,,,
36,,국어,수학,탐구,영어,한국사,,,,,,,,,,
36,"자연계
(가정교육과,  간호대학  제외)","화법과  작문,
언어와  매체","확률과  통계,
미적분,  기하",과학탐구,영어,한국사,,,,,,,,,,
36,"인문계,  가정교육과,  간호대학, 
체육교육과,  학부대학(‘다’군)",,,"과학탐구,
사회탐구",,,,,,,,,,,,
36,디자인조형학부,,-,,,,,,,,,,,,,
36,모집단위,국어,수학,탐구,,,,,,,,,,,,
36,,,,사회,과학,,,,,,,,,,,
36,"자연계
  (가정교육과,  간호대학  제외)",표준 점수,표준  점수,-,변환  점수,,,,,,,,,,,
36,"인문계, 
  가정교육과,  간호대학, 
  체육교육과,  학부대학(‘다’군)",,,변환  점수,,,,,,,,,,,,
36,디자인조형학부,,-,,,,,,,,,,,,,
37,"등급
모집단위",1,2,3,4,5,6,7,8,9,,,,,,
37,전체  모집단위,0,3,6,9,12,15,18,21,24,,,,,,
37,"등급
모집단위",1,2,3,4,5,6,7,8,9,,,,,,
37,전체  모집단위,10,10,10,10,9.8,9.6,9.4,9.2,8.0,,,,,,
37,구분,1호,2호,3호,4호,5호,6호,7호,8호,9호,,,,,,
37,,서면사과,"접촉/협박/
보복  금지",학교봉사,사회봉사,심리치료,출석정지,학급교체,전학,퇴학,,,,,,
37,감점,1,,,3,,7,,20,,,,,,,
38,모집단위,구분,전형요소별 반영비율,,,,합계주4),,,,,,,,,
38,,,수능,실기주1),"적성⸱인성 
면접주2)",기타주3),,,,,,,,,,
38,"인문계,  자연계,  학부대학(‘다’군)
(의과대학,  사이버국방학과  제외)",일괄합산,"100%
(1,000점)",-,-,-,"100%
(1,000점)",,,,,,,,,
38,의과대학,,"100%
(1,000점)",-,◯,-,,,,,,,,,,
38,사이버국방학과,,"80%
(800점)",-,-,"20%
(200점)",,,,,,,,,,
38,"체육교육과,  디자인조형학부",,"70%
(700점)","30%
(300점)",-,-,,,,,,,,,,
38,모집단위,국어,수학,탐구,,합계,영어,한국사,,,,,,,,
38,,,,사회,과학,,,,,,,,,,,
38,"자연계
(가정교육과,  간호대학  제외)",200,240,-,200,640점,"등급별
감점 
적용","등급별 
가점 
적용",,,,,,,,
38,"인문계, 
가정교육과,  간호대학, 
체육교육과",,200,160,,560점,,,,,,,,,,
38,디자인조형학부,,-,160,,360점,,,,,,,,,,
38,학부대학(‘다’군),,240,160,,600점,,,,,,,,,,
39,모집단위,구분,전형요소별  반영비율,,,합계주2),,,,,,,,,,
39,,,수능,학생부(교과),"적성⸱인성 
면접주1)",,,,,,,,,,,
39,"인문계, 
자연계(의과대학  제외), 
학부대학(‘다’군)",일괄합산,"80%
(800점)","20%
(200점)",-,"100%
(1000점)",,,,,,,,,,
39,의과대학,,,,◯,,,,,,,,,,,
39,모집단위,국어,수학,탐구,,합계,영어,한국사,,,,,,,,
39,,,,사회,과학,,,,,,,,,,,
39,"자연계
(가정교육과,  간호대학  제외)",200,240,-,200,640점,"등급별
감점 
적용","등급별 
가점 
적용",,,,,,,,
39,"인문계, 
가정교육과,  간호대학",200,200,160,,560점,,,,,,,,,,
39,학부대학(‘다’군),200,240,160,,600점,,,,,,,,,,
39,반영  교과,반영  과목,학년별  반영비율,,,,,,,,,,,,,
39,전  교과,"‘원점수,  평균,  표준편차,  석차등급’이  기재된  모든  과목과
‘원점수,  평균,  성취도,  성취도별  분포비율‘이  기재된  모든  과목",학년별  반영비율  없음,,,,,,,,,,,,,
40,"① 교과평균등급 산출 방법 
 (과목별  석차등급  또는  변환석차등급주1)  ×  이수단위)
교과평균등급  ＝ 
   
 이수단위
  주1) ‘성취도와 성취도별 분포비율‘이 모두 기재된 과목의 변환석차등급 산출 방법 
               
      ★성취도 비율에 따른 석차등급 기준 
비율
0
4.1
11.1
23.1
40.1
60.1
77.1
89.1
96.1
(%)
~  4.0
~  11.0
~  23.0
~  40.0
~  60.0
~  77.0
~  89.0
~  96.0
~  100
석차등급
1
2
3
4
5
6
7
8
9
               
② 교과평균등급점수 산출 방법
 교과평균등급점수 =          
                          ※    =  상기  ①을  통해  산출한  교과평균등급
                          ※    =  보다  작거나  같은  가장  큰  자연수( = 1,2, 3, 4, 5, 6, 7, 8, 9)
                          ※   =  n등급에  해당하는  등급별  반영점수주2)
                 주2)  등급별  반영점수  기준
등급
1
2
3
4
5
6
7
8
9  이상
반영점수
100
98
94
86
70
55
40
20
0
               
         ③  학생부(교과)점수  =  교과평균등급점수  +  100
             
            <수강자  수에  따른  조정등급> 
            ※  과목별  조정등급  =  석차등급  –  조정점수
                  예)  “문학”  과목의  수강자  수가  3명이고,  석차등급이  5인  경우  위의  표에  의해  조정등급은  5–2=3등급으로  반영됨
        ※  ‘원점수, 평균, 표준편차, 석차등급’이 기재된 과목 중 12명 이하 소인수 과목에만 적용됨
        ※  2025학년도  정시모집  수능-교과우수전형  교과점수  산출예시는  입학처  홈페이지(oku.korea.ac.kr)  공지사항  참조",,,,,,,,,,,,,,,
40,,,"과목별 
성취도",변환석차등급,,,,,,,,,,,,
40,,,A,1,,,,,,,,,,,,
40,,,B,"‘성취도  A의  비율’에  해당하는  석차등급★  +
(성취도  A의  비율  +  성취도  B의  비율)  /  100",,,,,,,,,,,,
40,,,C,"‘성취도  A의  비율  +  성취도  B의  비율’에  해당하는  석차등급★  +
(성취도  A의  비율  +  성취도  B의  비율  +  성취도  C의  비율)  /  100",,,,,,,,,,,,
40,,,,,,,,,,,,,,,,
40,,"석차등급
수강자 수",,,1,2,3,4,5,6,7,8,9,,,
40,,1명,,,,,,,4,,,,,,,
40,,2명,,,,,,3,,3,,,,,,
40,,3 ~ 4명,,,,,2,2,2,2,2,,,,,
40,,5 ~ 12명,,,,1,1,1,1,1,1,1,,,,
40,,,,,,,,,,,,,,,,
41,모집단위,구분,전형요소별 반영비율,,,합계주3),,,,,,,,,,
41,,,수능,실기주1),"적성⸱인성 
면접주2)",,,,,,,,,,,
41,"인문계, 
자연계(의과대학  제외)",일괄합산,"100%
(1,000점)",-,-,"100%
(1,000점)",,,,,,,,,,
41,,,,-,◯,,,,,,,,,,,
41,의과대학,,,,,,,,,,,,,,,
41,"체육교육과,  디자인조형학부",,"70%
(700점)","30%
(300점)",-,,,,,,,,,,,
41,모집단위,국어,수학,탐구,,합계,영어,한국사,,,,,,,,
41,,,,사회,과학,,,,,,,,,,,
41,"자연계
(가정교육과,  간호대학  제외)",200,240,-,200,640점,"등급별
감점 
적용","등급별 
가점 
적용",,,,,,,,
41,"인문계, 
가정교육과,  간호대학, 
체육교육과",200,200,160,,560점,,,,,,,,,,
41,디자인조형학부,200,-,160,,360점,,,,,,,,,,
42,모집단위,구분,전형요소별  반영비율,,,,합계주1),,,,,,,,,
42,,,수능,실기,"적성⸱인성 
면접",기타,,,,,,,,,,
42,"인문계,  자연계",일괄합산,"100%
(1,000점)",-,-,-,"100%
(1,000점)",,,,,,,,,
42,모집단위,국어,수학,탐구주1),,합계,영어주2,한국사주3),,,,,,,,
42,,,,사회,과학,,,,,,,,,,,
42,"자연계
(가정교육과,  간호대학  제외)",200,200,-,200,600점,"등급별
감점  적용","등급별 
가점  적용",,,,,,,,
42,"가정교육과,  간호대학",200,200,200,,,,,,,,,,,,
42,인문계  모집단위,200,200,200,,,,,,,,,,,,
43,모집단위,수능  영역별  우선순위,,,,,,,,,,,,,,
43,인문계  모집단위,국어–수학–탐구  순,,,,,,,,,,,,,,
43,자연계  모집단위,수학–탐구–국어  순,,,,,,,,,,,,,,
43,학부대학,수학-국어-탐구  순,,,,,,,,,,,,,,
43,모집단위,수능  영역별  우선순위,,,,,,,,,,,,,,
43,전체  모집단위,수학–국어–탐구  순,,,,,,,,,,,,,,
43,모집단위,교과(군),비고,,,,,,,,,,,,,
43,전체  모집단위,"국어,  수학,  영어,  사회,  과학",최대  15과목  이내,,,,,,,,,,,,,
45,"등급
종목",,A+,A,A-,B+,B,B-,C+,C,C-,D+,D,D-,E,시기
45,"높이뛰기
(cm)",남,"162
이상",160,158,156,154,152,150,148,146,144,142,140,140,"미만 각 등급 
2회씩
총 6회"
45,,여,"130
이상",128,126,124,122,120,118,116,114,112,110,108,"108
미만",
45,"농구
(회)",남,"21
이상",20,19,18,17,16,15,14,13,12,11,10,"10
미만",1회
45,,여,"17
이상",16,15,14,13,12,11,10,9,8,7,6,"6 미
만",
45,"지그재그
달리기
(초)",남,"30.00
이하","30.01
~
30.50","30.51
~
31.00","31.01
~
31.50","31.51
~
32.00","32.01
~
32.50","32.51
~
33.00","33.01
~
33.50","33.51
~
34.00","34.01
~
34.50","34.51
~
35.00","35.01
~
35.50","35.50
초과",1회
45,,여,"33.50
이하","33.51
~
34.00","34.01
~
34.50","34.51
~
35.00","35.01
~
35.50","35.51
~
36.00","36.01
~
36.50","36.51
~
37.00","37.01
~
37.50","37.51
~
38.00","38.01
~
38.50","38.51
~
39.00","39.00
초과",
45,배점,,100,99,98,97,96,95,94,93,92,85,78,71,61,
45,총점,,300,297,294,291,288,285,282,279,276,255,234,213,183,
49,구분,건강체력항목(평가 반영),운동체력항목(평가 미반영),,,,,,,,,,,,,
49,항목,"·  근력(악력)
·  유연성(윗몸앞으로  굽히기)
·  근지구력(교차  윗몸일으키기)★
·  심폐지구력(택1:  왕복오래달리기,  스텝검사)","·  민첩성
·  순발력",,,,,,,,,,,,,
49,구분,합격기준,,,,,,,,,,,,,,
49,질병·심신장애  신체등위,3급 이내,,,,,,,,,,,,,,
49,신장·체중  신체등위(BMI),"2급 이내
(3급자는 심의위원회 심의 후 합·불 판정)",,,,,,,,,,,,,,
50,구분,대면면접,,,,,,,,,,,,,,
50,,"1면접
(개인발표/집단토론)",,"2면접
(개별)",,,,,,,,,,,,
50,평가요소,"· 군  기본자세
 · 국가관/안보관
 · 이해력/판단력","· 리더십
· 상황판단
· 표현력/논리성","· 인성,  자질
 · 온라인  인성검사
    (MMPI-II)  결과  참조",,,,,,,,,,,,
51,명칭,선발기준,"수혜
인원",혜택 및 조건,,,,,,,,,,,,
51,"안암
장학금","정시모집  최초합격자  중
단과대학(학부)별  1명씩
선발","12명
내외","·  수업료  전액  지원(수업연한)
·  기숙사  우선  입사권(수업연한)
· 국제교환학생 또는 방문학생 프로그램 참여자 지원금 200만원
·  수업연한  동안  재학  중  생활비  매달  30만원  지급(방학제외)
·  본  대학교  일반대학원  진학  시  수업료  전액(4학기) 
  (*의과대학  제외)
·  안암장학생  상패  지급  (1회)
·  직전  학기  평점평균  3.50  이상
·  직전  학기  취득학점  17학점  이상
-  본교  학사운영규정  제57조제2항이  정하는 
대학(학부)·학과(부)의  경우는  18학점  이상
-  수업연한의  마지막  학년은  12학점  이상  유지  시  지급",,,,,,,,,,,,
51,"크림슨
장학금","정시모집  각  모집단위별
최초합격자  중  1~3명  선발","71명 
내외","·  수업료  전액  지원(총  4학기)
  *  의과대학은  의학과(본과)  8학기  지원
·  기숙사  우선  입사권(신입학  2학기★) 
  ★  단,  임신·출산·육아,  질병,  군  입대,  재난  ·감염병  사유로 
      입학  후  첫  학기  휴학자에  한하여  복학  첫  2개  학기  적용
· 국제교환학생 또는 방문학생 프로그램 참여자 지원금 200만원
·  직전  학기  평점평균  3.50  이상
·  직전  학기  취득학점  17학점  이상
-  본교  학사운영규정  제57조제2항이  정하는 
대학(학부)·학과(부)의  경우는  18학점  이상
-  수업연한의  마지막  학년은  12학점  이상  유지  시  지급",,,,,,,,,,,,
51,"KUBS
미래경영자
장학금","정시모집  전형별  최초합격자 
중  수학능력시험  기준  경영
대  모집단위  최상위자  선발
전형명
수혜인원
일반전형
상위  2명
교과우수전형
상위  1명",3명,"·  학기당  생활비  300만원  지원(수업연한)
·  타장학금과  중복수혜  가능
·  안암장학금,  크림슨장학금과  중복  수혜  가능
· 학자금 지원구간에 따라 학기당 수업료 전액 및 생활비 최대   
  300만원  추가  지원(수업연한)
·  직전  학기  평점평균  3.5이상,  취득학점  17학점  이상(4학년 
    1학기  이후  12학점  이상)  유지  시  지급
·  입학  이후  학기별  지급",,,,,,,,,,,,
51,"KUBS
애널리스틱스 
인재 장학금","정시모집  전형별  최초합격자 
중  수학능력시험  기준  경영
대  모집단위  수학표준점수 
최상위자  선발
전형명
수혜인원
일반전형
상위  3명
교과우수전형
상위  1명",4명,"·  학기당  생활비  300만원  지원(수업연한)
·  타장학금과  중복수혜  가능
·  안암장학금,  크림슨장학금과  중복  수혜  가능
· 학자금 지원구간에 따라 학기당 수업료 전액 및 생활비 최대   
    300만원  추가  지원(수업연한)
·  직전  학기  평점평균  3.5이상,  취득학점  17학점  이상(4학년 
    1학기  이후  12학점  이상)  유지  시  지급
·  입학  이후  학기별  지급",,,,,,,,,,,,
52,"경제학과
우수신입생
장학금","정시모집  일반전형  경제학
과  최초합격자  중  수학능력
시험  최상위  1명  선발
* 최초 장학금 선발자 미등록
시  최종등록자에서  추가  선
발함",1명,"·  생활비  매월  50만원  지원(3월~12월,  10개월))
    (입학  당해연도(2개  학기))
·  타  장학금과  중복수혜  가능
·  직전  학기  평점평균  3.5이상,  취득학점  12학점  이상
·  입학  이후  지급",,,,,,,,,,,,
52,"고대행정학과 
신입생 
특별장학금","정시모집  일반전형  행정학
과  최초합격자  중  수학능력
시험  최상위  1명  선발",1명,"·  수업료  전액  지원  (입학  당해연도  (총  2개  학기))
· 2학년으로 진학 후 성적이 우수한 학생은 교내외 장학생 선발   
  시  우선  추천",,,,,,,,,,,,
52,"전기전자
우수인재장학
금","발 *
정시모집 일반전형 전기전자
공학부 모집단위 상위 1명 선
 최초 장학금 선발자 미등록
시  최종등록자에서  추가  선
발함",1명,"·  학기당  생활비  120만원  지원(입학  당해연도(총  2개  학기))
· 1학년 1학기 평점평균 3.5이상, 취득학점 17학점 이상 유지 시   
    2학기  생활비  지급
·  입학  이후  학기별  지급",,,,,,,,,,,,
53,구분,반도체공학과,,,,,,,,,,,,,,
53,재정지원사항,"∙  1~2학년  (4학기):  등록금  전액  및  학비보조금(지급  기준  충족시)  지원,  교육용  디바이스  구입을  위한     
    연구  장학금  지급
∙  3~4학년  (4학기):  SK하이닉스  채용  절차를  통과한  학생에게  등록금  및  학비보조금(지급  기준  충족시)  지원,   
  채용확정자(장학생)  자격을  득하지  못한  경우  등록금의  50%  지원
∙  공통:  성적  우수자에게  학업  우수  장학금  지급",,,,,,,,,,,,,,
53,"계약기관 
선발절차","∙  3학기  이상  이수  완료한  학생은  SK하이닉스  채용  전형  시행
∙  채용  전형  탈락자에  대해  재응시  기회  제공",,,,,,,,,,,,,,
53,연구 활동 지원,"∙  입학자  전원  미국  캘리포니아  주립대학  정규  학기  이수(해외  장기  방문학생  프로그램,  등록금  및       
    체재비  전액  지원) 
∙  학부연구/SK하이닉스  인턴십  지원",,,,,,,,,,,,,,
53,졸업  후  진로,"∙  학부  졸업  후  취업:  SK하이닉스  채용  전형에  합격한  경우,  SK하이닉스  입사  보장 
∙  대학원  연계  진학:  SK하이닉스  채용  전형  합격자  중  석사  또는  석박통합  연계  진학자로  선발된  경우,       
    학위  취득  후  SK하이닉스  입사  보장(대학원  등록금  전액  및  생활비  지원)",,,,,,,,,,,,,,
53,상세  문의,"반도체공학과  행정팀  02-3290-4715,  jung7801kr@korea.ac.kr",,,,,,,,,,,,,,
53,구분,차세대통신학과,,,,,,,,,,,,,,
53,재정지원사항,"∙ 1~2학년 (4학기): 입학자 전원 등록금 및 생활비/교육지원 장학금 지원 (학과 장학금 지급 내규 기준 충족시)
∙  3~4학년  (4학기):  삼성전자  장학생  선발  채용  절차를  통과한  학생에  대해서  등록금  및  생활비  지원     
    (학과  장학금  지급  내규  기준  충족시).  단,  불합격  시  매  학기  재응시  가능
∙  공통:  성적  우수자에  대한  학업우수  장학금  및  신입생에  대한  교육지원  장학금  지급",,,,,,,,,,,,,,
53,"계약기관 
선발절차","∙ 4학기 이수를 완료한 학생에 대해 삼성전자 입사를 위한 선발 채용 절차를 시행함. 탈락자는 졸업 직전까지 
재응시가  가능함",,,,,,,,,,,,,,
53,연구 활동 지원,"∙  국제적  경쟁력을  키우기  위한  해외  전시회  견학  및  실무  능력  향상을  위한  인턴십  기회  제공
∙  상시  활용  가능한  실험/실습  환경  제공  및  교내·외  연구성과  발표회  참가  지원",,,,,,,,,,,,,,
53,졸업  후  진로,"∙  취업:  4학기  이수  완료  후  채용절차를  통과한  학생에  대해서는  삼성전자  입사  보장 
∙  대학원  연계  진학(본교):  학부  졸업  후  별도의  절차에  의해  선발된  학생에  대해서  대학원  진학  지원",,,,,,,,,,,,,,
53,상세  문의,"차세대통신학과  행정팀  02-3290-4461,  inyyy@korea.ac.kr",,,,,,,,,,,,,,
54,구분,스마트모빌리티학부,,,,,,,,,,,,,,
54,재정지원사항,"∙  1~  4학기:  입학자  전원  등록금  전액  지원(학부  장학금  지급  내규  충족  시)
∙  5~10학기:  현대자동차  장학생  선발  채용  절차를  통과한  학생에  대해서  등록금  전액을  지급함
∙  1~  7학기:  학업보조비로  매월  일정  금액을  지급하며,  금액은  지급  시  별도로  정함 
∙  연구장학금:  최초  등록  학기에  1회 지급하며  노트북  구입  용도로만 사용하고  적정한  증빙자료  제출의무가 
있음",,,,,,,,,,,,,,
54,"계약기관 
선발절차","∙ 4학기를 이수한 학생(학사과정 졸업요구 학점의 1/2 이상 취득자)은 현대자동차 입사를 위한 선발 대상이 됨 
    (장학생  선발심사  면접  탈락자에게는  최대  2회  추가  선발의  기회를  제공함)
∙ 입사 선발심사 면접 최종 불합격자는 석사과정에 진입하지 않고 규정에 따라 학사과정에 필요한 요건을 갖출 
경우  학사학위를  취득해  졸업함
    ※  스마트모빌리티학부는  현대자동차와의  계약학과로  「계약학과  운영에  관한  시행세칙」  제8조 
「스마트모빌리티학부 운영 내규」 제8조(휴학)에 근거, 휴학은 군입대 휴학만을 인정하며 군 복무로 인한 
휴학 외 본교 학칙에서 허용한 휴학유형에 대한 승인 등은 스마트모빌리티학부 운영위원회에서 심의하여 
결정함",,,,,,,,,,,,,,
54,연구  활동  지원,"∙  국제적  경쟁력을  키우기  위한  해외  학술대회  참가  지원
∙  실무  경험과  실무  능력  향상을  위한  인턴십  기회  제공  (1주일)
∙  석사  과정(8~10학기)은  연구  역량  향상을  위한  육성형  산학연구과제비  지원
∙  스마트모빌리티  실습  환경  제공  및  교내·외  연구성과  교류회  참가",,,,,,,,,,,,,,
54,졸업  후  진로,"∙  취업:  4학기  이수  완료  후,  채용  절차를  통과한  학생에  대해서는  현대자동차  입사  보장
∙  학·석사통합과정으로  학사(1~7학기)  졸업  후,  석사(8~10학기)로  전환",,,,,,,,,,,,,,
54,상세  문의,"스마트모빌리티학부  행정팀  02-3290-4465,  rusia95@korea.ac.kr",,,,,,,,,,,,,,
55,"구분
이중전공",,,,,,,,,,,,,,,
55,이수전공,제1전공을  이수하면서  타  학과의  전공을  제2전공으로  동시에  이수함,,,,,,,,,,,,,,
55,지원자격,제1전공을  배정받은  3학기  이상의  재학생,,,,,,,,,,,,,,
55,신청시기,매학기  5(11)월경  (학사일정표  참고),,,,,,,,,,,,,,
55,정원,본  대학교에서  정한  이중전공  정원  이내에서  이수를  허가함,,,,,,,,,,,,,,
55,선발기준,"학업성적,  학업계획서,  면접  등  각  주관학과(부)에  따라  선발함",,,,,,,,,,,,,,
55,지원학과 범위,"· 본 대학교 전 학과(부)를 이수할 수 있으며, 학과(부)의 교육여건을 감안하여 이중전공자의 수를 제한할  수 
있음
단, 의과대학, 간호대학, 약학대학 및 모든 계약학과는 제외하며 사범대학 지원자는 제1전공을 사범대학에서 
이수한  자에  한함  (2023학년도  이후  신설학과의  경우  추후  안내  예정)
·  서울캠퍼스와  세종캠퍼스  간  이중전공은  세종(서울)캠퍼스에  동일(유사)  학과(부)가  없는  학과(부)에  한하여 
서울(세종)캠퍼스  학과(부)를  이수할  수  있음",,,,,,,,,,,,,,
55,졸업증서,"증서  1장에  제1전공과  이중전공을  함께  표기하며,  학위번호는  1개임
예)  영어영문학(문학사),  컴퓨터학(공학사)",,,,,,,,,,,,,,
55,증명발급,제1전공과  이중전공이  1장에  기재되어  발급,,,,,,,,,,,,,,
55,"구분
융합전공",,,,,,,,,,,,,,,
55,이수전공,제1전공을  이수하면서  2개  이상의  학과가  융합한  전공을  제2전공으로  동시에  이수함,,,,,,,,,,,,,,
55,지원자격,제1전공을  배정받은  3학기  이상의  재학생,,,,,,,,,,,,,,
55,신청시기,매학기  4(10)월경  (학사일정표  참고),,,,,,,,,,,,,,
55,정원,각  융합전공  협의회에서  선발인원을  정함,,,,,,,,,,,,,,
55,선발기준,"학업성적,  학업계획서,  면접  등  각  주관학과(부)에  따라  선발함",,,,,,,,,,,,,,
55,지원학과 범위,"매학기  개설  융합전공을  공지함
※  융합전공  개설현황: 
생태조경, 금융공학, 패션디자인 및 머천다이징, 사회규범과 행정, PEP(Politics, Economics and Policy), 인문학
과정의, 기후변화, 뇌인지과학, 공공거버넌스와리더십, 소프트웨어기술벤처, EML(Emerging Market & Latin 
America),  다문화한국어교육,  메디컬융합공학,  정보보호,  GKS(Global  Korean  Studies,  외국인  대상), 
LB&C(Language, Brain & Computer), 인문학과문화산업, GLEAC(Global Leader for East Asian Century), 의료
인문학, 통일과국제평화, 인공지능응용, 기술창업, 미생물융합기술, 에너지신산업, 개인정보보호, 기술·가정교
육(가정교육과  2학년  한정),  에코스마트시티,  인문사회디지털
·  일부  융합전공은  캠퍼스간  제한  있음",,,,,,,,,,,,,,
55,졸업증서,"증서  1장에  제1전공과  융합전공을  함께  표기하며,  학위번호는  1개임 
예)  수학(이학사),  금융공학(금융공학사)",,,,,,,,,,,,,,
55,증명발급,제1전공과  융합전공이  1장에  기재되어  발급,,,,,,,,,,,,,,
56,"구분
학생설계전공",,,,,,,,,,,,,,,
56,이수전공,제1전공을  이수하면서  학생이  설계지도교수의  지도  아래  협의하여  설계한  전공을  동시에  이수함,,,,,,,,,,,,,,
56,지원자격,제1전공을  배정받은  3학기  이상의  재학생,,,,,,,,,,,,,,
56,신청시기,매학기  4(10)월경  (학사일정표  참고),,,,,,,,,,,,,,
56,정원,교내  교육과정운영위원회에서  선발인원을  정함,,,,,,,,,,,,,,
56,선발기준,"학업성적,  학업계획서,  면접  등  교내  교육과정운영위원회에서  기준을  정하여  선발함",,,,,,,,,,,,,,
56,지원학과 범위,"매학기 학생설계전공 지원을 공지하고, 학생은 설계 지도교수의 지도 아래 협의하여 학생설계전공을 설계 및
신청함
-  3개  이상  학과(제1전공  포함)의  전공과목을  포함하여  구성함
-  기존에  개설되어  있는  제2전공과  동일  또는  유사한  학생설계전공은  허용되지  않음
-  국내외  다른  대학의  교과목  또는  대규모  온라인공개강좌를  3분의  1  이내로  하여  구성  가능함",,,,,,,,,,,,,,
56,졸업증서,"증서  1장에  제1전공과  학생설계전공을  함께  표기하며,  학위번호는  1개임
예)  영어영문학(문학사),  경영학(경영학사)",,,,,,,,,,,,,,
56,증명발급,제1전공과  학생설계전공이  1장에  기재되어  발급,,,,,,,,,,,,,,
56,"구분
복수전공",,,,,,,,,,,,,,,
56,이수전공,1전공(8학기)  이수  후  1학기  이상을  추가  이수함(복수전공은  제2전공에  해당되지  않음),,,,,,,,,,,,,,
56,지원자격,"제1전공을  102학점  이상  취득하고,  F를  포함한  전체성적의  평점평균이  2.5  이상인  재학생",,,,,,,,,,,,,,
56,신청시기,매학기  3(9)월경  (학사일정표  참고),,,,,,,,,,,,,,
56,정원,"지원학과(부)에서  선발인원을  정하며,  학과(부)의  교육여건  등을  감안하여  복수전공자의  수를  제한할  수  있음",,,,,,,,,,,,,,
56,선발기준,"학업성적,  학업계획서,  면접  등을  통하여  선발함",,,,,,,,,,,,,,
56,지원학과 범위,"본  대학교  전  학과(부)를  이수할  수  있음
단, 의과대학, 간호대학, 약학대학 및 모든 계약학과는 제외하며, 사범대학 지원자는 제1전공을 사범대학에서 
이수한  자에  한함  (2023학년도  이후  신설학과의  경우  추후  안내  예정)
· 서울캠퍼스와 세종캠퍼스 간 복수전공은 세종(서울)캠퍼스에 동일(유사) 학과(부)가 없는 학과(부)에 한하여 서울
(세종)캠퍼스  학과(부)를  이수할  수  있음",,,,,,,,,,,,,,
56,졸업증서,"증서  1장에  제1전공과  복수전공을  함께  표기하며,  학위번호는  1개임
예)  일어일문학(문학사),  경제학(경제학사)",,,,,,,,,,,,,,
56,증명발급,제1전공과  복수전공을  별도  발급,,,,,,,,,,,,,,
57,"구분
캠퍼스 내 소속변경(전과)",,,,,,,,,,,,,,,
57,전과 신청 자격,"○  공통  자격  요건과  전출학과  및  전입  신청학과에서  별도로  정한  자격  요건을  모두  갖춘  경우
    가.  공통  자격  요건
            -  본교  신입학생으로  2학년  이상  자격  요건을  충족한  자
            -  3개  학기(계절수업  제외)  이상  이수하였으며,  6학기를  초과하지  않은  자 
            -  전출학과(부)의  전공과목을  최소  9학점  이상  이수한  자
            -  F등급을  포함한  전체성적의  평점평균이  2.0  이상인  자 
    나.  전입  신청학과에서  별도로  정한  요건을  충족한  자",,,,,,,,,,,,,,
57,전과 신청 제한,"○  전과의  승인은  1회에  한하며,  전과  승인  후  전출학과(부)로  재변경할  수  없음
○ 일반대학 교직과정 이수 학생이 전과를 하는 경우 교직이수 선발사항이 취소되며 전입학과(부)에서 교직 
이수  재신청도  불가함
○  아래  해당  학생은  전과(전입/전출)  신청  불가
      -  계약학과  소속  학생
      -  편입학생  ·  재입학생  ·  복수전공생
      - 자유전공학부생, 글로벌자율학부생 및 자유전공학부, 글로벌자율학부로 입학하여 학과(부)를 선택한 학생
      -  캠퍼스  간  소속변경으로  전과한  학생
      -  체육교육과  학생선수",,,,,,,,,,,,,,
57,전입 제한,"의과대학,  약학대학은  전입을  제한하며,  사범대학  전입은  사범대학  소속  학생만  가능함 
(단,  사범대학,  간호대학으로  전과  전입은  전입  선발인원  및  결손  인원  내에서만  가능함)",,,,,,,,,,,,,,
57,신청 시기,매학년도  2학기  11월경  (학사일정표  참고),,,,,,,,,,,,,,
57,정원,전과  허용  인원은  학과  내규로  정함(학과별  입학정원의  10%  이상),,,,,,,,,,,,,,
57,선발 기준,"가.  전출  평가  방법
    -  전출  신청인원이  전출  허용인원  이내인  경우  :  기본  지원자격  충족  여부로  평가
    - 전출 신청인원이 전출 허용인원 초과인 경우 : 기본 지원자격 충족 여부 및 교양과목 성적평점평균 순으로 
선발 
나.  전입  평가  방법  :  학과별  상이",,,,,,,,,,,,,,
57,지원학과 범위,전과  신청  제한  및  전입  제한  학과(부)를  제외한  캠퍼스  내  전  학과(부)로  전과할  수  있음,,,,,,,,,,,,,,
57,졸업증서,"증서  1장에  전과한  학과(부)가  제1전공으로  표기됨
예)  일어일문학(문학사),  경제학(경제학사)",,,,,,,,,,,,,,
57,증명발급,전과한  학과(부)로  제1전공  증명을  발급함,,,,,,,,,,,,,,
58,"구분
학생기숙사(직영)
에듀21고려대학교 학생기숙사(민자)",,,,,,,,,,,,,,,
58,선발기준,"· 기숙사 신청인원수를 고려하여 전형별, 모집단위별, 남‧
여별  입학  석차순으로  선발함
    (※  대학수학능력시험점수로  선발하지  않음)
·  1순위:  출신고교가  서울지역이  아닌  지원자
·  2순위:  출신고교가  서울지역인  지원자","· 원서접수 당시 기재한 주소지를 기준으로 고려대학교
까지의 거리를 측정하여 선발함(주소라 함은 부모 또는 
보호자의 주민등록상의 주소를, 부모 또는 보호자가 없
는 경우에는 본인의 주민등록상 주소를 말함. 기숙사 
또는  기숙학원  주소  기재  금지)
  다만, 전교육과정해외이수자 특별전형 입학자로서 해
외고교를 졸업한 자가 입학원서 접수시 국내 주소를 임
의로 기재하더라도 국내가 아닌 해외에 주소를 둔 것으
로  간주함",,,,,,,,,,,,,
58,"모집인원
(수시/정시
포함인원임)","남  380명,  여  160명  내외","남  250명,  여  330명  내외",,,,,,,,,,,,,
58,기타사항,"·  기숙사비:  월  25만원(유동적,  식비  별도)
·  3인  1실
·  화장실,  샤워실  각층  공용시설  사용
·  일체형  책상/침대(2층)  사용","·  기숙사비:  월  42만원(유동적,  식비  별도)
·  2인  1실
·  화장실,  샤워실  개별  호실  사용",,,,,,,,,,,,,
59,교육지원인력(도우미),우선수강 신청 지원,시험평가 지원,소망장학금,,,,,,,,,,,,
59,"- 필기, 학습, 이동, 생활 
등 일반교육지원인력 
지원
- 속기사 등 
전문교육지원인력 지원","- 장애학생 우선 
수강신청 지원","- 확대 시험지 및 
구술시험
- 별도 시험 장소 제공
- 장애 특성 및 교과목 
특성을 고려한 평가 
조정 지원","- 장애학생을 위한        
  장학금
- 등록금의 50% 지원",,,,,,,,,,,,
59,교환학생 학습지원,탄력적 학사 운영,학습교재 지원,교수학습 지원,,,,,,,,,,,,
59,"-
Testing 
Accommodations 
Request Form 
Certification 지원","- 졸업 요건 한자 인증 
시험 면제
- 졸업 요건 외국어 인증 
시험 면제","- 시각 장애학생 
학습교재 및 자료 제작 
지원
- 강의 자료 지원","- 강의실 앞자리 배정
- 학습보조공학기기 
지원
- 기타 장애학생 요청 
사항 지원",,,,,,,,,,,,
60,기숙사,대학생활 지원(도우미),도서관,장애학생 휴게실,,,,,,,,,,,,
60,"- 기숙사 우선 배정 지원
- 프런티어관 장애인실 
20% 할인","- 기숙사, 생활, 이동 
지원인력 지원","- 장애학생 전용 휴게실
- 장애인 전용석
- 대출, 반납, 정보 지원 
등 도서관 도우미 지원","- 장애학생 전용 휴게실
- 장애학생 전용 수면실",,,,,,,,,,,,
60,정보접근성,이동 및 생활 보조기기,장애인 편의시설,강의실 환경 점검,,,,,,,,,,,,
60,"- 장애학생 커뮤니티
- 문자 SNS(카카오톡) 
개별 안내 서비스","- 전동휠체어, 사물함 등 
대여","- 장애인 편의시설 점검
- 장애인 편의시설 설치 
요청","- 강의실 접근성 점검 및 
변경
- 높낮이 책상 배치",,,,,,,,,,,,
61,대학(학부) 및 모집단위,연락처,,,,,,,,,,,,,,
61,■ 경영대학,02-3290-2702,,,,,,,,,,,,,,
61,■ 문과대학,02-3290-5106~7,,,,,,,,,,,,,,
61,국어국문학과,02-3290-5106,,,,,,,,,,,,,,
61,철학과,02-3290-5107,,,,,,,,,,,,,,
61,한국사학과,02-3290-5106,,,,,,,,,,,,,,
61,사학과,02-3290-5106,,,,,,,,,,,,,,
61,사회학과,02-3290-5107,,,,,,,,,,,,,,
61,한문학과,02-3290-5107,,,,,,,,,,,,,,
61,영어영문학과,02-3290-5107,,,,,,,,,,,,,,
61,독어독문학과,02-3290-5107,,,,,,,,,,,,,,
61,불어불문학과,02-3290-5107,,,,,,,,,,,,,,
61,중어중문학과,02-3290-5106,,,,,,,,,,,,,,
61,노어노문학과,02-3290-5106,,,,,,,,,,,,,,
61,일어일문학과,02-3290-5106,,,,,,,,,,,,,,
61,서어서문학과,02-3290-5106,,,,,,,,,,,,,,
61,언어학과,02-3290-5107,,,,,,,,,,,,,,
61,■ 생명과학대학,02-3290-4061,,,,,,,,,,,,,,
61,생명과학부,02-3290-3050,,,,,,,,,,,,,,
61,생명공학부,02-3290-3060,,,,,,,,,,,,,,
61,식품공학과,02-3290-4063,,,,,,,,,,,,,,
61,환경생태공학부,"02-3290-4963, 3010",,,,,,,,,,,,,,
61,식품자원경제학과,02-3290-3030,,,,,,,,,,,,,,
61,■ 정경대학,02-3290-5140,,,,,,,,,,,,,,
61,정치외교학과,,,,,,,,,,,,,,,
61,경제학과,,,,,,,,,,,,,,,
61,통계학과,,,,,,,,,,,,,,,
61,행정학과,,,,,,,,,,,,,,,
61,■ 이과대학,02-3290-4071,,,,,,,,,,,,,,
61,수학과,02-3290-3070,,,,,,,,,,,,,,
61,물리학과,02-3290-3090,,,,,,,,,,,,,,
61,화학과,02-3290-3120,,,,,,,,,,,,,,
61,지구환경과학과,02-3290-3170,,,,,,,,,,,,,,
61,■ 공과대학,02-3290-4127,,,,,,,,,,,,,,
61,화공생명공학과,02-3290-4600,,,,,,,,,,,,,,
61,신소재공학부,02-3290-3821,,,,,,,,,,,,,,
61,건축사회환경공학부,02-3290-3311,,,,,,,,,,,,,,
61,건축학과,02-3290-4599,,,,,,,,,,,,,,
61,기계공학부,02-3290-3350,,,,,,,,,,,,,,
61,산업경영공학부,02-3290-3380,,,,,,,,,,,,,,
61,대학(학부) 및 모집단위,연락처,,,,,,,,,,,,,,
61,전기전자공학부,"02-3290-3211, 3213",,,,,,,,,,,,,,
61,반도체공학과,02-3290-4551,,,,,,,,,,,,,,
61,융합에너지공학과,02-3290-4591,,,,,,,,,,,,,,
61,차세대통신학과,02-3290-4461,,,,,,,,,,,,,,
61,■ 의과대학,"02-2286-1520, 1539",,,,,,,,,,,,,,
61,■ 사범대학,02-3290-1335,,,,,,,,,,,,,,
61,교육학과,,,,,,,,,,,,,,,
61,국어교육과,,,,,,,,,,,,,,,
61,영어교육과,,,,,,,,,,,,,,,
61,지리교육과,,,,,,,,,,,,,,,
61,역사교육과,,,,,,,,,,,,,,,
61,가정교육과,,,,,,,,,,,,,,,
61,수학교육과,,,,,,,,,,,,,,,
61,체육교육과,,,,,,,,,,,,,,,
61,■ 간호대학,02-3290-4901,,,,,,,,,,,,,,
61,■ 정보대학,"02-3290-4132, 4133, 
4134",,,,,,,,,,,,,,
61,컴퓨터학과,,,,,,,,,,,,,,,
61,데이터과학과,,,,,,,,,,,,,,,
61,인공지능학과,,,,,,,,,,,,,,,
61,■ 디자인조형학부,02-3290-2680,,,,,,,,,,,,,,
61,■ 국제대학,02-3290-1396,,,,,,,,,,,,,,
61,국제학부,,,,,,,,,,,,,,,
61,글로벌한국융합학부,,,,,,,,,,,,,,,
61,글로벌자율학부,,,,,,,,,,,,,,,
61,■ 미디어대학,02-3290-1403,,,,,,,,,,,,,,
61,미디어학부,,,,,,,,,,,,,,,
61,글로벌엔터테인먼트학부,,,,,,,,,,,,,,,
61,■ 보건과학대학,02-3290-5670,,,,,,,,,,,,,,
61,바이오의공학부,,,,,,,,,,,,,,,
61,바이오시스템의과학부,,,,,,,,,,,,,,,
61,보건환경융합과학부,,,,,,,,,,,,,,,
61,보건정책관리학부,,,,,,,,,,,,,,,
61,■ 자유전공학부,02-3290-1415,,,,,,,,,,,,,,
61,■ 스마트보안학부,02-3290-4250,,,,,,,,,,,,,,
61,스마트보안학부,,,,,,,,,,,,,,,
61,사이버국방학과,02-3290-4253,,,,,,,,,,,,,,
61,■ 심리학부,02-3290-2060,,,,,,,,,,,,,,
61,■ 스마트모빌리티학부,02-3290-4465,,,,,,,,,,,,,,
61,■ 학부대학,02-3290-1591,,,,,,,,,,,,,,
62,"부서
연락처
업무",,,,,,,,,,,,,,,
62,국제어학원 외국어센터,02-3290-1454,신입생 영어능력평가고사,,,,,,,,,,,,,
62,,02-3290-1455,신입생 어학강좌,,,,,,,,,,,,,
62,"직영
안암학사행정팀
민자","02-3290-1552
02-3290-1553/9684(입사상담)","기숙사 선발, 입사",,,,,,,,,,,,,
62,,,,,,,,,,,,,,,,
62,학사팀,02-3290-2734~6,"학적, 수업, 다전공",,,,,,,,,,,,,
62,재정팀,02-3290-1187,등록금,,,,,,,,,,,,,
62,의료원재무팀(의과대학),02-2286-1031,,,,,,,,,,,,,,
62,중앙도서관 인포메이션 센터,"02-3290-1486, 1492",도서관 출입 및 자료 열람,,,,,,,,,,,,,
62,학생지원팀,02-3290-1571～2,"보건비, 의료공제비",,,,,,,,,,,,,
62,,02-3290-1573,의료공제비,,,,,,,,,,,,,
62,,02-3290-1104～7,"장학금, 학자금대출",,,,,,,,,,,,,
62,"인문계
ONE-STOP서비스센터
자연계","02-3290-1141～6
02-3290-4091～2","학생증, 제증명",,,,,,,,,,,,,
62,,,,,,,,,,,,,,,,
