3,구분,,"학생부교과
학생부종합",,,,,,,논술,실기/실적,,
3,,,"학교추천
학업우수
전형
전형",,"계열적합
전형","고른기회
다문화
재직자
전형
전형
전형",,,"사이버국방
전형","논술
전형","특기자
전형",,
3,복수지원,,O,,O,O,,,O,O,O,,
3,,,"상기 전형 중 
1개 전형만 지원 가능",,,"상기 전형 중 
1개 전형만 지원 가능",,,,,,,
3,"고교
유형",일반고,O,O,O,O,O,–,O,O,O,,
3,,특목고,O,O,O,△,O,–,O,O,O,,
3,,특성화고,–,O,O,O,O,"O
산업체
근무
3년 이상",O,O,O,,
3,,국외고,–,O,O,△,O,–,O,O,O,,
3,,검정고시,–,O,O,△,O,–,O,O,O,,
3,"대학수학능력시험
최저학력기준",,O,O,–,–,–,–,–,O,△,,
3,"전형
방법",전형요소,"교과
서류",서류,"서류
면접","서류
면접","서류
면접","서류
면접","서류
면접 
기타",논술,"서류
면접",,
3,,선발방식,일괄,일괄,단계별,단계별,단계별,단계별,단계별,일괄,단계별,,
3,"제출
서류","고등학교 동등 
학력 인정 서류*",O,O,O,O,O,O,O,O,O,,
3,,활동증빙서류*,–,△,△,△,△,–,△,–,△,,
3,,"유형별
지원자격증빙서류",–,–,–,O,O,O,–,–,△,,
3,미등록 충원,,O,O,O,O,O,–,O,O,O,,
3,세부전형안내,,17쪽,22쪽,26쪽,30쪽,37쪽,40쪽,44쪽,48쪽,53쪽,,
4,"대학
(학부)",계열,모집단위,"모집
인원",수시모집,,,,,,,,
4,,,,,학생부교과,학생부종합,,,,,,논술,"실기/
실적"
4,,,,,"학교추천
전형","학업우수
전형","계열적합
전형","고른기회
전형","다문화
전형","재직자
전형","사이버국방
전형","논술
전형","특기자
전형"
4,경영대학,인문 경영대학,,203,52,74,46,15,4,-,-,12,-
4,문과대학,인문,국어국문학과*,34,9,11,7,3,-,-,-,4,-
4,,,철학과*,25,11,5,3,2,-,-,-,4,-
4,,,한국사학과,15,4,5,3,1,-,-,-,2,-
4,,,사학과,27,7,8,5,2,-,-,-,5,-
4,,,사회학과*,46,12,15,9,4,-,-,-,6,-
4,,,한문학과*,15,4,5,3,1,-,-,-,2,-
4,,,영어영문학과*,62,16,20,12,5,1,-,-,8,-
4,,,독어독문학과*,21,6,6,4,2,-,-,-,3,-
4,,,불어불문학과*,24,6,7,5,2,-,-,-,4,-
4,,,중어중문학과*,32,8,10,6,2,-,-,-,6,-
4,,,노어노문학과*,22,6,7,4,2,-,-,-,3,-
4,,,일어일문학과*,25,7,8,5,2,-,-,-,3,-
4,,,서어서문학과,30,7,10,6,2,-,-,-,5,-
4,,,언어학과,19,4,7,3,1,-,-,-,4,-
4,"생명과학
대학",자연,생명과학부*,60,15,19,11,5,-,◉,-,10,-
4,,,생명공학부,67,17,22,13,5,1,◉,-,9,-
4,,,식품공학과,29,7,10,5,2,-,◉,-,5,-
4,,,환경생태공학부,42,11,13,8,3,-,◉,-,7,-
4,,,인문 식품자원경제학과,33,9,10,6,3,-,-,-,5,-
4,정경대학,인문,정치외교학과*,46,12,15,9,4,-,-,-,6,-
4,,,경제학과*,80,21,25,15,6,2,-,-,11,-
4,,,통계학과*,52,14,16,11,4,-,-,-,7,-
4,,,행정학과*,45,12,14,9,4,-,-,-,6,-
4,이과대학,자연,수학과*,32,8,11,6,2,-,-,-,5,-
4,,,물리학과*,31,8,10,6,2,-,-,-,5,-
4,,,화학과*,28,7,9,5,2,-,-,-,5,-
4,,,지구환경과학과*,21,4,6,5,2,-,-,-,4,-
5,"대학
(학부)",계열,모집단위,"모집
인원",수시모집,,,,,,,,
5,,,,,학생부교과,학생부종합,,,,,,논술,"실기/
실적"
5,,,,,"학교추천
전형","학업우수
전형","계열적합
전형","고른기회
전형","다문화
전형","재직자
전형","사이버국방
전형","논술
전형","특기자
전형"
5,공과대학,자연,공과대학★,33,-,33,-,-,-,-,-,-,-
5,,,화공생명공학과,51,14,15,5,4,-,◉,-,13,-
5,,,신소재공학부,78,22,19,17,7,2,◉,-,11,-
5,,,건축사회환경공학부,55,15,16,11,4,-,◉,-,9,-
5,,,건축학과,25,6,8,5,2,-,◉,-,4,-
5,,,기계공학부,80,21,22,16,6,2,◉,-,13,-
5,,,산업경영공학부,30,8,7,6,2,-,◉,-,7,-
5,,,전기전자공학부,131,34,42,28,14,3,◉,-,10,-
5,,,반도체공학과,28,,"-　
14",14,-,-,-,-,-,-
5,,,융합에너지공학과,20,5,7,4,1,-,◉,-,3,-
5,,,차세대통신학과,20,,"-　
10",10,-,-,-,-,-,-
5,의과대학,자연 의과대학,,67,18,28,15,5,1,-,-,-,-
5,사범대학,인문,교육학과,30,8,10,6,2,-,-,-,4,-
5,,,국어교육과,30,8,9,6,2,-,-,-,5,-
5,,,영어교육과,36,9,11,7,3,-,-,-,6,-
5,,,지리교육과,22,6,7,4,2,-,-,-,3,-
5,,,역사교육과,19,5,6,4,1,-,-,-,3,-
5,,자연,가정교육과,22,7,7,4,2,-,-,-,2,-
5,,,수학교육과,23,6,7,4,2,-,-,-,4,-
5,,체능 체육교육과,,40,,"-　
-",-,,"-　
-",-,,- 　-,40
5,간호대학,자연 간호대학*,,37,10,12,7,3,-,-,-,5,-
5,정보대학,자연,컴퓨터학과,79,21,26,14,7,2,◉,-,9,-
5,,,데이터과학과,26,7,8,6,2,-,◉,-,3,-
5,,,인공지능학과,64,16,21,13,5,-,◉,-,9,-
5,"디자인
조형학부",,예능 디자인조형학부,15,,"-　
-",-,,-　 　-,-,-,-,15
5,국제대학,인문,국제학부,34,7,10,10,2,-,-,-,5,-
5,,,글로벌한국융합학부,5,,"-　
-",5,,-　 　-,-,,- 　-,-
5,"미디어
대학",인문 미디어학부,,42,10,14,8,4,-,-,-,6,-
6,"대학
(학부)",계열,모집단위,"모집
인원",수시모집,,,,,,,,
6,,,,,학생부교과,학생부종합,,,,,,논술,"실기/
실적"
6,,,,,"학교추천
전형","학업우수
전형","계열적합
전형","고른기회
전형","다문화
전형","재직자
전형","사이버국방
전형","논술
전형","특기자
전형"
6,"보건과학
대학",자연,바이오의공학부,49,12,16,10,4,-,◉,-,7,-
6,,,바이오시스템의과학부,40,10,13,8,3,-,◉,-,6,-
6,,,보건환경융합과학부,70,18,22,13,6,2,◉,-,9,-
6,,,인문 보건정책관리학부,46,12,15,9,4,-,-,-,6,-
6,"자유전공
학부",,인문　자유전공학부★,59,18,21,-,5,-,-,-,15,-
6,"스마트
보안학부",자연,사이버국방학과,10,,"-　
-",-,-,-,-,10,-,-
6,,,스마트보안학부,33,8,11,6,3,-,◉,-,5,-
6,심리학부,인문 심리학부*,,25,6,8,5,2,-,-,-,4,-
6,"스마트모빌
리티학부",,자연 스마트모빌리티학부,30,,"-　
10",20,-,-,-,,- 　-,-
6,학부대학,자연 학부대학★,,16,,"-　
8",-,-,-,-,-,8,-
6,모집인원 합계,,,2703,651,871,530,199,20,17,10,350,55
7,전형명,모집단위,수능 최저학력기준,,,,,,,,,,
7,학교추천전형,"인문계⸱자연계
(의과대학  제외)","국어,  수학,  영어,  탐구  4개  영역  중  3개  영역  등급의  합이  7  이내 
및  한국사  4등급  이내",,,,,,,,,,
7,,의과대학,"국어,  수학,  영어,  탐구  4개  영역  등급의  합이  5  이내 
및  한국사  4등급  이내",,,,,,,,,,
7,학업우수전형,"인문계⸱자연계
(의과대학  제외)","국어,  수학,  영어,  탐구  4개  영역  등급의  합이  8  이내 
및  한국사  4등급  이내",,,,,,,,,,
7,,의과대학,"국어,  수학,  영어,  탐구  4개  영역  등급의  합이  5  이내 
및  한국사  4등급  이내",,,,,,,,,,
7,논술전형,인문계⸱자연계,"국어,  수학,  영어,  탐구  4개  영역  등급의  합이  8  이내 
및  한국사  4등급  이내",,,,,,,,,,
7,특기자전형,"디자인
조형학부
(예능계)","국어,  수학,  영어,  탐구  4개  영역  중  3개  영역  등급의  합이  8  이내 
및  한국사  4등급  이내",,,,,,,,,,
8,구분,,일시,장소,비고,,,,,,,,
8,원서접수,,"2025.09.08.(월) 10:00 
～09.10.(수) 17:00","입학처 홈페이지
(oku.korea.ac.kr)","· 인터넷으로만 접수하므로 사진파일을 
미리 준비해야 함",,,,,,,,
8,"서류
제출",온라인,"09.08.(월) 10:00 
～09.10.(수) 19:00
※ 입력기간  이후에는 
입력(수정)  일절  불가",입학처 홈페이지,"· 해당자에 한함
· 해당 전형의 서류제출 방법 참조",,,,,,,,
8,,등기우편,"<국내발송>
09.11.(목) 
우체국 접수(등기
우편)까지 유효
<국외발송>
09.12.(금)
입학처 도착 분까지 유효","<등기우편 주소>
(02841)
서울특별시 성북구 안암로 
145 고려대학교 라이시움 
입학처 ○○전형 담당자","· 해당자에 한함
· 우편접수(등기우편)만 가능함",,,,,,,,
8,제출서류 도착 확인,,09.29.(월) 10:00,입학처 홈페이지,· 등기우편 서류 제출 해당자에 한함,,,,,,,,
9,구분,일시,장소(제출),비고,,,,,,,,,
9,"고교별 추천대상자명단 
온라인 입력","09.15.(월) 09:00 ～ 09.19.(금) 18:00
※ 입력기간 이후에는 입력(수정), 
대상자 추가 추천 일절 불가함","입학처 
홈페이지
(oku.korea.ac.kr)","· 제출방법: 입학처 홈페이지 별도 공지
· 원서접수 대행사를 통해 지원자에 대한 
추천여부 체크",,,,,,,,,
9,최종합격자발표,12.12.(금) 17:00,"입학처 
홈페이지","· 개별  통지하지  않음
· 입학허가통지서  등  기타  유인물은  입학처 
홈페이지에서 합격자  조회 시  출력  가능함",,,,,,,,,
9,구분,일시,장소,비고,,,,,,,,,
9,최종합격자발표,12.12.(금) 17:00,"입학처
홈페이지","· 개별 통지하지 않음
· 입학허가통지서  등  기타  유인물은  입학처 
홈페이지에서 합격자  조회 시  출력  가능함",,,,,,,,,
10,구분,,"일시
장소",,비고,,,,,,,,
10,1단계 합격자발표,,10.24.(금) 17:00,"입학처 
홈페이지",,,,,,,,,
10,면접고사,"인문계
(인문)",11.01.(토) 08:00까지 입실완료,서울캠퍼스,"모집단위별 고사 장소 및 시간은 
  10.28.(화) 입학처 홈페이지에 공지함
· 계열별 오전/오후 모집단위는 27쪽 참조
· 본 전형은 대면 면접으로 진행되며, 관련 
세부사항은 62쪽 ‘면접평가 안내’ 참조",,,,,,,,
10,,"인문계
(사회)",11.01.(토) 13:20까지 입실완료,,,,,,,,,,
10,,자연계,"11.02.(일)
-오전 모집단위 : 08:00까지 입실완료
-오후 모집단위 : 13:20까지 입실완료",,,,,,,,,,
10,최종합격자발표,,11.25.(화) 17:00,"입학처 
홈페이지","· 개별  통지하지  않음
· 입학허가통지서  등 기타  유인물은  입학처 
홈페이지에서  합격자  조회  시  출력  가능함",,,,,,,,
10,구분,,일시,장소,비고,,,,,,,,
10,1단계 합격자발표,,10.17.(금) 17:00,"입학처
홈페이지",,,,,,,,,
10,면접고사,고른기회,10.25.(토)  08:00까지  입실완료,서울캠퍼스,"고사  장소 및 시간은 
10.21.(화)  입학처 홈페이지에  공지함
· 본 전형은 대면 면접으로 진행되며, 관련 
세부사항은 62쪽 ‘면접평가 안내’ 참조",,,,,,,,
10,,다문화,,,,,,,,,,,
10,,재직자,,,,,,,,,,,
10,최종합격자발표,,11.25.(화) 17:00,"입학처 
홈페이지","· 개별  통지하지  않음
· 입학허가통지서  등  기타  유인물은  입학처 
홈페이지에서  합격자  조회  시 출력  가능함",,,,,,,,
11,구분,일시,장소,비고,,,,,,,,,
11,1단계 합격자 발표,10.17.(금) 17:00,"입학처
홈페이지",,,,,,,,,,
11,면접고사,10.25.(토),서울캠퍼스,"· ‘본교’ 및 ‘군 면접’ 장소 및 시간은 
10.21.(화)  입학처  홈페이지에  공지함
· 군 관련 일정은 71쪽 ‘사이버국방학과–신원조회, 
인성검사,  체력검정,  신체검사,  군  면접평가 
안내’ 참조",,,,,,,,,
11,"사이버국방학과
군 관련 일정
(※군 관련 일정은 
변동될 수 있음)","<군 관련 일정>
- 신원조회(온라인): 10.17.(금)~24.(금)
- 인성검사(온라인): 10.17.(금)~24.(금)
- 체력검정(인증서): 국민체력100
- 신체검사 및 군면접평가: 
    10.29.(수)~30.(목)",,,,,,,,,,,
11,최종합격자발표,12.12.(금) 17:00,"입학처 
홈페이지","· 개별  통지하지  않음
· 입학허가통지서  등 기타  유인물은  입학처 
홈페이지에서  합격자  조회  시  출력  가능함",,,,,,,,,
12,구분,,일시,장소,비고,,,,,,,,
12,논술고사,자연계,"11.15.(토)
-오전 모집단위 : 08:30까지 입실완료
-오후 모집단위 : 12:30까지 입실완료",서울캠퍼스,"· 고사 장소 및 시간은 
  11.11.(화) 입학처 홈페이지에 공지함
-계열별 오전/오후 모집단위는 50쪽 참조",,,,,,,,
12,,인문계,"11.16.(일)
-오전 모집단위 : 08:30까지 입실완료
-오후 모집단위 : 12:30까지 입실완료",,,,,,,,,,
12,최종합격자발표,,12.12.(금) 17:00,"입학처
홈페이지","· 개별 통지하지 않음
· 입학허가통지서  등  기타 유인물은  입학처 
홈페이지에서  합격자  조회  시  출력  가능함",,,,,,,,
12,구분,,일시,장소,비고,,,,,,,,
12,"1단계 
합격자발표","디자인조형학부,
체육교육과",10.17.(금) 17:00,"입학처
홈페이지",,,,,,,,,
12,면접고사,디자인조형학부,10.25.(토) 오후,서울캠퍼스,"· 고사  장소 및 시간은
10.21.(화)  입학처  홈페이지에  공지함
· 본 전형은 대면 면접으로 진행되며, 관련 
세부사항은 62쪽 ‘면접평가 안내’ 참조",,,,,,,,
12,,체육교육과,11.07.(금)~11.08.(토),서울캠퍼스,"· 고사  장소 및 시간은
11.04.(화)  입학처  홈페이지에  공지함 
· 본 전형은 대면 면접으로 진행되며, 관련 
세부사항은 62쪽 ‘면접평가 안내’ 참조",,,,,,,,
12,"최종
합격자발표","디자인조형학부,
체육교육과",12.12.(금) 17:00,"입학처 
홈페이지","· 개별  통지하지  않음
· 입학허가통지서  등 기타  유인물은  입학처 
홈페이지에서  합격자  조회  시  출력  가능함",,,,,,,,
13,구분,일시,장소,비고,,,,,,,,,
13,등록기간,"2025.12.15.(월) 10:00 ~
12.17.(수) 14:00까지","입학처
홈페이지","· 문서등록  페이지에서 안내에  따라 온라인  문서등록  진행
· 온라인 문서등록으로 등록의사 확인
· 등록기간  중  24시간  등록가능.  단,  마감일은  14:00까지  가능
· ‘합격자 온라인  문서등록’을  완료하더라도  신입생  등록금  납부기간
   (2026.02.09(월)~02.11.(수))에  등록금  전액을  납부하지  않을  경우
   에는 합격을  취소함",,,,,,,,,
13,구분,발표일시,등록기간,비고,,,,,,,,,
13,1차,12.17.(수) 21:00,12.18.(목) 14:00까지,"※전형별 충원 일정(차수), 방법은  서로  다르며 
다음  페이지를  참조할  것",,,,,,,,,
13,2차,12.18.(목) 21:00,12.19.(금) 14:00까지,,,,,,,,,,
13,3차,12.19.(금) 21:00,12.22.(월) 10:00까지,,,,,,,,,,
13,4차,12.22.(월) 14:00,12.22.(월) 18:00까지,,,,,,,,,,
13,5차,12.22.(월) 22:00,12.23.(화) 10:00까지,,,,,,,,,,
13,6차,12.23.(화) 14:00,12.24.(수) 22시까지,,,,,,,,,,
14,"전형명
(또는 모집단위)",충원여부,"미등록충원
차수구분",발표방식,비고,,,,,,,,
14,학교추천전형,○,5차까지,"입학처
홈페이지 발표",전화 충원 없음,,,,,,,,
14,학업우수전형,,,,,,,,,,,,
14,사이버국방전형,,,,,,,,,,,,
14,논술전형,,,,,,,,,,,,
14,계열적합전형,○,기한 내,"5차까지 홈페이지 발표, 
6차부터 전화 충원","6차부터 추가합격자는 
합격사실과 등록일정을
전화로 개별 통보함
(12.24.(수) 중 종료)",,,,,,,,
14,고른기회전형,○,4차까지,"입학처
홈페이지 발표",5차 충원 없음,,,,,,,,
14,다문화전형,,,,,,,,,,,,
14,특기자전형(디자인조형학부),,,,,,,,,,,,
14,특기자전형(체육교육과),,,,,,,,,,,,
14,재직자전형,X,해당없음,해당없음,미등록 충원 없음,,,,,,,,
14,구분,일시,장소,비고,,,,,,,,,
14,신청기한,"2025.12.23.(화) 
오전10시까지",입학처 홈페이지,"· 본  대학교에  합격하여  등록하였으나  등록을  취소하고자 
하는  경우에는  온라인  문서등록을  포기하여야 함
· 기일  경과로  인한  불이익은  지원자  본인  책임임",,,,,,,,,
16,"학교추천
학업우수
전형
전형","계열적합
전형","고른기회
다문화
재직자
전형
전형
전형","사이버국방
전형","논술
전형","특기자
전형",,,,,,,
16,"상기 전형 중 
1개 전형만 지원 가능",가능,"상기 전형 중 
1개 전형만 지원 가능",가능,가능,가능,,,,,,,
18,"대학
(학부)",계열,모집단위,모집인원,"대학
(학부)",계열,모집단위,모집인원,,,,,
18,경영대학,인문,경영대학,52,공과대학,자연,화공생명공학과,14,,,,,
18,문과대학,인문,국어국문학과*,9,,,신소재공학부,22,,,,,
18,,,철학과*,11,,,건축사회환경공학부,15,,,,,
18,,,한국사학과,4,,,건축학과,6,,,,,
18,,,사학과,7,,,기계공학부,21,,,,,
18,,,사회학과*,12,,,산업경영공학부,8,,,,,
18,,,한문학과*,4,,,전기전자공학부,34,,,,,
18,,,영어영문학과*,16,,,융합에너지공학과,5,,,,,
18,,,독어독문학과*,6,의과대학,자연,의과대학,18,,,,,
18,,,불어불문학과*,6,사범대학,인문,교육학과,8,,,,,
18,,,중어중문학과*,8,사범대학,인문,국어교육과,8,,,,,
18,,,노어노문학과*,6,,,영어교육과,9,,,,,
18,,,일어일문학과*,7,,,지리교육과,6,,,,,
18,,,서어서문학과,7,,,역사교육과,5,,,,,
18,,,언어학과,4,,자연,가정교육과,7,,,,,
18,"생명과학
대학",자연,생명과학부*,15,,,수학교육과,6,,,,,
18,,,생명공학부,17,간호대학,자연,간호대학*,10,,,,,
18,,,식품공학과,7,정보대학,자연,컴퓨터학과,21,,,,,
18,,,환경생태공학부,11,,,데이터과학과,7,,,,,
18,,인문,식품자원경제학과,9,,,인공지능학과,16,,,,,
18,정경대학,인문,정치외교학과*,12,국제대학,인문,국제학부,7,,,,,
18,,,경제학과*,,21 미디어대학,인문,미디어학부,10,,,,,
18,,,통계학과*,14,"보건과학
대학",자연,바이오의공학부,12,,,,,
18,,,행정학과*,12,,,바이오시스템의과학부,10,,,,,
18,이과대학,자연,수학과*,8,,,보건환경융합과학부,18,,,,,
18,,,물리학과*,8,,인문,보건정책관리학부,12,,,,,
18,,,화학과*,7,"자유전공
학부",,인문　 자유전공학부★,18,,,,,
18,,,지구환경과학과*,4,"스마트
보안학부",자연,스마트보안학부,8,,,,,
18,,,,,심리학부,인문,심리학부*,6,,,,,
19,모집단위 계열별,최저학력기준,,,,,,,,,,,
19,"인문⸱자연계
(의과대학 제외)","국어,  수학,  영어,  탐구  4개  영역 중  3개  영역  등급의  합이  7 이내
및  한국사  4등급  이내",,,,,,,,,,,
19,의과대학,"국어,  수학,  영어,  탐구  4개  영역 등급의  합이 5  이내
및  한국사  4등급  이내",,,,,,,,,,,
19,반영 과목,학년별 반영비율,,,,,,,,,,,
19,"‘원점수, 평균, 표준편차, 석차등급’이 기재된 모든 과목과
‘원점수, 평균, 성취도, 성취도별 분포비율‘이 기재된 모든 과목",학년별 반영비율 없음,,,,,,,,,,,
20,"① 교과평균등급 산출 방법 
(과목별 석차등급  또는  변환석차등급주1) ×  이수단위(이수학점))
교과평균등급  ＝ 
   
이수단위(이수학점)
   주1) ‘성취도와 성취도별 분포비율‘이 모두 기재된 과목의 변환석차등급 산출 방법 
              
      ★성취도 비율에 따른 석차등급 기준 
비율
0
4.1
11.1
23.1
40.1
60.1
77.1
89.1
96.1
(%)
~  4.0
~  11.0
~  23.0
~  40.0
~  60.0
~  77.0
~  89.0
~  96.0
~  100
석차등급
1
2
3
4
5
6
7
8
9
              
② 교과평균등급점수 산출 방법
교과평균등급점수 =           
                        ※   =  상기  ①을  통해  산출한  교과평균등급
                        ※   =  보다 작거나  같은 가장  큰  자연수( = 1,2, 3, 4, 5, 6, 7, 8, 9)
                        ※   = n등급에  해당하는  등급별  반영점수주2)
     
                 주2)  등급별  반영점수  기준
등급
1
2
3
4
5
6
7
8
9  이상
반영점수
100
96
92
86
70
55
40
20
0
              
     
③  학생부(교과)  반영  점수 =  교과평균등급점수  ×  0.9
             
         <수강자  수에  따른  조정등급>
      
               ※  과목별  조정등급  =  석차등급  –  조정점수
                      예) “문학” 과목의 수강자 수가 3명이고, 석차등급이 5인 경우 위의 표에 의해 조정등급은 5–2=3등급으로 반영됨
            ※  ‘원점수, 평균, 표준편차, 석차등급’이 기재된 과목 중 12명 이하 소인수 과목에만 적용됨
            ※  2026학년도 수시모집 학생부교과 학교추천전형 교과점수 산출예시는 입학처 홈페이지(oku.korea.ac.kr) 공지사항 참조",,,,,,,,,,,,
20,,과목별  성취도,변환석차등급,,,,,,,,,,
20,,A,1,,,,,,,,,,
20,,B,"‘성취도  A의  비율’에  해당하는  석차등급★ +
(성취도  A의  비율  + 성취도  B의 비율)  /  100",,,,,,,,,,
20,,C,"‘성취도 A의  비율  +  성취도  B의  비율’에 해당하는  석차등급★ +
(성취도  A의  비율  +  성취도  B의  비율 +  성취도  C의  비율)  /  100",,,,,,,,,,
20,,,,,,,,,,,,,
20,,"석차등급
수강자 수",,1,2,3,4,5,6,7,8,9,
20,,1명,,,,,,4,,,,,
20,,2명,,,,,3,,3,,,,
20,,3 ~ 4명,,,,2,2,2,2,2,,,
20,,5 ~ 12명,,,1,1,1,1,1,1,1,,
20,,,,,,,,,,,,,
21,구분,제출서류,"제출
구분",상세,제출방법,,,,,,,,
21,지원자,"학교생활기록부
(대입전형용)",필수,"· 나이스(NEIS)를 통한 제공 가능자
  - 대상자 여부는 소속고교 관할 시·도교육청으로 문의","원서접수 시 
온라인 제공 동의 필수
(업로드 제출 불필요)",,,,,,,,
21,,,,"· 나이스(NEIS)를 통한 제공이 불가능한 자
  - 학교생활기록부(대입전형용) 사본 1부(PDF파일)","원서접수 시 
제출기한 내에 업로드",,,,,,,,
21,고등학교,"추천대상자명단
온라인 입력",필수,"· 제출 기간:  09.15.(월) 09:00 ～ 09.19.(금) 18:00
· 제출 방법: 상기 기간 중 입학처 홈페이지 안내
· 원서접수 대행사를 통해 지원자에 대한 추천여부 체크",,,,,,,,,
22,구분,,일시,비고,,,,,,,,,
22,원서접수,,09.08.(월) 10:00 ～ 09.10.(수) 17:00,"· 입학처 홈페이지(oku.korea.ac.kr)
· 인터넷으로만 접수하므로 사진 파일을 미리 준비해야 함
· 지원 시 지원자 본인의 출신 고등학교와 반드시 사전협의 
후 원서접수 요망",,,,,,,,,
22,고등학교,"추천대상자
명단 온라인 
입력",09.15.(월) 09:00 ～ 09.19.(금) 18:00,"· 입학처 홈페이지에 제출방법 안내
· 원서접수 대행사를 통해 지원자에 대한 추천여부 체크
· 입력기간 이후에는 입력(수정), 대상자 추가 추천 일절 
불가함",,,,,,,,,
22,"서류제출
(해당자에 
한함)",온라인,09.08.(월) 10:00 ~ 09.10.(수) 19:00,"· 입학처 홈페이지
· PDF파일로 업로드",,,,,,,,,
22,,등기우편,"09.11.(목)
우체국 접수(등기우편)까지 유효","· 우편접수는 등기우편만 가능함(방문접수 불가) 
· (02841) 서울특별시 성북구 안암로 145 고려대학교 
라이시움 입학처 “학교추천전형” 담당자",,,,,,,,,
22,"제출서류도착 확인
(해당자에 한함)",,09.29.(월) 10:00,·  입학처 홈페이지,,,,,,,,,
22,최종합격자발표,,12.12.(금) 17:00,"· 입학처 홈페이지
· 개별 통지하지 않음
· 입학허가통지서 등 기타 유인물은 입학처 홈페이지에서 
합격자 조회 시 출력 가능함",,,,,,,,,
22,합격자 등록,,12.15.(월) 10:00 ～ 12.17.(수) 14:00까지,· 12쪽 ‘합격자 등록’ 참조,,,,,,,,,
22,미등록 충원,,12.17.(수) 21:00 ～ 12.23.(화) 10:00까지,· 12쪽 ‘미등록 충원 및 추가합격자 등록’ 참조,,,,,,,,,
23,"대학
(학부)",계열,모집단위,모집인원,"대학
(학부)",계열,모집단위,모집인원,,,,,
23,경영대학,인문,경영대학,74,공과대학,자연,공과대학★,33,,,,,
23,문과대학,인문,국어국문학과*,11,,,화공생명공학과,15,,,,,
23,,,철학과*,5,,,신소재공학부,19,,,,,
23,,,한국사학과,5,,,건축사회환경공학부,16,,,,,
23,,,사학과,8,,,건축학과,8,,,,,
23,,,사회학과*,15,,,기계공학부,22,,,,,
23,,,한문학과*,5,,,산업경영공학부,7,,,,,
23,,,영어영문학과*,20,,,전기전자공학부,42,,,,,
23,,,독어독문학과*,6,,,반도체공학과,14,,,,,
23,,,불어불문학과*,7,,,융합에너지공학과,7,,,,,
23,,,중어중문학과*,10,,,차세대통신학과,10,,,,,
23,,,노어노문학과*,,7 의과대학,자연,의과대학,28,,,,,
23,,,일어일문학과*,8,사범대학,인문,교육학과,10,,,,,
23,,,서어서문학과,10,사범대학,인문,국어교육과,9,,,,,
23,,,언어학과,7,,,영어교육과,11,,,,,
23,"생명과학
대학",자연,생명과학부*,19,,,지리교육과,7,,,,,
23,,,생명공학부,22,,,역사교육과,6,,,,,
23,,,식품공학과,10,,자연,가정교육과,7,,,,,
23,,,환경생태공학부,13,,,수학교육과,7,,,,,
23,,인문,식품자원경제학과,10,간호대학,자연,간호대학*,12,,,,,
23,정경대학,인문,정치외교학과*,15,정보대학,자연,컴퓨터학과,26,,,,,
23,,,경제학과*,25,,,데이터과학과,8,,,,,
23,,,통계학과*,16,,,인공지능학과,21,,,,,
23,,,행정학과*,14,국제대학,인문,국제학부,10,,,,,
23,이과대학,자연,수학과*,,11 미디어대학,인문,미디어학부,14,,,,,
23,,,물리학과*,10,"보건과학
대학",자연,바이오의공학부,16,,,,,
23,,,화학과*,9,,,바이오시스템의과학부,13,,,,,
23,,,지구환경과학과*,6,,,보건환경융합과학부,22,,,,,
23,,,,,,인문,보건정책관리학부,15,,,,,
23,,,,,"자유전공
학부",,인문　 자유전공학부★,21,,,,,
23,,,,,"스마트
보안학부",자연,스마트보안학부,11,,,,,
23,,,,,심리학부,인문,심리학부*,8,,,,,
23,,,,,"스마트모빌
리티학부",자연,스마트모빌리티학부,10,,,,,
23,,,,,학부대학,자연,학부대학★,8,,,,,
24,모집단위 계열별,최저학력기준,,,,,,,,,,,
24,"인문⸱자연계
(의과대학 제외)","국어,  수학,  영어,  탐구 4개 영역  등급의 합이  8  이내
및  한국사  4등급  이내",,,,,,,,,,,
24,의과대학,"국어,  수학,  영어,  탐구 4개 영역  등급의 합이  5  이내 
및  한국사  4등급  이내",,,,,,,,,,,
24,구분,전형요소별 반영비율,동점자 처리 기준,,,,,,,,,,
24,일괄선발,서류  100%,"①  평가역량  비중이  높은  항목  우수자
②  교과등급과 이수단위를  활용한 학생부(교과)  성적 
우수자  순으로  선발(교과까지  동일할  경우  모두  선발)",,,,,,,,,,
24,지원자 구분,제출서류,제출구분,상세,제출방법,,,,,,,,
24,"국내고등학교
단독이수
졸업(예정)자","학교생활기록부
(대입전형용)",필수,"· 나이스(NEIS)를 통한 제공 가능자
  - 대상자 여부는 소속고교 관할 
시·도교육청으로 문의","원서접수 시 
온라인 제공 동의 필수
(업로드 제출 불필요)",,,,,,,,
24,,,,"· 나이스(NEIS)를 통한 제공이 불가능한 자
  - 학교생활기록부(대입전형용) 사본 1부
(PDF파일)","원서접수 시 
제출기한 내에 업로드",,,,,,,,
24,"국외고등학교
단독이수
졸업(예정)자","국외고등학교
성적증명서
졸업(예정)증명서",필수,"· 재학한 학교에서 공식적으로 발행한 증명서만
인정함
· 국외고등학교의 성적 체계 자료를 성적증명서와
함께  제출해야  함(성적증명서에  기재된 
경우에는 별도 제출할 필요 없음)","원서접수 시 
제출기한 내에 업로드",,,,,,,,
24,,School Profile,선택,"· 지원자가 다닌 고등학교에서 발행하는 것으로
학교의 규모, 특성, 진학률 등을 판단할 수 있는
자료","원서접수 시 
제출기한 내에 업로드",,,,,,,,
24,,출입국사실증명서,필수,"· 출입국·외국인사무소 발급
※ 기록조회  기간의  시작일은  국외고등학교 
입학일을 포함해야 함","원서접수 시 
제출기한 내에 업로드",,,,,,,,
25,지원자 구분,제출서류,제출구분,상세,제출방법,,,,,,,,
25,"국내외고등학교
혼합이수
졸업(예정)자","학교생활기록부
(대입전형용)",필수,"· 나이스(NEIS)를 통한 제공 가능자
  - 대상자 여부는 소속고교 관할 시· 도교육청
으로 문의","원서접수 시 
온라인 제공 동의 필수
(업로드 제출 불필요)",,,,,,,,
25,,,,"· 나이스(NEIS)를 통한 제공이 불가능한 자
  - 학교생활기록부(대입전형용) 사본 1부
(PDF파일)","원서접수 시 
제출기한 내에 업로드",,,,,,,,
25,,"국외고등학교
성적증명서",필수,"· 재학한 학교에서 공식적으로 발행한 증명서만
인정함
· 국외고등학교의  성적체계자료를 성적증명서와
함께  제출해야  함(성적증명서에  기재된경우
에는 별도 제출할 필요 없음)","원서접수 시 
제출기한 내에 업로드",,,,,,,,
25,,School Profile,선택,"· 지원자가 다닌 고등학교에서 발행하는 것으로
학교의 규모, 특성, 진학률 등을 판단할 수 있는
자료","원서접수 시 
제출기한 내에 업로드",,,,,,,,
25,,출입국사실증명서,필수,"· 출입국·외국인사무소 발급
※  기록조회기간의  시작일은  국외고등학교 
입학일을 포함해야 함","원서접수 시 
제출기한 내에 업로드",,,,,,,,
25,검정고시,"합격증명서 및
성적증명서",필수,"· 온라인 제공 가능자
  - www.neis.go.kr 에서 신청 한 자","원서접수 시 
온라인 제공 동의 필수
(업로드 제출 불필요)",,,,,,,,
25,,,,"· 온라인 제공 불가능자
  - 검정고시 합격증명서 및 성적증명서 각1부
(PDF파일)","원서접수 시 
제출기한 내에 업로드",,,,,,,,
25,,"검정고시활동증빙
서류",선택,"※ 
‘학교생활기록부  기재항목’에  해당하는 
내용에  한해  검정고시  합격일로부터  과거 
3년 이내의 활동증빙서류를 제출할 수 있음","원서접수 시 
제출기한 내에 업로드",,,,,,,,
26,구분,,일시,,비고,,,,,,,,
26,원서접수,,09.08.(월) 10:00 ～ 09.10.(수) 17:00,,"· 입학처 홈페이지(oku.korea.ac.kr)
· 인터넷으로만 접수하므로 사진파일을 미리 준비해야 함",,,,,,,,
26,"서류제출
(해당자에 
한함)",온라인,09.08.(월) 10:00 ～ 09.10.(수) 19:00,,"· 입학처 홈페이지
· PDF파일로 업로드",,,,,,,,
26,,등기우편,국내,"09.11.(목)
우체국 접수(등기우편)까지 유효","· 우편접수는 등기우편만 가능함(방문접수 불가) 
· (02841) 서울특별시 성북구 안암로 145 고려대학교 라이시움 
입학처 “학업우수전형” 담당자",,,,,,,,
26,,,국외,"09.12.(금)
입학처 도착 분까지 유효",,,,,,,,,
26,"제출서류도착 확인
(해당자에 한함)",,09.29.(월) 10:00,,· 입학처 홈페이지,,,,,,,,
26,최종합격자발표,,12.12.(금) 17:00,,"· 입학처 홈페이지
· 개별 통지하지 않음
· 입학허가통지서 등 기타 유인물은 입학처 홈페이지에서 
합격자 조회 시 출력 가능함",,,,,,,,
26,합격자 등록,,12.15.(월) 10:00 ～ 12.17.(수) 14:00까지,,· 12쪽 ‘합격자 등록’ 참조,,,,,,,,
26,미등록 충원,,12.17.(수) 21:00 ～ 12.23.(화) 10:00까지,,· 12쪽 ‘미등록 충원 및 추가합격자 등록’ 참조,,,,,,,,
27,"대학
(학부)",계열,모집단위,모집인원,"대학
(학부)",계열,모집단위,모집인원,,,,,
27,경영대학,인문,경영대학,46,공과대학,자연,화공생명공학과,5,,,,,
27,문과대학,인문,국어국문학과*,7,,,신소재공학부,17,,,,,
27,,,철학과*,3,,,건축사회환경공학부,11,,,,,
27,,,한국사학과,3,,,건축학과,5,,,,,
27,,,사학과,5,,,기계공학부,16,,,,,
27,,,사회학과*,9,,,산업경영공학부,6,,,,,
27,,,한문학과*,3,,,전기전자공학부,28,,,,,
27,,,영어영문학과*,12,,,반도체공학과,14,,,,,
27,,,독어독문학과*,4,,,융합에너지공학과,4,,,,,
27,,,불어불문학과*,5,,,차세대통신학과,10,,,,,
27,,,중어중문학과*,6,의과대학,자연,의과대학,15,,,,,
27,,,노어노문학과*,4,사범대학,인문,교육학과,6,,,,,
27,,,일어일문학과*,5,사범대학,인문,국어교육과,6,,,,,
27,,,서어서문학과,6,,,영어교육과,7,,,,,
27,,,언어학과,3,,,지리교육과,4,,,,,
27,"생명과학
대학",자연,생명과학부*,11,,,역사교육과,4,,,,,
27,,,생명공학부,13,,자연,가정교육과,4,,,,,
27,,,식품공학과,5,,,수학교육과,4,,,,,
27,,,환경생태공학부,8,간호대학,자연,간호대학*,7,,,,,
27,,인문,식품자원경제학과,6,정보대학,자연,컴퓨터학과,14,,,,,
27,정경대학,인문,정치외교학과*,9,,,데이터과학과,6,,,,,
27,,,경제학과*,15,,,인공지능학과,13,,,,,
27,,,통계학과*,11,국제대학,인문,국제학부,10,,,,,
27,,,행정학과*,9,,,글로벌한국융합학부,5,,,,,
27,이과대학,자연,수학과*,6,"미디어
대학",인문,미디어학부,8,,,,,
27,,,물리학과*,6,,,,,,,,,
27,,,,,"보건과학
대학",자연,바이오의공학부,10,,,,,
27,,,화학과*,5,,,바이오시스템의과학부,8,,,,,
27,,,,,,,보건환경융합과학부,13,,,,,
27,,,지구환경과학과*,5,,,,,,,,,
27,,,,,,인문,보건정책관리학부,9,,,,,
27,,,,,"스마트
보안학부",자연,스마트보안학부,6,,,,,
27,,,,,심리학부,인문,심리학부*,5,,,,,
27,,,,,"스마트모빌
리티학부",자연,스마트모빌리티학부,20,,,,,
28,구분,전형요소별 반영비율,동점자 처리 기준,,,,,,,,,,
28,1단계,서류  100%,"모집단위별  모집인원의  5배수
선발하며  동점자는  모두 선발",,,,,,,,,,
28,2단계,1단계  성적 60% ＋  면접  40%,"1단계  성적 우수자  순으로  선발
(1단계  성적이  동일한  경우  모두  선발)",,,,,,,,,,
28,계열,,일자,모집단위,장소,,,,,,,,
28,인문계,인문,"11.01.(토)
08:00까지
입실완료","국어국문학과, 철학과, 한국사학과, 사학과, 한문학과, 영어영문학과, 
독어독문학과, 불어불문학과, 중어중문학과, 노어노문학과, 일어일문학과, 
서어서문학과, 언어학과, 국어교육과, 영어교육과, 역사교육과",서울캠퍼스,,,,,,,,
28,,사회,"11.01.(토)
13:20까지
입실완료","경영대학, 사회학과, 식품자원경제학과, 정치외교학과, 경제학과, 
통계학과, 행정학과, 교육학과, 지리교육과, 국제학부, 
글로벌한국융합학부, 미디어학부, 보건정책관리학부, 심리학부",,,,,,,,,
28,자연계,,"11.02.(일)
08:00까지
입실완료","생명과학부, 생명공학부, 환경생태공학부, 식품공학과, 화학과, 지구환경과학과, 
수학과, 수학교육과, 가정교육과, 컴퓨터학과, 인공지능학과, 건축학과, 
화공생명공학과, 의과대학, 보건환경융합과학부, 바이오시스템의과학부, 간호대학",,,,,,,,,
28,,,"11.02.(일)
13:20까지
입실완료","물리학과, 데이터과학과, 신소재공학부, 기계공학부, 전기전자공학부, 
산업경영공학부, 반도체공학과, 융합에너지공학과, 건축사회환경공학부, 
차세대통신학과, 스마트모빌리티학부, 스마트보안학부, 바이오의공학부",,,,,,,,,
29,지원자 구분,제출서류,제출구분,상세,제출방법,,,,,,,,
29,"국내고등학교
단독이수
졸업(예정)자","학교생활기록부
(대입전형용)",필수,"· 나이스(NEIS)를 통한 제공 가능자
  - 대상자 여부는 소속고교 관할 시·도교육청
으로 문의","원서접수 시 
온라인 제공 동의 필수
(업로드 제출 불필요)",,,,,,,,
29,,,,"· 나이스(NEIS)를 통한 제공이 불가능한 자
  - 학교생활기록부(대입전형용) 사본 1부
(PDF파일)","원서접수 시 
  제출기한 내에 업로드",,,,,,,,
29,"국외고등학교
단독이수
졸업(예정)자","국외고등학교
성적증명서
졸업(예정)증명서",필수,"· 재학한 학교에서 공식적으로 발행한 증명서만
인정함
· 국외고등학교의 성적체계 자료를 성적증명서와
함께 제출해야 함(성적증명서에 기재된 경우
에는 별도 제출할 필요 없음)","원서접수 시 
  제출기한 내에 업로드",,,,,,,,
29,,School Profile,선택,"· 지원자가 다닌 고등학교에서 발행하는 것으로
학교의 규모, 특성, 진학률 등을 판단할 수 있는
자료","원서접수 시 
  제출기한 내에 업로드",,,,,,,,
29,,출입국사실증명서,필수,"· 출입국관리사무소 발급
※ 기록  조회기간의  시작일은  국외  고등학교 
입학일을 포함해야 함","원서접수 시 
  제출기한 내에 업로드",,,,,,,,
29,"국내외고등학교
혼합이수
졸업(예정)자","학교생활기록부
(대입전형용)",필수,"· 나이스(NEIS)를 통한 제공 가능자
  - 대상자 여부는 소속고교 관할 시·도교육청
으로 문의","원서접수 시 
온라인 제공 동의 필수
(업로드 제출 불필요)",,,,,,,,
29,,,,"· 나이스(NEIS)를 통한 제공이 불가능한 자
  - 학교생활기록부(대입전형용) 사본 1부
(PDF파일)","원서접수 시 
  제출기한 내에 업로드",,,,,,,,
29,,"국외고등학교
성적증명서",필수,"· 재학한 학교에서 공식적으로 발행한 증명서만
인정함
· 국외고등학교의 성적체계 자료를 성적증명서와
함께 제출해야 함(성적증명서에 기재된 경우
에는 별도 제출할 필요 없음)","원서접수 시 
  제출기한 내에 업로드",,,,,,,,
29,,School Profile,선택,"· 지원자가 다닌 고등학교에서 발행하는 것으로
학교의 규모, 특성, 진학률 등을 판단할 수 있는
자료","원서접수 시 
  제출기한 내에 업로드",,,,,,,,
29,,출입국사실증명서,필수,"· 출입국관리사무소 발급
※ 기록조회  기간의  시작일은  국외고등학교 
입학일을 포함해야 함","원서접수 시 
  제출기한 내에 업로드",,,,,,,,
29,검정고시,"합격증명서 및
성적증명서",필수,"· 온라인 제공 가능자
  - www.neis.go.kr 에서 신청 한 자","원서접수 시 
온라인 제공 동의 필수
(업로드 제출 불필요)",,,,,,,,
29,,,,"· 온라인 제공 불가능자
  - 검정고시 합격증명서 및 성적증명서 각1부
  (PDF파일)","원서접수 시 
  제출기한 내에 업로드",,,,,,,,
29,,"검정고시활동증빙
서류",선택,"※ ‘학교생활기록부 기재항목’에 해당하는 
내용에 한해 검정고시 합격일로부터 과거 
3년 이내의 활동증빙서류를 제출할 수 있음","원서접수 시 
  제출기한 내에 업로드",,,,,,,,
30,구분,,,일시,,비고,,,,,,,
30,원서접수,,,09.08.(월) 10:00 ～ 09.10.(수) 17:00,,"· 입학처 홈페이지(oku.korea.ac.kr)
· 인터넷으로만 접수하므로 사진파일을 미리 준비해야 함",,,,,,,
30,"서류제출
(해당자에 
한함)",온라인,,09.08.(월) 10:00 ～ 09.10.(수) 19:00,,"· 입학처 홈페이지
· PDF파일로 업로드",,,,,,,
30,,등기우편,,국내,"09.11.(목)
우체국 접수(등기우편)까지 유효 · 우편접수는 등기우편만 가능함(방문접수 불가)","· (02841) 서울특별시 성북구 안암로 145 고려대학교 라이시움 
입학처 “계열적합전형” 담당자",,,,,,,
30,,,,국외,"09.12.(금)
입학처 도착 분까지 유효",,,,,,,,
30,"제출서류도착 확인
(해당자에 한함)",,,09.29.(월) 10:00,,· 입학처 홈페이지,,,,,,,
30,1단계 합격자발표,,,10.24.(금) 17:00,,· 입학처 홈페이지,,,,,,,
30,면접고사,,인문계(인문),11.01.(토),,"· 고사 장소 및 시간은 10.28.(화) 입학처 홈페이지에 공지함
· 본 전형은 대면 면접으로 진행되며, 관련 세부사항은  62쪽 
‘면접평가  안내’  참조",,,,,,,
30,,,인문계(사회),,,,,,,,,,
30,,,자연계,11.02.(일),,,,,,,,,
30,최종합격자발표,,,11.25.(화) 17:00,,"· 입학처 홈페이지
· 개별 통지하지 않음
· 입학허가통지서 등 기타 유인물은 입학처 홈페이지에서 
합격자 조회 시 출력 가능함",,,,,,,
30,합격자 등록,,,12.15.(월) 10:00 ～ 12.17.(수) 14:00까지 · 12쪽 ‘합격자 등록’ 참조,,,,,,,,,
30,미등록 충원,,,12.17.(수) 21:00 ～ 12.24.(수) 22:00까지 · 12쪽 ‘미등록 충원 및 추가합격자 등록’ 참조,,,,,,,,,
31,지원자격,,,,,,,,,,,,
31,"국가보훈
대상자","국내·외  고등학교  졸업(예정)자  또는  관련  법령으로  이와  동등  이상의  학력이  있다고  인정된  자로서 
원서접수  마감일  기준으로  「국가보훈  기본법」  제3조  제2호에  따른  ‘국가보훈대상자’이고  국가보훈  관계 
법령에  따른  교육지원  대상에  해당하며,  보훈(지)청장이  발급하는  ‘대학입학특별전형대상자증명서’를  제출할 
수  있는  자",,,,,,,,,,,
31,농어촌학생,"국내  고등학교  졸업(예정)자  중  「고등교육법  시행령」  제29조제2항14호‘가’목에  해당하고,  출신  고등학교장의 
'농어촌학생 확인서'를  받은  자로서  다음  지원자격 중  하나에  해당하는  자
* 농어촌지역: 「지방자치법」 제3조에 따른 읍·면 지역 및 「도서·벽지 교육진흥법 시행규칙」 제2조에 따른 도서·벽지 지역
<  지원자격  유의사항  >
￭ 고등학교 졸업일까지 반드시 읍‧면 또는 도서‧벽지지역에 거주해야 함
   ※ 최종합격자 중 2026년 졸업예정자는 본 대학교 입학 후 이를 증빙할 수 있는 서류(주민등록표초본과 졸업  
       증명서 각 1부)를 본 대학교 입학처로 2026년 3월 6일(금)까지 제출해야 함 
       단, 중‧고등학교 전 교육과정 이수자는 부와 모의 주민등록표초본 각각을 추가 제출해야 함
￭ 특수목적고(과학고‧외국어고‧국제고‧예술고‧체육고‧산업수요 맞춤형 고등학교)와 영재학교 출신자는 
  지원자격이 없음(고교 입학 시 고교유형에 따름).
￭ 2개  이상의  학교에서  재학한  경우  해당  학교  모두가  반드시  읍‧면  또는  도서‧벽지지역에  소재해야  하되,        
   동일한 지역이 아니어도 무방함
￭ 고등학교(초등학교, 중학교) 재학 중 행정구역 개편 등으로 읍‧면이 동으로 변경 또는 도서‧벽지지역이 해지된
경우에는 고등학교(초등학교, 중학교) 재학기간 동안 해당 지역을 읍‧면 또는 도서‧벽지지역으로 인정함
￭ 지원자의 거주지, 부‧모의 거주지, 재학한 학교 소재지가 동일한 읍‧면 또는 도서‧벽지지역이 아니어도 무방함
￭ 주민등록이 거주불명, 직권말소 또는 신고 말소된 경우에는 지원 자격을 인정하지 않음 
￭ 초‧중‧고교 각 1학년 과정이 시작되는 당해 학년도의 입학일까지 읍‧면 또는 도서‧벽지지역 학교 전입 및 
주소 이전을 완료한 자만 지원자격을 인정함",,,,,,,,,,,
31,,,중‧고등학교  전  교육과정  이수자,,"농어촌  소재지  학교에서  학생  본인이  중학교  입학일부터  고등학교 
졸업일까지 중⸱고  전  교육과정을  이수하고  해당  전  재학기간  동안 
본인과 부모 모두가 농어촌 지역*에 거주",,,,,,,,
31,,,초‧중‧고등학교 전  교육과정 이수자,,"농어촌 소재지 학교에서 학생 본인이 초등학교 입학일부터 고등학교 
졸업일까지 초⸱중⸱고 전 교육과정을 이수하고 해당 전 재학기간 동안 
본인이 농어촌 지역*에 거주",,,,,,,,
31,,,,,,,,,,,,,
31,사회배려자,"국내·외  고등학교  졸업(예정)자  또는  관련  법령으로  이와  동등  이상의  학력이  있다고  인정된  자로서 
원서접수  마감일  기준으로  「고등교육법  시행령」  제29조제2항제14호‘라’목에  해당하는 자",,,,,,,,,,,
31,,,기초생활수급자,"「국민기초생활 보장법」 제2조 제1호(수급권자), 제2호(수급자)에 따른 대상자",,,,,,,,,
31,,,차상위계층,"국민기초생활  보장법」  제2조제10호에  따른  차상위계층  중  차상위복지급여(차상위 
건강보험  본인부담  경감,  차상위  장애수당,  차상위  장애인연금부가급여,  차상위 
자활근로자) 수급 가구의 학생 및 차상위계층 확인서 발급 가구의 학생",,,,,,,,,
31,,,한부모가족,「한부모가족 지원법」 제5조 또는 제5조의2에 따른 지원 대상 가구의 학생,,,,,,,,,
31,,,,,,,,,,,,,
31,"자립지원
대상자","국내·외  고등학교  졸업(예정)자  또는  관련  법령으로  이와  동등  이상의  학력이  있다고  인정된  자로서 
원서접수  마감일  기준으로  「아동복지법  시행령」 제38조제2항에 해당하는 자
￭ 가정위탁 보호 중인 사람
￭ 아동복지시설에서 보호 중인 사람
￭  「아동복지법」 제16조 및 제16조의 3에 따라 보호조치가 종료되거나 해당 시설에서 퇴소한 지 5년이 지나지 
아니한 사람
￭  「아동복지법」  제38조제2항제1호부터  제3호까지에서  규정한  사람  외에  18세에  달하기  전에  보호조치가 
종료되거나 해당 시설에서 퇴소한 사람으로서 보건복지부장관이 자립지원이 필요하다고 인정하는 사람",,,,,,,,,,,
32,"대학
(학부)",계열,모집단위,모집인원,"대학
(학부)",계열,모집단위,모집인원,,,,,
32,경영대학,인문,경영대학,15,공과대학,자연,화공생명공학과,4,,,,,
32,문과대학,인문,국어국문학과*,3,,,신소재공학부,7,,,,,
32,,,철학과*,2,,,건축사회환경공학부,4,,,,,
32,,,한국사학과,1,,,건축학과,2,,,,,
32,,,사학과,2,,,기계공학부,6,,,,,
32,,,사회학과*,4,,,산업경영공학부,2,,,,,
32,,,한문학과*,1,,,전기전자공학부,14,,,,,
32,,,영어영문학과*,5,,,융합에너지공학과,1,,,,,
32,,,독어독문학과*,2,의과대학,자연,의과대학,5,,,,,
32,,,불어불문학과*,2,사범대학,인문,교육학과,2,,,,,
32,,,중어중문학과*,2,사범대학,인문,국어교육과,2,,,,,
32,,,노어노문학과*,2,,,영어교육과,3,,,,,
32,,,일어일문학과*,2,,,지리교육과,2,,,,,
32,,,서어서문학과,2,,,역사교육과,1,,,,,
32,,,언어학과,1,,자연,가정교육과,2,,,,,
32,"생명과학
대학",자연,생명과학부*,5,,,수학교육과,2,,,,,
32,,,생명공학부,5,간호대학,자연,간호대학*,3,,,,,
32,,,식품공학과,2,정보대학,자연,컴퓨터학과,7,,,,,
32,,,환경생태공학부,3,,,데이터과학과,2,,,,,
32,,인문,식품자원경제학과,3,,,인공지능학과,5,,,,,
32,정경대학,인문,정치외교학과*,4,국제대학,인문,국제학부,2,,,,,
32,,,경제학과*,6,미디어대학,인문,미디어학부,4,,,,,
32,,,통계학과*,4,"보건과학
대학",자연,바이오의공학부,4,,,,,
32,,,행정학과*,4,,,바이오시스템의과학부,3,,,,,
32,이과대학,자연,수학과*,2,,,보건환경융합과학부,6,,,,,
32,,,물리학과*,2,,인문,보건정책관리학부,4,,,,,
32,,,,,"자유전공
학부",인문　 자유전공학부★,,5,,,,,
32,,,화학과*,2,,,,,,,,,
32,,,지구환경과학과*,2,"스마트
보안학부",자연,스마트보안학부,3,,,,,
32,,,,,심리학부,인문,심리학부*,2,,,,,
33,구분,전형요소별 반영비율,동점자 처리 기준,,,,,,,,,,
33,1단계,서류  100%,"모집단위별  모집인원의  3배수
선발하며  동점자는  모두  선발",,,,,,,,,,
33,2단계,1단계  성적 60% ＋  면접  40%,"1단계  성적  우수자  순으로 선발
(1단계  성적이  동일한  경우  모두  선발)",,,,,,,,,,
34,지원자 구분,제출서류,제출구분,상세,제출방법,,,,,,,,
34,"국내고등학교
단독이수
졸업(예정)자","학교생활기록부
(대입전형용)",필수,"· 나이스(NEIS)를 통한 제공 가능자
  -  대상자  여부는  소속고교  관할  시·도교육청
으로 문의","원서접수 시 
온라인 제공 동의 필수
(업로드 제출 불필요)",,,,,,,,
34,,,,"· 나이스(NEIS)를 통한 제공이 불가능한 자
  - 학교생활기록부(대입전형용) 사본 1부
(PDF파일)","원서접수 시 
제출기한 내에 업로드",,,,,,,,
34,"국외고등학교
단독이수
졸업(예정)자","국외고등학교
성적증명서
졸업(예정)증명서",필수,"· 재학한 학교에서 공식적으로 발행한 증명서만
인정함
·  국외고등학교의  성적체계자료를  성적증명서와
함께 제출해야  함(성적증명서에  기재된 경우
에는 별도 제출할 필요 없음)","원서접수 시 
제출기한 내에 업로드",,,,,,,,
34,,School Profile,선택,"· 지원자가 다닌 고등학교에서 발행하는 것으로
학교의  규모,  특성,  진학률  등을  판단할  수 
있는 자료","원서접수 시 
제출기한 내에 업로드",,,,,,,,
34,,출입국사실증명서,필수,"· 출입국관리사무소 발급
※ 기록조회기간의 시작일은 국외고등학교 
입학일을 포함해야 함","원서접수 시 
제출기한 내에 업로드",,,,,,,,
34,"국내외고등학교
혼합이수
졸업(예정)자","학교생활기록부
(대입전형용)",필수,"· 나이스(NEIS)를 통한 제공 가능자
  -  대상자  여부는  소속고교  관할  시·도교육청
으로 문의","원서접수 시 
온라인 제공 동의 필수
(업로드 제출 불필요)",,,,,,,,
34,,,,"· 나이스(NEIS)를 통한 제공이 불가능한 자
  - 학교생활기록부(대입전형용) 사본 1부
(PDF파일)","원서접수 시 
제출기한 내에 업로드",,,,,,,,
34,,"국외고등학교
성적증명서",필수,"· 재학한 학교에서 공식적으로 발행한 증명서만
인정함
·  국외고등학교의  성적체계자료를  성적증명서와
함께 제출해야  함(성적증명서에  기재된 경우
에는 별도 제출할 필요 없음)","원서접수 시 
제출기한 내에 업로드",,,,,,,,
34,,School Profile,선택,"· 지원자가 다닌 고등학교에서 발행하는 것으로
학교의  규모,  특성,  진학률  등을  판단할  수 
있는 자료","원서접수 시 
제출기한 내에 업로드",,,,,,,,
34,,출입국사실증명서,필수,"· 출입국관리사무소 발급
※ 기록조회기간의 시작일은 국외고등학교 입
학일을 포함해야 함","원서접수 시 
제출기한 내에 업로드",,,,,,,,
34,검정고시,"합격증명서 및
성적증명서",필수,"· 온라인 제공 가능자
  - www.neis.go.kr 에서 신청 한 자","원서접수 시 
온라인 제공 동의 필수
(업로드 제출 불필요)",,,,,,,,
34,,,,"· 온라인 제공 불가능자
  - 검정고시 합격증명서 및 성적증명서 각 1부
(PDF파일)","원서접수 시 
제출기한 내에 업로드",,,,,,,,
34,,"검정고시
활동증빙서류",선택,"※ ‘학교생활기록부 기재항목’에 해당하는 내
용에 한해 검정고시 합격일로부터 과거 3년 
이내의 활동증빙서류를 제출할 수 있음","원서접수 시 
제출기한 내에 업로드",,,,,,,,
35,"지원자격 
구분","제출
구분",제출서류,,,,제출방법,,,,,,
35,"국가보훈
대상자","해당자
필수",· 대학입학특별전형대상자증명서(국가보훈부 발행),,,,"제출기한 내 
등기우편",,,,,,
35,농어촌학생,"해당자
필수","중‧고등학교 
전  교육과정 
이수자","① 농어촌학생확인서 1부
-  본  대학교  양식에  소속학교장  직인  날인  필수
② 중학교 학교생활기록부 사본(원본대조필) 1부
③ 가족관계증명서(지원자 기준) 1부
④  주민등록초본(지원자,  부,  모 기준)  각 1부
-  중‧고등학교 전  재학기간 동안  과거의 주소변동사항과 
발생일/신고일이 반드시  포함되도록 발급받아야  함
⑤  해당자 추가서류
    1) 부모가  사망한  경우
         -  기본증명서(상세)  또는  제적등본  1부
             (사망한  부  또는  모  기준)
    2) 부모가  이혼한  경우
       -  기본증명서(상세)(지원자  기준)  1부
       -  혼인관계증명서(상세)
           (함께  거주  중인  부 또는  모  기준)  각  1부
       -  재혼한  경우, 계부  또는  계모의  주민등록표초본  1부",,,"제출기한 내 
등기우편",,,,,,
35,,,"초‧중‧고등학교
전  교육과정 
이수자","① 농어촌학생확인서 1부
-  본  대학교  양식에  소속학교장  직인  날인  필수
② 초등학교 학교생활기록부 사본(원본대조필) 1부
③ 중학교 학교생활기록부 사본(원본대조필) 1부
④  주민등록초본(지원자  기준)  각  1부
-  초‧중‧고등학교  전  재학기간  동안  과거의  주소변동사항과
발생일/신고일이 반드시  포함되도록 발급받아야  함",,,,,,,,,
35,사회배려자,"해당자
필수","기초생활
수급자",· 수급자증명서(지원자  기준)  1부,,,"제출기한 내 
등기우편",,,,,,
35,,,차상위계층,택1,자활근로자  확인서  1부,"시‧군‧구청 
또는  읍‧면‧동
주민센터 발급",,,,,,,
35,,,,,장애수당대상자  확인서 1부,,,,,,,,
35,,,,,장애인연금  대상자  확인서  1부,,,,,,,,
35,,,,,차상위계층(구  우선돌봄  차상위)  확인서  1부,,,,,,,,
35,,,,,차상위본인부담경감대상자  증명서  1부,"국민건강보험
공단  발급",,,,,,,
35,,,,추가,"※  지원자  본인  기준으로  발급받을  수  없는  경우  추가  제출
     ·  주민등록표등본  1부
     ·  가족관계증명서  1부",,,,,,,,
35,,,"한부모
가족","한부모가족증명서  1부
※  지원자 본인  기준으로  발급받을  수  없는  경우 추가  제출  서류
       ·  주민등록표등본  1부
       ·  가족관계증명서  1부",,,,,,,,,
36,"지원자격 
구분","제출
구분",제출서류,,,제출방법,,,,,,,
36,"자립지원
대상자","해당자 
필수","가정위탁
보호 중인  자",가정위탁보호  확인서  1부,"시‧군‧구청  또는  읍‧면‧동
주민센터  발급","제출기한 내 
등기우편",,,,,,,
36,,,"아동복지시설에서  보호 
중인 자","입소사실확인서 및 
아동복지시설 신고증(사본) 각 
1부","※ 각  시설이  이용  중인 
보건복지부  희망이음 
시스템에서  발급 가능
※ 발급처: 아동복지시설**",,,,,,,,
36,,,"보호조치  종료/해당 
시설에서 퇴소한지 5년이 
지나지 아니한  자","보호종료 확인서  또는 
퇴소사실증명서 1부","‘20. 9. 30 이전 보호종료 시
아동복지시설**, 
가정위탁지원센터  발급",,,,,,,,
36,,,,,"‘20. 10. 1 이후 보호종료 시
읍‧면‧동  주민센터  발급",,,,,,,,
36,,,"18세가  달하기  전에 
보호조치가  종료되거나 
해당  시설에서  퇴소한 
사람으로서  보건복지부 
장관이  자립지원이 
필요하다고  인정하는  자","※ 15세 이후 조기 보호 종료된 자로서 18세가 된 때로부터 
5년  이내인  자
① 보호종료  확인서  또는  퇴소사실 증명서  1부
② 조기  보호  종료사유  및  증빙서류  1부",,,,,,,,,
37,구분,,일시,,비고,,,,,,,,
37,원서접수,,09.08.(월) 10:00 ～ 09.10.(수) 17:00,,"· 입학처 홈페이지(oku.korea.ac.kr)
· 인터넷으로만 접수하므로 사진 파일을 미리 준비해야 함",,,,,,,,
37,서류제출,"온라인
(해당자에
한함)",09.08.(월) 10:00 ～ 09.10.(수) 19:00,,"· 입학처 홈페이지
· PDF파일로 업로드",,,,,,,,
37,,등기우편,국내,"09.11.(목)
우체국 접수(등기우편)까지 유효 · 우편접수는 등기우편만 가능함(방문접수 불가)","· (02841) 서울특별시 성북구 안암로 145 고려대학교 라이시움 
입학처 “고른기회전형” 담당자",,,,,,,,
37,,,국외,"09.12.(금)
입학처 도착 분까지 유효",,,,,,,,,
37,제출서류도착 확인,,09.29.(월) 10:00,,· 입학처 홈페이지,,,,,,,,
37,1단계 합격자발표,,10.17.(금) 17:00,,· 입학처 홈페이지,,,,,,,,
37,면접고사,,10.25.(토),,"· 고사 장소 및 시간은 10.21.(화)  입학처 홈페이지에 공지함
· 본 전형은 대면 면접으로 진행되며, 관련 세부사항은 55쪽
  ‘면접평가 안내’ 참조",,,,,,,,
37,최종합격자발표,,11.25.(화) 17:00,,"· 입학처 홈페이지
· 개별 통지하지 않음
· 입학허가통지서 등 기타 유인물은 입학처 홈페이지에서 합격자 
조회 시 출력 가능함",,,,,,,,
37,합격자 등록,,12.15.(월) 10:00 ～ 12.17.(수) 14:00까지 · 12쪽 ‘합격자 등록’ 참조,,,,,,,,,,
37,미등록 충원,,12.17.(수) 21:00 ～ 12.22.(월) 18:00까지 · 12쪽 ‘미등록 충원 및 추가합격자 등록’ 참조,,,,,,,,,,
38,"대학
(학부)",계열,모집단위,모집인원,,,,,,,,,
38,경영대학,인문,경영대학,4,,,,,,,,,
38,문과대학,인문,영어영문학과*,1,,,,,,,,,
38,생명과학대학,자연,생명공학부,1,,,,,,,,,
38,정경대학,인문,경제학과*,2,,,,,,,,,
38,공과대학,자연,신소재공학부,2,,,,,,,,,
38,,,기계공학부,2,,,,,,,,,
38,,,전기전자공학부,3,,,,,,,,,
38,의과대학,자연,의과대학,1,,,,,,,,,
38,정보대학,자연,컴퓨터학과,2,,,,,,,,,
38,보건과학대학,자연,보건환경융합과학부,2,,,,,,,,,
38,구분,전형요소별 반영비율,동점자 처리 기준,,,,,,,,,,
38,1단계,서류 100%,"모집단위별  모집인원의  3배수
선발하며  동점자는  모두  선발",,,,,,,,,,
38,2단계,1단계 성적  60%  ＋  면접  40%,"동점자  발생  시 1단계  성적  우수자  순으로 
선발(1단계  성적이  동일한  경우  모두  선발)",,,,,,,,,,
39,지원자 구분,제출서류,제출구분,상세,제출방법,,,,,,,,
39,"국내고등학교
단독이수
졸업(예정)자","학교생활기록부
(대입전형용)",필수,"· 나이스(NEIS)를 통한 제공 가능자
  -  대상자  여부는  소속고교  관할  시·도교육청
으로 문의","원서접수 시 
온라인 제공 동의 필수
(업로드 제출 불필요)",,,,,,,,
39,,,,"· 나이스(NEIS)를 통한 제공이 불가능한 자
  - 학교생활기록부(대입전형용) 사본 1부
(PDF파일)","원서접수 시 
제출기한 내에 업로드",,,,,,,,
39,"국외고등학교
단독이수
졸업(예정)자","국외고등학교
성적증명서
졸업(예정)증명서",필수,"· 재학한 학교에서 공식적으로 발행한 증명서만 
인정함
·  국외고등학교의  성적체계자료를  성적증명서와
함께  제출해야  함(성적증명서에 기재된  경우
에는 별도 제출할 필요 없음)","원서접수 시 
제출기한 내에 업로드",,,,,,,,
39,,School Profile,선택,"· 지원자가 다닌 고등학교에서 발행하는 것으로 
학교의 규모, 특성, 진학률 등을 판단할 수 있는
자료","원서접수 시 
제출기한 내에 업로드",,,,,,,,
39,,출입국사실증명서,필수,"· 출입국·외국인사무소 발급
※ 기록조회기간의  시작일은  국외고등학교 
입학일을 포함해야 함","원서접수 시 
제출기한 내에 업로드",,,,,,,,
39,"국내외고등학교
혼합이수
졸업(예정)자","학교생활기록부
(대입전형용)",필수,"· 나이스(NEIS)를 통한 제공 가능자
  -  대상자  여부는  소속고교  관할  시·도교육청
으로 문의","원서접수 시 
온라인 제공 동의 필수
(업로드 제출 불필요)",,,,,,,,
39,,,,"· 나이스(NEIS)를 통한 제공이 불가능한 자
  - 학교생활기록부(대입전형용) 사본 1부
(PDF파일)","원서접수 시 
제출기한 내에 업로드",,,,,,,,
39,,"국외고등학교
성적증명서",필수,"· 재학한 학교에서 공식적으로 발행한 증명서만 
인정함
·  국외고등학교의  성적체계자료를  성적증명서와
함께  제출해야  함(성적증명서에  기재된경우
에는 별도 제출할 필요 없음)","원서접수 시 
제출기한 내에 업로드",,,,,,,,
39,,School Profile,선택,"· 지원자가 다닌 고등학교에서 발행하는 것으로 
학교의 규모, 특성, 진학률 등을 판단할 수 있는
자료","원서접수 시 
제출기한 내에 업로드",,,,,,,,
39,,출입국사실증명서,필수,"· 출입국·외국인사무소 발급
※ 기록조회기간의  시작일은  국외고등학교 
입학일을 포함해야 함","원서접수 시 
제출기한 내에 업로드",,,,,,,,
39,검정고시,"합격증명서 및
성적증명서",필수,"· 온라인 제공 가능자
  - www.neis.go.kr 에서 신청 한 자","원서접수 시 
온라인 제공 동의 필수
(업로드 제출 불필요)",,,,,,,,
39,,,,"· 온라인 제공 불가능자
  - 검정고시 합격증명서 및 성적증명서 각1부
(PDF파일)","원서접수 시 
제출기한 내에 업로드",,,,,,,,
39,,"검정고시
활동증빙서류",선택,"※ ‘학교생활기록부 기재항목’에 해당하는 내용에
한해 검정고시 합격일로부터 과거 3년 이내의
활동증빙서류를 제출할 수 있음","원서접수 시 
제출기한 내에 업로드",,,,,,,,
40,지원자격 구분,제출구분,제출서류,제출방법,,,,,,,,,
40,다문화  학생,필수,"① 가족관계증명서(지원자 기준) 1부
② 혼인관계증명서(상세)(부 또는 모 기준) 1부
③ 기본증명서(상세)(부 기준) 1부
④ 기본증명서(상세)(모 기준) 1부
※ 기본증명서에 외국인 여부가 기재되지 않거나 발급되지 않는 경우  
외국인등록사실증명 제출","제출 기한 내
등기우편",,,,,,,,,
40,구분,,일시,,비고,,,,,,,,
40,원서접수,,09.08.(월) 10:00 ～ 09.10.(수) 17:00,,"· 입학처 홈페이지(oku.korea.ac.kr)
· 인터넷으로만 접수하므로 사진 파일을 미리 준비해야 함",,,,,,,,
40,서류제출,"온라인
(해당자에
한함)",09.08.(월) 10:00 ～ 09.10.(수) 19:00,,"· 입학처 홈페이지
· PDF파일로 업로드",,,,,,,,
40,,등기우편,국내,"09.11.(목)
우체국 접수(등기우편)까지 유효 · 우편접수는 등기우편만 가능함(방문접수 불가)","· (02841) 서울특별시 성북구 안암로 145 고려대학교 라이시움 
입학처 “다문화전형” 담당자",,,,,,,,
40,,,국외,"09.12.(금)
입학처 도착 분까지 유효",,,,,,,,,
40,제출서류도착 확인,,09.29.(월) 10:00,,· 입학처 홈페이지,,,,,,,,
40,1단계 합격자발표,,10.17.(금) 17:00,,· 입학처 홈페이지,,,,,,,,
40,면접고사,,10.25.(토),,"· 고사 장소 및 시간은 10.21.(화)  입학처 홈페이지에 공지함
· 본 전형은 대면 면접으로 진행되며, 관련 세부사항은 55쪽
  ‘면접평가 안내’ 참조",,,,,,,,
40,최종합격자발표,,11.25.(화) 17:00,,"· 입학처 홈페이지
· 개별 통지하지 않음
· 입학허가통지서 등 기타 유인물은 입학처 홈페이지에서 합격자 
조회 시 출력 가능함",,,,,,,,
40,합격자 등록,,12.15.(월) 10:00 ～ 12.17.(수) 14:00까지,,· 12쪽 ‘합격자 등록’ 참조,,,,,,,,
40,미등록 충원,,12.17.(수) 21:00 ～ 12.22.(월) 18:00까지,,· 12쪽 ‘미등록 충원 및 추가합격자 등록’ 참조,,,,,,,,
42,"대학
(학부)",계열,모집단위,,,,,,,,,,
42,생명과학대학,자연,생명과학부*,,,,,,,,,,
42,,,생명공학부,,,,,,,,,,
42,,,식품공학과,,,,,,,,,,
42,,,환경생태공학부,,,,,,,,,,
42,공과대학,자연,화공생명공학과,,,,,,,,,,
42,,,신소재공학부,,,,,,,,,,
42,,,건축사회환경공학부,,,,,,,,,,
42,,,건축학과,,,,,,,,,,
42,,,기계공학부,,,,,,,,,,
42,,,산업경영공학부,,,,,,,,,,
42,,,전기전자공학부,,,,,,,,,,
42,,,융합에너지공학과,,,,,,,,,,
42,정보대학,자연,컴퓨터학과,,,,,,,,,,
42,,,데이터과학과,,,,,,,,,,
42,,,인공지능학과,,,,,,,,,,
42,보건과학대학,자연,바이오의공학부,,,,,,,,,,
42,,,바이오시스템의과학부,,,,,,,,,,
42,,,보건환경융합과학부,,,,,,,,,,
42,스마트보안학부,자연,스마트보안학부,,,,,,,,,,
42,구분,전형요소별 반영비율,동점자 처리 기준,,,,,,,,,,
42,1단계,서류  100%,"모집단위별  모집인원의  3배수
선발하며  동점자는 모두  선발",,,,,,,,,,
42,2단계,1단계 성적  60%  ＋  면접  40%,"1단계 성적  우수자 순으로  선발
(1단계  성적이  동일한  경우  모두  선발)",,,,,,,,,,
43,제출서류,제출구분,상세,제출방법,,,,,,,,,
43,"학교생활기록부
(대입전형용)",필수,"· 나이스(NEIS)를 통한 제공 가능자
  - 대상자 여부는 소속고교 관할 시·도교육청으로 문의","원서접수 시 
온라인 제공 동의 필수
(업로드 제출 불필요)",,,,,,,,,
43,,,"· 나이스(NEIS)를 통한 제공이 불가능한 자
  - 학교생활기록부(대입전형용) 사본 1부(PDF파일)","원서접수 시 제출기한      
내에 업로드",,,,,,,,,
43,재직기간  증명 서류,,"· 현 직장 재직증명서 원본 1부 (재직기간 명기)
· 전 직장 경력증명서 원본 1부 
   (현 직장에서 3년 이하 재직자에 한하여 제출)","제출기한 내 
등기우편 제출",,,,,,,,,
43,"산업체 4대보험 가입 
증명 서류",,"아래  증명서  중  1개  이상  제출
(1) 4대  사회보험  가입자 가입내역  확인서
(2) 국민연금가입증명서
(3) 건강보험자격득실확인서(해당기간  전부)
(4) 고용보험피보험자격이력내역서(해당기간  전부)
※ 단, 4대보험 가입 대상 사업체가 아닌 
산업체 종사자(농업, 수산업 등)는 
      농지대장(구  농지원부),  영농사실확인서(읍,  면,  동장 
발행)등 국가·지방자치단체가 발행하는 
공적 증명서 1부를 제출",,,,,,,,,,
44,구분,,일시,비고,,,,,,,,,
44,원서접수,,09.08.(월) 10:00 ～ 09.10.(수) 17:00,"· 입학처 홈페이지(oku.korea.ac.kr)
· 인터넷으로만 접수하므로 사진 파일을 미리 준비해야 함",,,,,,,,,
44,서류제출,"온라인
(해당자에
한함)",09.08.(월) 10:00 ～ 09.10.(수) 19:00,"· 입학처 홈페이지
· PDF파일로 업로드",,,,,,,,,
44,,등기우편,"09.11.(목) 
우체국 접수(등기우편)까지 유효","· 우편접수는 등기우편만 가능함(방문접수 불가) 
· (02841) 서울특별시 성북구 안암로 145 고려대학교 라이시움 
입학처 “재직자전형” 담당자",,,,,,,,,
44,제출서류도착 확인,,09.29.(월) 10:00,·  입학처 홈페이지,,,,,,,,,
44,1단계 합격자발표,,10.17.(금) 17:00,· 입학처 홈페이지,,,,,,,,,
44,면접고사,,10.25.(토),"· 고사 장소 및 시간은 10.21.(화)  입학처 홈페이지에 공지함
· 본 전형은 대면 면접으로 진행되며, 관련 세부사항은  61쪽 
‘면접평가 안내’ 참조",,,,,,,,,
44,최종합격자발표,,11.25.(화) 17:00,"· 입학처 홈페이지
· 개별 통지하지 않음
· 입학허가통지서 등 기타 유인물은 입학처 홈페이지에서 
합격자 조회 시 출력 가능함",,,,,,,,,
44,합격자 등록,,12.15.(월) 10:00 ～ 12.17.(수) 14:00까지,· 12쪽 ‘합격자 등록’ 참조,,,,,,,,,
45,구분,전형요소별 반영비율,동점자 처리 기준,,,,,,,,,,
45,1단계,서류  100%,"모집인원의  5배수 
선발하며  동점자는  모두 선발",,,,,,,,,,
45,2단계,"1단계  성적  60%  ＋  면접 20%
+  기타  20%(군  면접평가,  체력검정  등)","1단계  성적  우수자  순으로  선발
(1단계  성적이  동일한  경우  모두  선발)",,,,,,,,,,
46,지원자 구분,제출서류,제출구분,상세,제출방법,,,,,,,,
46,"국내고등학교
단독이수
졸업(예정)자","학교생활기록부
(대입전형용)",필수,"· 나이스(NEIS)를 통한 제공 가능자
  -  대상자  여부는  소속고교  관할  시·도교육청
으로 문의","원서접수 시 
온라인 제공 동의 필수
(업로드 제출 불필요)",,,,,,,,
46,,,,"· 나이스(NEIS)를 통한 제공이 불가능한 자
  - 학교생활기록부(대입전형용) 사본 1부
(PDF파일)","원서접수 시 
제출기한 내에 업로드",,,,,,,,
46,"국외고등학교
단독이수
졸업(예정)자","국외고등학교
성적증명서
졸업(예정)증명서",필수,"· 재학한 학교에서 공식적으로 발행한 증명서만 
인정함
·  국외고등학교의  성적체계자료를  성적증명서와
함께  제출해야  함(성적증명서에 기재된  경우
에는 별도 제출할 필요 없음)","원서접수 시 
제출기한 내에 업로드",,,,,,,,
46,,School Profile,선택,"· 지원자가 다닌 고등학교에서 발행하는 것으로 
학교의 규모, 특성, 진학률 등을 판단할 수 있는
자료","원서접수 시 
제출기한 내에 업로드",,,,,,,,
46,,출입국사실증명서,필수,"· 출입국·외국인사무소 발급
※ 기록조회기간의  시작일은  국외고등학교 
입학일을 포함해야 함","원서접수 시 
제출기한 내에 업로드",,,,,,,,
46,"국내외고등학교
혼합이수
졸업(예정)자","학교생활기록부
(대입전형용)",필수,"· 나이스(NEIS)를 통한 제공 가능자
  -  대상자  여부는  소속고교  관할  시·도교육청
으로 문의","원서접수 시 
온라인 제공 동의 필수
(업로드 제출 불필요)",,,,,,,,
46,,,,"· 나이스(NEIS)를 통한 제공이 불가능한 자
  - 학교생활기록부(대입전형용) 사본 1부
(PDF파일)","원서접수 시 
제출기한 내에 업로드",,,,,,,,
46,,"국외고등학교
성적증명서",필수,"· 재학한 학교에서 공식적으로 발행한 증명서만 
인정함
·  국외고등학교의  성적체계자료를  성적증명서와
함께  제출해야  함(성적증명서에  기재된경우
에는 별도 제출할 필요 없음)","원서접수 시 
제출기한 내에 업로드",,,,,,,,
46,,School Profile,선택,"· 지원자가 다닌 고등학교에서 발행하는 것으로 
학교의 규모, 특성, 진학률 등을 판단할 수 있는
자료","원서접수 시 
제출기한 내에 업로드",,,,,,,,
46,,출입국사실증명서,필수,"· 출입국·외국인사무소 발급
※ 기록조회기간의  시작일은  국외고등학교 
입학일을 포함해야 함","원서접수 시 
제출기한 내에 업로드",,,,,,,,
46,검정고시,"합격증명서 및
성적증명서",필수,"· 온라인 제공 가능자
  - www.neis.go.kr 에서 신청 한 자","원서접수 시 
온라인 제공 동의 필수
(업로드 제출 불필요)",,,,,,,,
46,,,,"· 온라인 제공 불가능자
  - 검정고시 합격증명서 및 성적증명서 각1부
(PDF파일)","원서접수 시 
제출기한 내에 업로드",,,,,,,,
46,,"검정고시
활동증빙서류",선택,"※ ‘학교생활기록부 기재항목’에 해당하는 내용에
한해 검정고시 합격일로부터 과거 3년 이내의
활동증빙서류를 제출할 수 있음","원서접수 시 
제출기한 내에 업로드",,,,,,,,
47,제출서류,"제출
구분",제출방법,비고,,,,,,,,,
47,"· 사이버국방학과 지원서 1부
(※ 87쪽 ‘군 가산복무 지원금 지급 대상자 지원서’)
· 개인정보 수집·이용·제공 동의서 1부
· 서약서 1부
· 국민체력 100 인증서(또는 참가증) 1부, 평가지 1부",필수,"제출기한 내 
등기우편 제출","· 본 대학교 소정 양식으로 작성
· 사진은 반드시 원본 부착
· 서명란에 자필서명 필수
· 국민체력 100 인증서 : 2025.03.10.(월) 이후 발급
  (서류제출 마감일 6개월 이내)",,,,,,,,,
47,"개인신용 정보서 1부
※ 71쪽 ‘사이버국방학과 신원조회 등’을 참조하여
   반드시 별도 안내되는 기간 내에 온라인 제출","1단계 
합격자 
필수","제출기한 내 
온라인 업로드","· 한국신용정보원: www.kcredit.or.kr(무료)
· 나이스평가정보: www.niceinfo.co.kr(유료)
· 코리아크레딧뷰로: www.allcredit.co.kr(유료)",,,,,,,,,
47,기본증명서(상세) 1부,,,"· ‘정부24(www.gov.kr)’(무료) 사이트에서 신청하여 
발급
· 모든 증명서는 반드시 지원자 본인 기준으로 발급
(주민번호 뒷자리 표기가 되어야 함)",,,,,,,,,
47,"· 병적증명서(군 미필자인 남학생) 1부
· 병적기록표(군필자, 여군 포함) 1부",,,"· ‘정부24(www.gov.kr)’(무료) 사이트에서 신청하여 
발급
· 병적기록표: 병무청 홈페이지 발급",,,,,,,,,
48,구분,,일시,,비고,,,,,,,,
48,원서접수,,09.08.(월) 10:00 ～ 09.10.(수) 17:00,,"· 입학처 홈페이지(oku.korea.ac.kr)
· 인터넷으로만 접수하므로 사진파일을 미리 준비해야 함",,,,,,,,
48,서류제출,"온라인
(해당자에 
한함)",09.08.(월) 10:00 ～ 09.10.(수) 19:00,,"· 입학처 홈페이지
· PDF파일로 업로드",,,,,,,,
48,,등기우편,국내,"09.11.(목)
우체국 접수(등기우편)까지 유효 · 우편접수는 등기우편만 가능함(방문접수 불가)","· (02841) 서울특별시 성북구 안암로 145 고려대학교 라이시움 
입학처 “사이버국방전형” 담당자",,,,,,,,
48,,,국외,"09.12.(금)
입학처 도착 분까지 유효",,,,,,,,,
48,"제출서류도착 확인
(해당자에 한함)",,09.29.(월) 10:00,,입학처 홈페이지,,,,,,,,
48,1단계 합격자발표,,10.17.(금) 17:00,,입학처 홈페이지,,,,,,,,
48,면접고사,,10.25.(토),,"· 고사 장소는 10.21.(화) 입학처 홈페이지에 공지함
· 본 전형은 대면 면접으로 진행되며, 관련 세부사항은 62쪽 
‘면접평가 안내’ 참조",,,,,,,,
48,"사이버국방학과
군 관련 일정",,"<군 관련 일정>
- 신원조회(온라인): 10.17.(금)~24.(금)
- 인성검사(온라인): 10.17.(금)~24.(금)
- 체력검정(인증서): 국민체력100
- 신체검사 및 군면접평가: 10.29.(수)~30.(목)",,"· 고사 장소는 10.21.(화) 입학처 홈페이지에 공지함
· 군 관련 일정은 72쪽 ‘사이버국방학과–신원조회, 인성검사, 
체력검정, 신체검사, 군 면접평가 안내’ 참조
· 1단계 합격자는 군 관련 일정을 반드시 마쳐야 함",,,,,,,,
48,최종합격자발표,,12.12.(금) 17:00,,"· 입학처 홈페이지
· 개별 통지하지 않음
· 입학허가통지서 등 기타 유인물은 입학처 홈페이지에서 합격자 
조회 시 출력 가능함",,,,,,,,
48,합격자 등록,,12.15.(월) 10:00 ～ 12.17.(수) 14:00까지,,12쪽 ‘합격자 등록’ 참조,,,,,,,,
48,미등록 충원,,12.17.(수) 21:00 ～ 12.23.(화) 10:00까지,,12쪽 ‘미등록 충원 및 추가합격자 등록’ 참조,,,,,,,,
49,"대학
(학부)",계열,모집단위,모집인원,"대학
(학부)",계열,모집단위,모집인원,,,,,
49,경영대학,인문,경영대학,12,공과대학,자연,화공생명공학과,13,,,,,
49,문과대학,인문,국어국문학과*,4,,,신소재공학부,11,,,,,
49,,,철학과*,4,,,건축사회환경공학부,9,,,,,
49,,,한국사학과,2,,,건축학과,4,,,,,
49,,,사학과,5,,,기계공학부,13,,,,,
49,,,사회학과*,6,,,산업경영공학부,7,,,,,
49,,,한문학과*,2,,,전기전자공학부,10,,,,,
49,,,영어영문학과*,8,,,융합에너지공학과,3,,,,,
49,,,독어독문학과*,3,사범대학,인문,교육학과,4,,,,,
49,,,불어불문학과*,4,사범대학,인문,국어교육과,5,,,,,
49,,,중어중문학과*,6,,,영어교육과,6,,,,,
49,,,노어노문학과*,3,,,지리교육과,3,,,,,
49,,,일어일문학과*,3,,,역사교육과,3,,,,,
49,,,서어서문학과,5,,자연,가정교육과,2,,,,,
49,,,언어학과,4,,,수학교육과,4,,,,,
49,"생명과학
대학",자연,생명과학부*,10,간호대학,자연,간호대학*,5,,,,,
49,,,생명공학부,9,정보대학,자연,컴퓨터학과,9,,,,,
49,,,식품공학과,5,,,데이터과학과,3,,,,,
49,,,환경생태공학부,7,,,인공지능학과,9,,,,,
49,,인문,식품자원경제학과,5,국제대학,인문,국제학부,5,,,,,
49,정경대학,인문,정치외교학과*,6,"미디어
대학",인문,미디어학부,6,,,,,
49,,,경제학과*,11,"보건과학
대학",자연,바이오의공학부,7,,,,,
49,,,통계학과*,7,,,바이오시스템의과학부,6,,,,,
49,,,행정학과*,6,,,보건환경융합과학부,9,,,,,
49,이과대학,자연,수학과*,5,,인문,보건정책관리학부,6,,,,,
49,,,물리학과*,,5 자유전공학부,,인문　 자유전공학부★,15,,,,,
49,,,화학과*,5,"스마트
보안학부",자연,스마트보안학부,5,,,,,
49,,,지구환경과학과*,4,심리학부,인문,심리학부*,4,,,,,
49,,,,,학부대학,자연,학부대학★,8,,,,,
50,모집단위 계열별,최저학력기준,,,,,,,,,,,
50,인문⸱자연계,"국어,  수학, 영어,  탐구  4개  영역  등급의  합이  8  이내
및  한국사  4등급 이내",,,,,,,,,,,
50,구분,전형요소별 반영비율,동점자 처리 기준,,,,,,,,,,
50,일괄합산,논술  100%,"①  논술  배점이  높은  대문항  우수자
        (배점이  동일한  경우  문제번호가  빠른  대문항  우수자)
②  교과등급과  이수단위를  활용한  학생부(교과)  성적 
우수자  순으로  선발
※  학생부(교과)까지  동일할  경우  모두  선발
※  교과성적이  없을  시  모집단위의  평균값  적용",,,,,,,,,,
50,구분,"1호
2호
3호","4호
5호","6호
7호","8호
9호",,,,,,,,
50,,"접촉/협박/보복 
서면사과
학교봉사
금지","사회봉사
심리치료","출석정지
학급교체","전학
퇴학",,,,,,,,
50,감점,1,3,7,20,,,,,,,,
50,계열  공통,계열,교과(군),교육과정 과목명,비고,,,,,,,,
50,"국어,  수학,  영어, 
통합사회,  통합과학,
과학탐구실험, 
한국사",인문,국어,"독서,  문학,  화법과 작문,  언어와  매체","※  2026학년도 수능 
출제범위  내  타 
교과(군)의  내용이 
포함될 수  있음",,,,,,,,
50,,,"사회
(역사,  도덕 
포함)","한국지리,  세계지리,  세계사,  동아시아사, 경제, 
정치와  법,  사회문화, 생활과  윤리,  윤리와  사상",,,,,,,,,
50,,자연,수학,"수학Ⅰ, 수학Ⅱ,  미적분,  확률과  통계,  기하",,,,,,,,,
51,계열,일자,모집단위,장소,,,,,,,,,
51,자연계,"11.15.(토) 
08:30까지
입실완료","생명과학부,  생명공학부,  식품공학과,  환경생태공학부,  수학과,  물리학과, 
화학과, 지구환경과학과,  컴퓨터학과, 데이터과학과, 인공지능학과, 바이오
의공학부,  바이오시스템의과학부,  보건환경융합과학부,  스마트보안학부, 
학부대학",서울캠퍼스,,,,,,,,,
51,,"11.15.(토) 
12:30까지
입실완료","화공생명공학과, 신소재공학부, 건축사회환경공학부, 건축학과, 기계공학부, 
산업경영공학부, 전기전자공학부, 융합에너지공학과, 가정교육과, 수학교육과, 
간호대학",,,,,,,,,,
51,인문계,"11.16.(일)
08:30까지
입실완료","경영대학,  국어국문학과,  철학과,  한국사학과,  사학과,  사회학과,  한문학과, 
영어영문학과,  독어독문학과,  불어불문학과,  중어중문학과,  노어노문학과, 
일어일문학과, 서어서문학과, 언어학과, 식품자원경제학과, 국제학부",,,,,,,,,,
51,,"11.16.(일)
12:30까지
입실완료","정치외교학과,  경제학과,  통계학과,  행정학과,  교육학과,  국어교육과, 
영어교육과,  지리교육과,  역사교육과,  미디어학부,  보건정책관리학부, 
자유전공학부, 심리학부",,,,,,,,,,
51,지원자 구분,제출서류,제출구분,상세,제출방법,,,,,,,,
51,"국내고등학교
단독이수
졸업(예정)자","학교생활기록부
(대입전형용)",필수,"· 나이스(NEIS)를 통한 제공 가능자
  - 대상자 여부는 소속고교 관할 시·도교육청
으로 문의","원서접수 시 
온라인 제공 동의 필수
(업로드 제출 불필요)",,,,,,,,
51,,,,"· 나이스(NEIS)를 통한 제공이 불가능한 자
  - 학교생활기록부(대입전형용) 사본 1부
(PDF파일)","원서접수 시 
제출기한 내에 업로드",,,,,,,,
51,"국외고등학교
단독이수
졸업(예정)자","국외고등학교
성적증명서
졸업(예정)증명서",필수,"· 재학한 학교에서 공식적으로 발행한 증명서만
인정함
· 국외고등학교의 성적체계자료를 성적증명서와
함께  제출해야  함(성적증명서에  기재된경우
에는 별도 제출할 필요 없음)","원서접수 시 
제출기한 내에 업로드",,,,,,,,
51,,School Profile,선택,"· 지원자가 다닌 고등학교에서 발행하는 것으로
학교의 규모, 특성, 진학률 등을 판단할 수 있는
자료","원서접수 시 
제출기한 내에 업로드",,,,,,,,
51,,출입국사실증명서,필수,"· 출입국·외국인사무소 발급
※ 기록조회기간의  시작일은  국외고등학교 
입학일을 포함해야 함","원서접수 시 
제출기한 내에 업로드",,,,,,,,
52,지원자 구분,제출서류,제출구분,상세,제출방법,,,,,,,,
52,"국내외고등학교
혼합이수
졸업(예정)자","학교생활기록부
(대입전형용)",필수,"· 나이스(NEIS)를 통한 제공 가능자
  - 대상자 여부는 소속고교 관할 시·도교육청
으로 문의","원서접수 시 
온라인 제공 동의 필수
(업로드 제출 불필요)",,,,,,,,
52,,,,"· 나이스(NEIS)를 통한 제공이 불가능한 자
  - 학교생활기록부(대입전형용) 사본 1부
(PDF파일)","원서접수 시 
제출기한 내에 업로드",,,,,,,,
52,,"국외고등학교
성적증명서",필수,"· 재학한 학교에서 공식적으로 발행한 증명서만
인정함
· 국외고등학교의 성적체계자료를 성적증명서와
함께  제출해야  함(성적증명서에  기재된경우
에는 별도 제출할 필요 없음)","원서접수 시 
제출기한 내에 업로드",,,,,,,,
52,,School Profile,선택,"· 지원자가 다닌 고등학교에서 발행하는 것으로
학교의  규모,  특성,  진학률  등을  판단할  수 
있는 자료","원서접수 시 
제출기한 내에 업로드",,,,,,,,
52,,출입국사실증명서,필수,"· 출입국·외국인사무소 발급
※ 기록조회기간의 시작일은 국외고등학교 입
학일을 포함해야 함","원서접수 시 
제출기한 내에 업로드",,,,,,,,
52,검정고시,"합격증명서 및
성적증명서",필수,"· 온라인 제공 가능자
  - www.neis.go.kr 에서 신청 한 자","원서접수 시 
온라인 제공 동의 필수
(업로드 제출 불필요)",,,,,,,,
52,,,,"· 온라인 제공 불가능자
  - 검정고시 합격증명서 및 성적증명서 각1부
(PDF파일)","원서접수 시 
제출기한 내에 업로드",,,,,,,,
53,구분,,,일시,,비고,,,,,,,
53,원서접수,,,09.08.(월) 10:00 ～ 09.10.(수) 17:00,,"· 입학처 홈페이지(oku.korea.ac.kr)
· 인터넷으로만 접수하므로 사진파일을 미리 준비해야 함",,,,,,,
53,"서류제출
(해당자에 
한함)",온라인,,09.08.(월) 10:00 ～ 09.10.(수) 19:00,,"· 입학처 홈페이지
· PDF파일로 업로드",,,,,,,
53,,등기우편,,국내,"09.11.(목)
우체국 접수(등기우편)까지 유효","· 우편접수는 등기우편만 가능함(방문접수 불가) 
· (02841) 서울특별시 성북구 안암로 145 고려대학교 라이시움 
입학처 “논술전형” 담당자",,,,,,,
53,,,,국외,"09.12.(금)
입학처 도착 분까지 유효",,,,,,,,
53,"제출서류도착 확인
(해당자에 한함)",,,09.29.(월) 10:00,,입학처 홈페이지,,,,,,,
53,논술 고사,,자연계,11.15(토),,· 고사 장소 및 시간은 11.11.(화) 입학처 홈페이지에 공지함,,,,,,,
53,,,인문계,11.16.(일),,,,,,,,,
53,최종합격자발표,,,12.12.(금) 17:00,,"· 입학처 홈페이지
· 개별 통지하지 않음
· 입학허가통지서 등 기타 유인물은 입학처 홈페이지에서 
합격자 조회 시 출력 가능함",,,,,,,
53,합격자 등록,,,12.15.(월) 10:00 ～ 12.17.(수) 14:00까지,,12쪽 ‘합격자 등록’ 참조,,,,,,,
53,미등록 충원,,,12.17.(수) 21:00 ～ 12.23.(화) 10:00까지,,12쪽 ‘미등록 충원 및 추가합격자 등록’ 참조,,,,,,,
54,계열,모집단위,"모집
인원",지원자격 및 모집인원(세부),,,,,,,,,
54,예능,"디자인
조형학부",15,· 해당 분야에서 학업성적이 우수하고 재능과 열정을 보인 자,,,,,,,,,
54,체능,체육교육과,40,"· 해당 종목별 지원자격을 충족한 자
· 종목 및 포지션별 선발 인원",,,,,,,,,
54,,,,,종목,인원,지원자격,,,,,,
54,,,,,축구,10,"전국 규모 대회에 참가하여 8강 이내에 입상한 팀의 선수 또는 고교리그에서 
1개 학년 동안의 출전경기 시간이 소속팀 해당연도 출전경기 시간의 50% 이
상인 선수",,,,,,
54,,,,,럭비,9,"전국 규모 대회에 참가하여 8강 이내에 입상한 팀의 선수 또는 고교리그에서 
1개 학년 동안의 출전경기 시간이 소속팀 해당연도 출전경기 시간의 50% 이
상인 선수",,,,,,
54,,,,,야구,9,"전국 규모 대회에 참가하여 16강 이내에 입상한 팀의 선수로서, 타자는 1개 
학년 동안의 출전경기 수가 소속팀 해당연도 출전경기수의 60% 이상인 선수, 
투수는  1개  학년  동안의  투구이닝이  20이닝  이상인  선수(경기실적증명서에 
기재된 최다 이닝 포지션을 동일한 포지션으로 인정함)",,,,,,
54,,,,,농구,4,"전국 규모 대회에 참가하여 16강 이내에 입상한 팀의 선수 또는 고교리그에
서 1개 학년 동안의 출전 경기시간이 소속팀 해당연도 출전 경기시간의 40% 
이상인 선수",,,,,,
54,,,,,"아이스
하키",8,"전국 규모 대회 및 고교리그에서 1개 학년 동안의 출전 경기 수가 소속팀 해
당연도 출전 경기 수의 40% 이상인 선수",,,,,,
54,,,,,,,,,,,,,
54,,,,,축구,"GK 1명, DF 3명(오른쪽DF 1명, 중앙DF 1명, 왼쪽DF 1명)
MF 3명(포지션 구분 없음), FW 3명(포지션 구분 없음)
계: 10명",,,,,,,
54,,,,,럭비,"PROP(1번) 1명, PROP(3번) 1명, LOCK 1명, F.L(6번) 1명, 
F.L(7번) 또는 NO.8 2명, S.H 1명, C.T.B 1명, F.B 1명 
계: 9명",,,,,,,
54,,,,,야구,"투수 4명, 포수 1명, 내야수 2명, 외야수 2명
계: 9명",,,,,,,
54,,,,,농구,"가드 2명, 포워드 1명, 센터 1명
계: 4명",,,,,,,
54,,,,,"아이스
하키","FW 5명, DF 2명, GK 1명
계: 8명",,,,,,,
54,,,,,,,,,,,,,
55,모집단위,구분,전형요소별 반영비율,동점자 선발 기준,,,,,,,,,
55,디자인조형학부,1단계,"서류  100%
※  학교폭력  조치사항  반영 :
서류평가에서  정성평가로  반영함","모집인원의  5배수  선발하며 
동점자는  모두 선발",,,,,,,,,
55,,2단계,1단계  성적  60%  ＋  면접  40%,"동점자  발생  시  1단계  성적  우수자  순으로 
선발(1단계  성적이  동일한  경우  모두  선발)",,,,,,,,,
55,체육교육과,1단계,"서류(경기실적)  70%  +  학생부(교과) 
25%  +  학생부(출결)  5%
※  학교폭력  가해학생  조치사항 
해당자는  부적격  처리함","- 포지션별  모집인원의  5배수  선발하며  동점자는 
모두  선발",,,,,,,,,
55,,2단계,1단계  성적  70% ＋ 면접 30%,"동점자  발생  시  면접평가  성적  우수자  순으로  선발
(면접평가  성적이 동일한  경우 모두  선발)",,,,,,,,,
55,성취도 (3단계 평가),A,B,C,,,,,,,,,
55,성취도 (5단계 평가),A,B,C,"D
E",,,,,,,,
55,조정  석차등급,1,2,3,"4
5",,,,,,,,
56,모집단위,내용,,,,,,,,,,,
56,디자인조형학부,"창의활동보고서를 포함한 지원자의 제출서류와 고교 재학 중의 활동 경험 관련 질문에 대한 답변을 토대로 
융합사고력과 전공적합성 등을 종합적으로 평가함",,,,,,,,,,,
56,체육교육과,"경기실적서류를 포함한 지원자의 제출서류와 활동 경험을 바탕으로 체육활동우수성, 전공적합성, 인성 등 
미래 체육을 이끌어갈 지도자로서의 기본 소양 등을 종합적으로 평가함",,,,,,,,,,,
56,모집단위,일자,장소,,,,,,,,,,
56,디자인조형학부,10.25.(토),서울캠퍼스,,,,,,,,,,
56,체육교육과,11.07.(금)~11.08.(토),,,,,,,,,,,
57,지원자 구분,제출서류,제출구분,상세,제출방법,,,,,,,,
57,"국내고등학교
단독이수
졸업(예정)자","학교생활기록부
(대입전형용)",필수,"· 나이스(NEIS)를 통한 제공 가능자
  - 대상자 여부는 소속고교 관할 시·도교육청
으로 문의","원서접수 시 
온라인 제공 동의 필수
(업로드 제출 불필요)",,,,,,,,
57,,,,"· 나이스(NEIS)를 통한 제공이 불가능한 자
  - 학교생활기록부(대입전형용) 사본 1부
(PDF파일)","원서접수 시 
제출기한 내에 업로드",,,,,,,,
57,"국외고등학교
단독이수
졸업(예정)자","국외고등학교
성적증명서
졸업(예정)증명서",필수,"· 재학한 학교에서 공식적으로 발행한 증명서만
인정함
·국외고등학교의성적체계자료를성적증명서와
함께제출해야함(성적증명서에  기재된  경우
에는 별도 제출할 필요 없음)","원서접수 시 
제출기한 내에 업로드",,,,,,,,
57,,School Profile,선택,"지원자가 다닌 고등학교에서 발행하는 것으로 
학교의 규모, 특성, 진학률 등을 판단할 수 있는
자료","원서접수 시 
제출기한 내에 업로드",,,,,,,,
57,,출입국사실증명서,필수,"· 출입국·외국인사무소 발급
※ 기록조회기간의시작일은 국외고등학교 
입학일을 포함해야 함","원서접수 시 
제출기한 내에 업로드",,,,,,,,
57,"국내외고등학교
혼합이수
졸업(예정)자","학교생활기록부
(대입전형용)",필수,"· 나이스(NEIS)를 통한 제공 가능자
  - 대상자 여부는 소속고교 관할 
시·도교육청으로 문의","원서접수 시 
온라인 제공 동의 필수
(업로드 제출 불필요)",,,,,,,,
57,,,,"· 나이스(NEIS)를 통한 제공이 불가능한 자
  - 학교생활기록부(대입전형용) 사본 1부
(PDF파일)","원서접수 시 
제출기한 내에 업로드",,,,,,,,
57,,"국외고등학교
성적증명서",필수,"· 재학한 학교에서 공식적으로 발행한 증명서만
인정함
· 국외고등학교의 성적체계자료를 성적증명서와
함께 제출해야 함(성적증명서에 기재된 경우
에는 별도 제출할 필요 없음)","원서접수 시 
제출기한 내에 업로드",,,,,,,,
57,,School Profile,선택,"지원자가 다닌 고등학교에서 발행하는 것으로 
학교의 규모, 특성, 진학률 등을 판단할 수 있는
자료","원서접수 시 
제출기한 내에 업로드",,,,,,,,
57,,출입국사실증명서,필수,"· 출입국·외국인사무소 발급
※ 기록 조회기간의 시작일은 국외고등학교 
입학일을포함해야함","원서접수 시 
제출기한 내에 업로드",,,,,,,,
58,지원자 구분,제출서류,제출구분,상세,제출방법,,,,,,,,
58,검정고시,"합격증명서 및
성적증명서",필수,"· 온라인 제공 가능자
  - www.neis.go.kr 에서 신청 한 자","원서접수 시 
온라인 제공 동의 필수
(업로드 제출 불필요)",,,,,,,,
58,,,,"· 온라인 제공 불가능자
  - 검정고시 합격증명서 및 성적증명서 
각 1부 (PDF파일)","원서접수 시 
제출기한 내에 업로드",,,,,,,,
58,,"검정고시활동증빙
서류",선택,"※  ‘학교생활기록부  기재항목’에  해당하는 
내용에  한해  검정고시  합격일로부터  과거 
3년 이내의 활동증빙서류를 제출할 수 있음","원서접수 시  
제출기한 내에 업로드",,,,,,,,
58,제출서류,"제출
구분",제출방법,비고,,,,,,,,,
58,"창의활동보고서
목록표",필수,"제출기한 내
온라인 업로드","·  창의활동보고서목록표와  창의활동보고서를 모두  온라인으로  입력하여  제출
·  창의활동보고서  입력  및  수정기간:  09.08.(월) 10:00 ～ 09.10.(수) 19:00
·  창의활동보고서는  최대 8개 이내의  활동 입력  가능
※ 창의활동보고서 제출 규칙은 82쪽 ‘창의활동보고서’  참조",,,,,,,,,
58,창의활동보고서,,,,,,,,,,,,
58,제출서류,,"제출
구분",제출방법,비고,,,,,,,,
58,경기실적서류목록표,,"해당자
필수","제출기한 내
등기우편 제출","·  경기실적서류목록을  온라인 입력  후  출력하여                     
  경기실적서류와  함께  등기우편으로  제출해야  함
·  경기실적서류목록표  입력  및  수정기간: 
   09.08.(월) 10:00 ～ 09.10.(수) 19:00",,,,,,,,
58,"경기
실적
서류",경기실적증명서,,"제출기한 내
등기우편 제출","대한체육회 인터넷경기실적발급시스템에서 발행
※ 축구 경기실적증명서는 대한축구협회에서만 발급",,,,,,,,
58,,경기출전 기록표,,,(경기 단체 발행) 각 1부,,,,,,,,
58,,"국가대표, 청소년 대표 확인서",,,,,,,,,,,
58,,"각종 참가대회 개인 수상경력 
상장사본",,,,,,,,,,,
58,"국외 개최 국제대회 참가 예정자
추가 제출서류
※ 86쪽 ‘국제대회 출전 확인서’ 참조",,해당자,"제출기한 내
등기우편 제출","국가대표(청소년대표)로서 국외개최 국제대회 참가로 인하여 
면접고사 당일 참석이 불가능한 지원자에 한함
· 국제대회 출전 확인서(본 대학교 양식) 1부
· 국제대회 참가 입증 서류(경기 단체 발행) 1부
· 제출기간:  10.17.(금)까지  입학처  도착분까지  유효",,,,,,,,
60,구분,,일시,,비고,,,,,,,,
60,원서접수,,09.08.(월) 10:00 ～ 09.10.(수) 17:00,,"· 입학처 홈페이지(oku.korea.ac.kr)
· 인터넷으로만 접수하므로 사진파일을 미리 준비해야 함",,,,,,,,
60,"서류제출
(해당자에 
한함)",온라인,09.08.(월) 10:00 ～ 09.10.(수) 19:00,,"· 입학처 홈페이지
· PDF파일로 업로드
※ 단, 디자인조형학부 창의활동보고서는 ‘62~63쪽’의 
‘온라인 서류제출 안내‘를 참고하여 제출",,,,,,,,
60,,등기우편,국내,"09.11.(목)
우체국 접수(등기우편)까지 유효","· 우편접수는 등기우편만 가능함(방문접수 불가) 
· (02841) 서울특별시 성북구 안암로 145 고려대학교 라이시
움 입학처 “특기자전형” 담당자
※ 체육교육과 추가 제출서류는 등기우편 제출 필수 (온라인 
제출 불가)",,,,,,,,
60,,,국외,"09.12.(금)
입학처 도착 분까지 유효",,,,,,,,,
60,"제출서류도착 확인
(해당자에 한함)",,09.29.(월) 10:00,,입학처 홈페이지,,,,,,,,
60,"1단계 
합격자발표","디자인조형학부,
체육교육과",10.17.(금) 17:00,,입학처 홈페이지,,,,,,,,
60,면접고사,디자인조형학부,10.25.(토),,"· 고사 장소 및 시간은 10.21.(화)  입학처 홈페이지에 공지함
· 본 전형은 대면 면접으로 진행되며, 관련 세부사항은 62쪽 
‘면접평가 안내’ 참조",,,,,,,,
60,,체육교육과,11.07.(금)~11.08.(토),,"· 고사 장소 및 시간은 11.04.(화)  입학처 홈페이지에 공지함
· 본 전형은 대면 면접으로 진행되며, 관련 세부사항은 62쪽 
‘면접평가 안내’ 참조",,,,,,,,
60,"최종합격자
발표","디자인조형학부,
체육교육과",12.12.(금) 17:00,,"· 입학처 홈페이지
· 개별 통지하지 않음
· 입학허가통지서 등 기타 유인물은 입학처 홈페이지에서 
합격자 조회 시 출력 가능함",,,,,,,,
60,합격자 등록,,"12.15.(월) 10:00 
～ 12.17.(수) 14:00까지",,12쪽 ‘합격자 등록’ 참조,,,,,,,,
60,미등록 충원,,"12.17.(수) 21:00 
～ 12.22.(월) 18:00까지",,"12쪽 ‘미등록 충원 및 추가합격자 등록’ 참조
※ 단, 특기자전형(체육교육과)는 5차 충원 없음",,,,,,,,
61,전형 구분,필수 제출,선택 제출,,,,,,,,,,
61,학교추천전형,· 학교생활기록부(대입전형용),-,,,,,,,,,,
61,학업우수전형,"· 학교생활기록부(대입전형용)
· 국외고  및  검정고시  해당자 관련  서류
(해당자  필수)","· 검정고시 합격자 활동증빙서류
  (고른기회전형-농어촌학생 제외)",,,,,,,,,,
61,계열적합전형,,,,,,,,,,,,
61,고른기회전형,,,,,,,,,,,,
61,다문화전형,,,,,,,,,,,,
61,사이버국방전형,,,,,,,,,,,,
61,논술전형,,,,,,,,,,,,
61,재직자전형,,-,,,,,,,,,,
61,특기자전형,"· 학교생활기록부(대입전형용)
· 국외고  및  검정고시  해당자 관련  서류
(해당자  필수)
· 디자인조형학부 창의활동보고서
· 체육교육과 경기실적 관련서류(해당자 필수)",· 검정고시  합격자 활동증빙서류,,,,,,,,,,
62,평가역량,정의,평가요소,세부내용,,,,,,,,,
62,학업역량,"대학  교육을  충실히 이수하는데
필요한 수학  능력",학업성취도,전반적인  교과의 성취수준,,,,,,,,,
62,,,학업의지,학업을  수행하고 학습해  나가려는  노력,,,,,,,,,
62,,,기타  요소,상기  외  ‘학업역량’에  부합하는  기타  요소,,,,,,,,,
62,"교과이수
충실도","지원  계열과  관련된 과목 
선택의 적절성  및  학업  수행의 
충실도",계열  관련  교과  이수 지원  계열 수학에  필요한  교과의  이수  정도,,,,,,,,,,
62,,,학업충실도,교과  수업 활동에  참여하는  태도,,,,,,,,,
62,,,기타  요소,상기  외  ‘교과이수충실도’에  부합하는  기타요소,,,,,,,,,
62,"자기계발
역량","관심분야에서 스스로  성장할  수 
있는  능력",계열  관련  역량,계열  관련 탐색  노력과 준비  정도,,,,,,,,,
62,,,탐구력,주어진  문제에  대해  깊고  폭넓게  탐구할  수  있는 능력,,,,,,,,,
62,,,기타  요소,상기  외  ‘자기계발역량’에  부합하는 기타  요소,,,,,,,,,
62,공동체역량,"공동체의  구성원으로서  필요한 
바람직한  사고와  행동",규칙준수,공동체  내의  규칙·규정을  준수하는  태도,,,,,,,,,
62,,,나눔과  배려,타인을  위하여  나누어  주고자 하는  태도와 행동,,,,,,,,,
62,,,리더십,"공동체의  목표  달성을  위해  구성원들의  상호작용을 
이끌어가는  능력",,,,,,,,,
62,,,기타  요소,"상기  외  학교폭력가해  여부  등  ‘공동체역량’에  부합하는 
기타  요소",,,,,,,,,
62,창의성,"자발적 동기에  의한 
성취를 기반으로  하는 
독창적이고  창의적인 
디자인 사고",독창성,"아이디어의  관점과  접근방법에  있어서의  창의적 
역량",,,,,,,,,
62,,,성실성,"전공에  대한  관심과  의지  및  이에  대한  자발적 
실천  능력",,,,,,,,,
62,,,표현력,"아이디어의  가시화를  위한  개념  전달  및  감각적 
표현  능력",,,,,,,,,
62,,,논리성,의도와  개념  전개의  타당성과 합리성,,,,,,,,,
62,평가역량,"학교
추천
전형","학업
우수
전형","계열
적합
전형","고른
기회
전형","다문화
전형","재직자
전형","사이버
국방
전형","특기자전형
(디자인조형학부)",,,,
62,학업역량,-,50%,40%,50%,50%,50%,50%,20%,,,,
62,교과이수충실도,70%,-,-,-,-,-,-,-,,,,
62,자기계발역량,-,30%,40%,30%,30%,30%,30%,40%,,,,
62,공동체역량,30%,20%,20%,20%,20%,20%,20%,20%,,,,
62,창의성,-,-,-,-,-,-,-,20%,,,,
63,전형 구분,,준비시간,면접시간,면접유형,진행방식,장소,,,,,,
63,학생부종합,계열적합전형※,21분,7분,제시문  기반  면접,대면  면접,서울캠퍼스,,,,,,
63,,고른기회전형,12분,6분,,,,,,,,,
63,,다문화전형,12분,6분,,,,,,,,,
63,,재직자전형,12분,6분,,,,,,,,,
63,,사이버국방전형,없음,6분,제출서류  기반  면접,,,,,,,,
63,"실기/실적
(특기자전형)",디자인조형학부,없음,6분,제출서류  기반  면접,,,,,,,,
63,,체육교육과,없음,2분,,,,,,,,,
63,전형  구분,,준비시간,면접시간,면접유형,진행방식,장소,,,,,,
63,학생부종합,"계열적합전형
(의과대학)",21분,7분,제시문  기반 면접,대면  면접,서울캠퍼스,,,,,,
63,,,없음,8분,인·적성  면접  I,,,,,,,,
63,,,없음,8분,인·적성  면접 II,,,,,,,,
63,진행방식,진행  절차,평가점수  부여  방법,,,,,,,,,,
63,대면  면접,"가.  수험생은  지정된  면접고사일에 사전  안내된 고사실로 
      입실(가번호 부여)
나.  2명  이상의  면접위원과  대면 면접  진행
다.  면접 완료  후  지원자는  퇴실  및  귀가","6점  척도를  이용하여  평가
※ 매우  우수(A+)  -  우수(A)  - 보통(B) 
   -  미흡(C)  -  매우  미흡(D)  -  부적격(F)",,,,,,,,,,
64,전형구분,,평가내용,"평가 
요소","반영
비율",정의,,,,,,,
64,"-  계열적합전형
-  고른기회전형
- 다문화전형
-  재직자전형",,"제시문  관련 질문에  대한 
답변을  토대로  분석력, 
적용력,  종합적 사고력 
등을  종합적으로  평가
(단,  필요시 학생부에 
기재된  내용을  확인할  수 
있음)",분석력,20%,"제시문의  주제와  내용을 이해하고  제시문  사이의 
연계성을  파악하는  능력",,,,,,,
64,,,,적용력,30%,"제시문에  나타난  정보를 주어진  문제에  구체적 
으로 적용할  수  있는  능력",,,,,,,
64,,,,"종합적
사고력",40%,"주어진  정보를  논리적으로  통합하여  문제를
해결하는  능력",,,,,,,
64,,,,면접태도,10%,"의사표현  방식과  면접에 임하는  전반적인  태도의 
적절성",,,,,,,
64,- 사이버국방전형,,"지원자의  고교재학 중의 
활동  경험  관련  질문에 
대한  답변을 토대로 
자기계발의지  및 
전공적합성  등을 
종합적으로  평가","자기계발
의지",40%,"자기 주도적으로  구체적인  목표와  계획을  세우고 
이를 끝까지  완수해  내려는  자세",,,,,,,
64,,,,"전공
적합성",40%,"지원 전공에  관심을  두고  관련 활동을  수행해  온 
정도 및  지원  전공의  특성을  이해하고  있는 정도",,,,,,,
64,,,,면접태도,20%,"의사표현  방식과  면접에 임하는  전반적인  태도의 
적절성",,,,,,,
64,특 기 자 전 형,디자인조형학부,"창의활동보고서를  포함한 
지원자의  제출서류와  고교 
재학  중의  활동  경험을 
바탕으로  융합사고력과   
전공적합성  등을  종합적
으로  평가","융합
사고력",40%,"인문,  수학,  과학,  공학  등 다양한  분야의  지식을 
디자인조형 분야와  융합할  수  있는  능력",,,,,,,
64,,,,"전공
적합성",40%,"지원 전공에  관심을  두고  관련 활동을  수행해  온
정도 및  지원  전공의  특성을  이해하고  있는 정도",,,,,,,
64,,,,면접태도,20%,"의사표현  방식과  면접에 임하는  전반적인  태도의 
적절성",,,,,,,
64,,체육교육과,"경기실적서류를  포함한 
지원자의  제출서류와  활동
경험을  바탕으로  체육활동
우수성,  전공적합성,  인성 
등  미래  체육을  이끌어갈 
지도자로서의  기본 소양 
등을  종합적으로  평가","체육
전문성",50%,"종목에  대한  이해 및  팀 포지션(팀  기여도)에 
대한 적합도",,,,,,,
64,,,,"발전
가능성",25%,향후 운동계획의  구체성과  성장가능성,,,,,,,
64,,,,"지도자
소양",25%,"인성 및  태도, 지도자의  잠재적  가능성",,,,,,,
65,전형구분,계열  공통,계열,교과(군),교육과정  과목명,비고,,,,,,,
65,"-  계열적합전형
-  고른기회전형
-  다문화전형
-  재직자전형","국어,  수학, 
영어,
통합사회, 
통합과학,
과학탐구실험, 
한국사",인문,국어,"독서,  문학,  화법과  작문,  언어와  매체","※  2026학년도 
수능  출제범위 
내  타  교과(군)의 
내용이  포함될 
수 있음",,,,,,,
65,,,,"사회
(역사,  도덕 
포함)","한국지리,  세계지리,  세계사,  동아시아사, 
경제, 정치와  법,  사회문화,  생활과  윤리, 
윤리와  사상",,,,,,,,
65,,,,수학,"수학Ⅰ,  수학Ⅱ,  확률과 통계",,,,,,,,
65,,,자연,수학,"수학Ⅰ, 수학Ⅱ,  미적분,  확률과  통계, 
기하",,,,,,,,
65,,,,과학,"물리Ⅰ,  물리Ⅱ,  화학Ⅰ,  화학Ⅱ, 
생명과학Ⅰ,  생명과학Ⅱ,  지구과학Ⅰ, 
지구과학Ⅱ",,,,,,,,
65,전형구분,모집단위,평가  요소,"반영
비율",정의,,,,,,,,
65,계열적합전형,의과대학,전공적합성,20%,"의학을  전공하는데 필요한  자질,  잠재역량  등",,,,,,,,
65,,,종합적  사고력,30%,"주어진  정보에  대한  분석력, 문제해결  능력",,,,,,,,
65,,,인성,40%,"의사로서의  윤리의식  및  가치관,  환자와의 
공감능력",,,,,,,,
65,,,면접태도,10%,의사소통  능력과  면접  태도의  적절성,,,,,,,,
66,전형 구분,전형료,"1단계 불합격자
전형료 반환금",비 고,,,,,,,,,
66,학교추천전형,"95,000원",-,일괄,,,,,,,,,
66,학업우수전형,"95,000원",-,일괄,,,,,,,,,
66,"계열적합전형,  다문화전형","105,000원","30,000원",단계별,,,,,,,,,
66,고른기회전형(농어촌학생),"60,000원","20,000원",단계별,,,,,,,,,
66,"고른기회전형(사회배려자,  국가보훈대상자, 자립지원대상아동)",면제,-,단계별,,,,,,,,,
66,재직자전형,"60,000원","20,000원",단계별,,,,,,,,,
66,사이버국방전형,"120,000원","30,000원",단계별,,,,,,,,,
66,논술전형,"65,000원",-,일괄,,,,,,,,,
66,특기자전형,"120,000원","30,000원",단계별,,,,,,,,,
66,해당자,해당자별 제출서류,,,,,,,,,,,
66,국민기초생활보장  수급자,국민기초생활수급자  증명서(지원자  기준) 1부,,,,,,,,,,,
66,차상위복지급여  수급자,"차상위계층  확인서(지원자  기준)  1부
·  단,  지원자  기준으로  발급받을  수  없는  경우  추가  제출서류
    -  주민등록표등본  1부
    -  가족관계증명서  1부",,,,,,,,,,,
66,교육지원  국가보훈대상자,대학입학특별전형대상자증명서(지원자  기준)  1부,,,,,,,,,,,
66,한부모가족,"한부모가족증명서(지원자기준)  1부
·  단,  지원자  기준으로  발급받을  수  없는  경우  추가  제출서류
    -  주민등록표등본  1부
    -  가족관계증명서  1부",,,,,,,,,,,
67,제출서류,"제출
구분",제출방법,비고,,,,,,,,,
67,국외고등학교조사표,필수,온라인,"· 본 대학교 소정 양식으로 국외 고등학교 정보를 기록하는 서류
· 일괄 출력하므로 지원자가 별도 제출할 필요 없음
· 입력 및 수정기간: 09.08.(월) 10:00  ～  09.10.(수) 19:00
    (최종제출이  이루어진  후에는 수정이  불가능함)",,,,,,,,,
67,"국외고등학교
성적증명서
졸업(예정)증명서",필수,온라인,"· 성적증명서에는 재학기간, 학기가 명시되어 있어야 함
· 조기졸업, 월반, 성적 및 재학 기록 폐기 등 특이한 사유가 있을 시에는 해당 
학교에서 반드시 사유서를 발급받아 제출해야 함
· 국외고등학교의 성적 체계 자료를 성적증명서와 함께 제출해야 함
(성적증명서에 기재된 경우에는 별도 제출할 필요 없음)
· 재학한 학교에서 공식적으로 발행한 증명서만 인정함",,,,,,,,,
67,"국외고등학교 
School Profile","해당자
선택",,"· 지원자가 다닌 고등학교에서 발행하는 것으로 학교의 규모, 특성, 진학률 등을 
판단할 수 있는 자료",,,,,,,,,
67,출입국사실증명서,필수,온라인,"· 출입국관리사무소 발급
※ 기록 조회 기간의 시작일은 국외고등학교 입학일을 포함해야 함",,,,,,,,,
67,학교생활기록부,"해당자
필수",온라인,"국내고등학교 
학교생활기록부(대입전형용) 사본 1부를 온라인 서류
일부과정 이수자
제출 기한 내에 업로드 필수",,,,,,,,,
68,모집단위,제출서류,"제출
제출방법
구분",,비고,,,,,,,,
68,"디자인
조형학부","창의활동보고서
목록표",필수,온라인,"· 창의활동보고서목록표 및 창의활동보고서 입력 및 수정기간 : 
09.08.(월)  10:00 ～  09.10.(수) 19:00
· 8개 활동 이내
※  69쪽 ‘창의활동보고서  온라인  서류제출  안내’  참조",,,,,,,,
68,,창의활동보고서,,,,,,,,,,,
68,체육교육과,"경기실적서류
목록표","해당자
필수",등기우편,"· 경기실적서류목록표는 반드시 제출
· 경기실적서류목록표 입력 및 수정기간: 
  09.08.(월)  10:00  ～ 09.10.(수) 19:00",,,,,,,,
68,,경기실적서류,,,"· 매수제한 없음
· 경기실적서류목록을  온라인  입력  후  출력하여  경기실적서류와 
함께  제출해야  함",,,,,,,,
68,,"국외 개최 
국제대회 참가 
예정자 추가 
제출서류",해당자,등기우편,"국가대표(청소년대표)로서 국외개최 국제대회 참가로 인하여 
면접고사 당일 참석이 불가능한 지원자에 한함
· 국제대회 출전 확인서(본 대학교 양식) 1부
· 국제대회 참가 입증 서류(경기 단체 발행) 1부
· 제출기간:  10.14.(화)  우체국  접수(등기우편)까지  유효
※ 86쪽 ‘국제대회 출전확인서’ 참조",,,,,,,,
70,전형,대상자,대상서류,,,,,,,,,,
70,특기자전형,디자인조형학부 지원자,창의활동보고서(창의활동보고서목록표 포함)만을  대상으로  함,,,,,,,,,,
72,구분,건강체력항목(평가 반영),운동체력항목(평가 미반영),,,,,,,,,,
72,항목,"·  근력(악력)
·  유연성(윗몸앞으로  굽히기)
·  근지구력(교차  윗몸일으키기)★
·  심폐지구력(택1:  왕복오래달리기, 스텝검사)","·  민첩성
·  순발력
※ 18세  이하(청소년기)의  경우  눈-손  협응력  추가",,,,,,,,,,
73,구분,합격기준,,,,,,,,,,,
73,질병·심신장애  신체등위,3급 이내,,,,,,,,,,,
73,신장·체중 신체등위(BMI),"2급 이내
(3급자는 심의위원회 심의 후 합·불 판정)",,,,,,,,,,,
73,구분,(군 면접평가)대면 면접,,,,,,,,,,,
73,,"1면접(배점 : 100점)
(개인  발표  /  집단토론)","2면접(합·불)
(개별  인성/자질)",,,,,,,,,,
73,평가요소,"· 군  기본자세            · 리더십/상황판단
· 국가관/안보관
· 이해력/판단력         · 표현력/논리성","· 인성,  자질평가
· 온라인 인성검사
   (MMPI-II)  결과  참조",,,,,,,,,,
74,전  형,,구  분,서류 양식 및 안내사항,위치(쪽),,,,,,,,
74,모든  전형,,해당자,학교생활기록부  수정확인요청서,74,,,,,,,,
74,,,해당자,개인정보  변경확인요청서,75,,,,,,,,
74,,,해당자,번역확인서,76,,,,,,,,
74,"학업우수전형,  계열적합전형",,해당자,검정고시  합격자  활동증빙서류목록표,77~79,,,,,,,,
74,,,해당자,국외고등학교 조사표,80,,,,,,,,
74,사이버국방전형,,해당자,검정고시  합격자  활동증빙서류목록표,77~79,,,,,,,,
74,,,해당자,국외고등학교 조사표,80,,,,,,,,
74,,,필수,사이버국방학과  지원자  각종  제출서류(군양식),87~89,,,,,,,,
74,"고른기회전형
(국가보훈대상자,  사회배려자, 
자립지원대상자),  다문화전형",,해당자,검정고시  합격자  활동증빙서류목록표,77~79,,,,,,,,
74,,,해당자,국외고등학교 조사표,80,,,,,,,,
74,고른기회전형(농어촌학생),,필수,농어촌학생  확인서,81,,,,,,,,
74,특기자전형,공   통,해당자,검정고시  합격자  활동증빙서류목록표,77~79,,,,,,,,
74,,,해당자,국외고등학교 조사표,80,,,,,,,,
74,,디자인조형학부,필수,"창의활동보고서목록표,  창의활동보고서",84,,,,,,,,
74,,체육교육과,필수,경기실적서류목록표,85,,,,,,,,
74,,,해당자,국제대회  출전  확인서,86,,,,,,,,
75,지원 전형,,모집단위,,,,,,,,,,
75,수험번호,,성명,(서명),,,,,,,,,
75,연락처(집),,연락처(휴대전화),,,,,,,,,,
75,고등학교,고등학교            년         월 졸업(예정),,,,,,,,,,,
75,학교생활기록부 항목,내용,,,,,,,,,,,
75,,,,,,,,,,,,,
76,지원 전형,,모집단위,,,,,,,,,,
76,수험번호,,성명,(서명),,,,,,,,,
76,연락처(집),,연락처(휴대전화),,,,,,,,,,
76,고등학교,고등학교            년         월 졸업(예정),,,,,,,,,,,
76,구분,원서접수 시 기재사항,학교생활기록부,대학수학능력시험 성적표,,,,,,,,,
76,성명,,,,,,,,,,,,
76,주민등록번호,,,,,,,,,,,,
76,불일치 사유,,,,,,,,,,,,
77,지원 전형,,모집단위,,,,,,,,,,
77,수험번호,,성명,(서명),,,,,,,,,
77,연번,서류명,원본의 언어※,발행기관,총 쪽수,,,,,,,,
77,1,,,,,,,,,,,,
77,2,,,,,,,,,,,,
77,3,,,,,,,,,,,,
77,4,,,,,,,,,,,,
77,5,,,,,,,,,,,,
79,"12.  교육부  ‘고등학교 2025학년도  학교생활기록부  기재요령’에  근거하여  다음의  사항은  작성  및  제출을 금지합니다. 
13.  다음의  사항을 기재할  경우 서류평가에서  “0점”(불합격)  처리됩니다.
    가.  공인어학성적
영어(TOEIC,  TOEFL,  TEPS),  중국어(HSK),  일본어(JPT,  JLPT),  프랑스어(DELF,  DALF),  독일어(ZD,  TESTDAF,  DSH,  DSD), 
러시아어(TORFL),  스페인어(DELE),  상공회의소한자시험,  한자능력검정,  실용한자,  한자급수자격검정, YBM  상무한검, 
한자급수인증시험, 한자자격검정  등
    나.  수학・과학・외국어  교과에  대한  교외  수상실적
* 위에서 열거된 항목 외에도, 대회 명칭에 수학·과학(물리, 화학, 생물, 지구과학, 천문)·외국어(영어 등) 교과명이 명시된 학교 외
각종 대회(경시대회, 올림피아드 등) 수상실적을 작성했을 경우 “0점”(또는 불합격) 처리
  ** ‘교외 수상실적’이란 학교 외 기관이 개최한 대회 수상실적을 의미하며, 학교장의 참가 허락을 받은 교외 수상실적이라도 작성 시  
“0점”(또는 불합격) 처리",,,,,,,,,,,,
79,,,"1) 각종  공인어학시험  참여  사실과  그  성적  및  수상실적
2)  교과ㆍ비교과  관련  교외대회  참여  사실과  그  성적  및  수상실적
       (학교장의  참가  허락을  받아  참여한  각종  교외대회에서의 수상실적도  기재  불가)
3)  교외  기관ㆍ단체(장)  등에게  수상한 교외상(표창장,  감사장,  공로상  등도  기재  불가)
4)  교내ㆍ외  인증시험  참여  사실이나  그  성적
5)  모의고사ㆍ전국연합학력평가  성적(원점수, 석차,  석차등급,  백분위  등  성적관련  내용  일체)  및  관련  교내 
       수상실적
6)  논문을  학회지  등에  투고  또는  등재하거나 학회  등에서 발표한  사실
7)  도서출간  사실
8)  지식재산권(특허,  실용신안,  상표  디자인) 출원  또는  등록사실
9)  어학연수,  봉사활동 등  해외  활동실적  및  관련  내용
10)  부모(친인척  포함)의  사회ㆍ경제적  지위(직종명,  직업명,  직장명,  직위명  등)  암시  내용
11)  장학생ㆍ장학금  관련  내용
12)  구체적인  특정  대학명, 기관명(기구,  단체,  조직  등 포함.  단,  교육관련기관이  경우 기관명  입력 가능), 
         상호명,  강사명  등
13)  교내대회  참여사실과  그  성적  및 수상실적
14)  자격증 명칭  및  취득사실
15)  K-MOOC,  MOOC,  KOCW
16)  자율탐구활동으로 작성한  연구보고서(소논문) 관련  사항 일체는  기재할 수 없으며, 탐구보고서  등으로 편법적 기재  금지
17)  영재·발명교육  실적,  자율동아리,  청소년단체활동,  개인봉사활동 실적,  독서활동",,,,,,,,,,
79,,,,,,,,,,,,,
79,,,"수학
과학
외국어","한국수학올림피아드(KMO), 한국수학인증시험(KMC),  전국창의수학경시대회,  도시대항  국제수학토너먼트(TofT), 
국제수학올림피아드(IMO) 
한국물리올림피아드(KPHO),  한국화학올림피아드(KCHO),  한국생물올림피아드(KBO), 한국천문올림피아드(KAO), 
한국지구과학올림피아드(KESO), 한국뇌과학올림피아드,  전국정보과학올림피아드,  국제물리올림피아드, 
국제지구과학올림피아드,  국제생물올림피아드,  국제천문올림피아드,  한국중등과학올림파이드
전국  초중고 외국어(영어,  중국어, 일본어,  프랑스어, 독일어,  러시아어, 스페인어)  경시대회,  국제영어대회(IET), 
국제영어글쓰기대회(IEWC),  글로벌  리더십  영어  경연대회,  전국영어말하기대회(SIFEC),  국제영어논술대회",,,,,,,,,
79,,,,,,,,,,,,,
79,,"※ 제출서류는 온라인으로 제출 기간내에 업로드(PDF파일) 해야 합니다.
  ￭ 기간:  2025.09.10.(수) 19:00까지 입학처 홈페이지 제출",,,,,,,,,,,
79,,,,,,,,,,,,,
80,지원 전형,"□  학업우수전형
□  계열적합전형
□  고른기회전형
     (국가보훈대상자, 사회배려자, 
      자립지원대상자)
□  다문화전형
□  사이버국방전형
□  특기자전형",모집단위,,,,,,,,,,
80,수험번호,,성명,,,,,,,,,,
80,연번,서류명,"실적
(등급/점수/내용)",발급일자,발급(발행)기관,쪽수,,,,,,,
80,1,,,,,,,,,,,,
80,2,,,,,,,,,,,,
80,3,,,,,,,,,,,,
80,4,,,,,,,,,,,,
80,5,,,,,,,,,,,,
80,6,,,,,,,,,,,,
80,7,,,,,,,,,,,,
80,8,,,,,,,,,,,,
81,지원 전형,,모집단위,,,,,,,,,,
81,수험번호,,성명,(서명),,,,,,,,,
81,연번,고교 정보,,,,,,,,,,,
81,1,고교명,,,,,,,,,,,
81,,재학기간,년        월 ～      년        월,초-중-고 학제,-         -,,,,,,,,
81,,소재 국가,,소재 도시,,,,,,,,,
81,,매 학년 시작일,월        일,매 학년 종료일,월        일,,,,,,,,
81,,전화번호,,팩스번호,,,,,,,,,
81,,e-mail 주소,,홈페이지 URL,,,,,,,,,
81,2,고교명,,,,,,,,,,,
81,,재학기간,년        월 ～      년        월,초-중-고 학제,-         -,,,,,,,,
81,,소재 국가,,소재 도시,,,,,,,,,
81,,매 학년 시작일,월        일,매 학년 종료일,월        일,,,,,,,,
81,,전화번호,,팩스번호,,,,,,,,,
81,,e-mail 주소,,홈페이지 URL,,,,,,,,,
81,3,고교명,,,,,,,,,,,
81,,재학기간,년        월 ～      년        월,초-중-고 학제,-         -,,,,,,,,
81,,소재 국가,,소재 도시,,,,,,,,,
81,,매 학년 시작일,월        일,매 학년 종료일,월        일,,,,,,,,
81,,전화번호,,팩스번호,,,,,,,,,
81,,e-mail 주소,,홈페이지 URL,,,,,,,,,
82,지원자 성명,"생년월일  여섯  자리만  표기
생년월일
예)  050101",,,,,,,,,,,
82,출신고교,도(시)               군               읍(면)                 고등학교,,,,,,,,,,,
82,지원 모집단위,수험번호,,,,,,,,,,,
82,"자격구분
(해당사항에 O표시)","지방자치법 제3조에 의한 읍·면(광역시·도, 도·농 통합시 관할구역 안에 두는 읍·면 포함) 또는
도서·벽지교육진흥법 시행규칙 제2조에 의한 도서·벽지 지역 소재 학교를 아래와 같이 이수한 자",,,,,,,,,,,
82,(     ),"￭ 중‧고등학교 전  교육과정 이수자: 
  농어촌지역* 소재 학교에서 중학교 입학일부터 고등학교 졸업일까지 중⸱고 전 교육과정을 이수하고 해당 
전 재학 기간 동안 본인과 부모 모두가 농어촌지역에 거주한 자",,,,,,,,,,,
82,(     ),"￭ 초‧중‧고등학교  전  교육과정  이수자: 
   농어촌지역* 소재 학교에서 초등학교 입학일부터 고등학교 졸업일까지 초⸱중⸱고 전 교육과정을 이수하고  
해당 전 재학 기간 동안 본인이 농어촌지역에 거주한 자",,,,,,,,,,,
82,"재학기간
(년, 월, 일～년, 월, 일)",학교명,학교 주소,"도서벽지여부
(○X)",,,,,,,,,
82,～,,도(시)              군              읍(면),,,,,,,,,,
82,～,,도(시)              군              읍(면),,,,,,,,,,
82,～,,도(시)              군              읍(면),,,,,,,,,,
82,～,,도(시)              군              읍(면),,,,,,,,,,
82,～,,도(시)              군              읍(면),,,,,,,,,,
82,～,,도(시)              군              읍(면),,,,,,,,,,
84,연번,"구분
(실적/작품/공인성적)",활동명,"내용
(수상내역/등급/점수)",발급일자,발급기관,,,,,,,
84,1,,,,,,,,,,,,
84,2,,,,,,,,,,,,
84,3,,,,,,,,,,,,
84,4,,,,,,,,,,,,
84,,,,,,,,,,,,,
84,,,,,,,,,,,,,
85,"활동에  대한  설명  (100자  이내)
활동에서  배운  점  및  의의  (100자  이내)",,,,,,,,,,,,
85,,활동  명,,활동  주제,,,,,,,,,
85,,활동  분야,,활동  시기,,,,,,,,,
85,,작품  구분,개인작품  /  공동작품,수상  내역,,,,,,,,,
85,,,,,,,,,,,,,
85,,"대표  이미지  (※  실적  및  성적  증빙서류,  작품  등)",,,,,,,,,,,
85,,,,,,,,,,,,,
86,연번,서류명,실적(내용),발급일자,발급기관,총쪽수,,,,,,,
86,1,,,,,,,,,,,,
86,2,,,,,,,,,,,,
86,3,,,,,,,,,,,,
86,,,,,,,,,,,,,
87,종목,대회명,대회장소,대회기간,,,,,,,,,
87,,,,2025년    월    일 ~     월    일,,,,,,,,,
88,신청인,"성명(한글)
성명(한자)","증명사진
(컬  러)
3.5㎝×4.5㎝",,,,,,,,,,
88,,주민등록번호,,,,,,,,,,,
88,,주소,,,,,,,,,,,
88,,"전화번호(핸드폰)
전화번호(보호자)
전화번호(집전화)",,,,,,,,,,,
88,학    력,경  력,,,,,,,,,,,
88,,,,,,,,,,,,,
88,,,,,,,,,,,,,
88,,,,,,,,,,,,,
88,지원  학교명,가족  사항,종교,,,,,,,,,,
88,전공학과(미기재),,,,,,,,,,,,
88,특기  (기술자격  종목)  (미기재),,,,,,,,,,,,
88,"동의인
(본인 
또는 
친권자
(미성년자))",성  명,"생년월일
관    계",,,,,,,,,,
88,,직  업,"주          소
                        (전화번호:                                  )",,,,,,,,,,
88,,"위의  사람이  군  가산복무  지원금  지급  대상자에  지원하는  것에  동의합니다.
                                                                                                                                            년                월                일
(서명  또는  인)
동  의  인",,,,,,,,,,,
90,대  학  명,,,"학  과
학년",,,,,,,,,
90,성  명,한  글,,생년월일,,,,,,,,,
90,,한  자,,연  락  처,"자    택:
핸드폰:",,,,,,,,
90,본    적,,,,,,,,,,,,
90,주    소,,,,,,,,,,,,
90,선발년도,,"2025년
졸업년도",,,,,,,,,,
91,구분,명칭,선발기준,,"수혜
인원",혜택,,,,,,,
91,수시,"안암
장학금","수시모집 최초합격자  중 
단과대학(학부)별  1명씩  선발",,18명,"
수업료  전액  지원(수업연한)

기숙사  우선  입사권(수업연한)

국제교환학생  또는  방문학생  프로그램  참여자 
지원금  200만원

수업연한  동안  재학  중 생활비  매달 30만원 
지급(방학제외)

본  대학교 일반대학원  진학  시  수업료  전액(4학기) 
(*의과대학  제외)

안암장학생  상패 지급  (1회)",,,,,,,
91,수시,"크림슨
장학금","수시모집 각  모집단위별 
최초합격자  중  1~4명  선발
* 의과대학은 10명 내외로 선발",,"100명
내외","
수업료  전액  지원(총  4학기)
* 의과대학은  의학과(본과) 8학기  지원

기숙사  우선  입사권(신입학  2학기★) 
★ 단, 임신·출산·육아, 질병, 군 입대, 재난 ·감염병 사유로 
 
  입학 후 첫 학기 휴학자에 한하여 복학 첫 2개 학기 적용

국제교환학생  또는  방문학생  프로그램  참여자 
지원금  200만원",,,,,,,
91,수시,"과학인재
장학금","수시모집 계열적합전형과 
특기자전형  과학분야(자연계)  전체 
모집  인원의  10%  이상  선발",,"25명
내외","
수업료  전액(수업연한)",,,,,,,
91,수시,"KUBS 
미래인재
장학금","수시모집 전형별  경영대학 
모집단위 장학금  지급 대상  선발
전형명
학교추천전형
학업우수전형
계열적합전형","수혜인원
상위  5명
상위  4명
상위  2명",11명,"
학기당  생활비  300만원 지급

타장학금과  중복수혜  가능

안암장학금,  크림슨 장학금과  중복  수혜  가능

학자금  지원구간에  따라  학기당  수업료  전액  및 
생활비  장학금  최대  300만원  추가  지원  (수업연한)
     -  평점평균 3.5이상,  취득학점  17학점  이상(4학년 
1학기  이후  12학점  이상) 유지시  지급",,,,,,,
91,,,,,,,,,,,,,
91,,,,,,,,,,,,,
91,,,,,,,,,,,,,
91,,,,,,,,,,,,,
91,,,,,,,,,,,,,
91,수시,"전기전자 
우수인재
장학금","수시모집 전형별  전기전자공학부 
모집단위 장학금  지급 대상  선발 
전형명
학교추천전형
학업우수전형
계열적합전형
* 최초 장학금 선발자 미등록시 
최종등록자에서 추가 선발함","수혜인원
상위  1명
상위  1명
상위  1명",3명,"
생활비  240만원  두  학기에  나누어  분할  지급 
(1학년  1,  2학기 각  120만원  지급)
     -  1학년  1학기  평점평균  3.5이상,  취득학점  17학점 
이상일  경우,  2학기  생활비  지급",,,,,,,
91,,,,,,,,,,,,,
91,,,,,,,,,,,,,
91,,,,,,,,,,,,,
91,,,,,,,,,,,,,
91,,,,,,,,,,,,,
92,구분,명칭,선발기준,"수혜
인원",혜택,,,,,,,,
92,수시,"일어일문
인재장학금","수시모집  학업우수전형 
일어일문학과  최초합격자  중  상위 
1명  선발",1명,"
수업료의  50%  (입학  당해학기에  한함)",,,,,,,,
92,수시,"경제학과
우수신입생
장학금","수시모집  학업우수전형  경제학과
최조합격자 중  상위  1명  선발
*
 최초 장학금 선발자 미등록시 
최종등록자에서 추가 선발함",1명,"
생활비  매월  50만원  지급(3월~12월,  10개월)
     (입학  당해연도(2학기)에  한함)
     -  타  장학금과  중복수혜  가능
     -  평점평균  3.5이상,  취득학점  12학점  이상",,,,,,,,
92,수시,"고대행정학과 
신입생 
특별장학금","수시모집  학교추천전형  행정학과 
최초합격자 중  상위  1명  선발",1명,"
수업료의  100% 
     (입학  당해연도(2학기)에  한함)

2학년으로  진학  후 성적이  우수한  학생은  교내외 
장학생  선발  시  우선 추천",,,,,,,,
92,수시,"물리학과 
스타장학금","수시모집  학교추천전형  물리학과 
최초 합격자  중  상위  2명  선발
*
 최초 장학금 선발자 미등록시 
최종등록자에서 추가 선발함",2명,"
4학기까지  평점평균  3.75  이상  유지시  학기당  생활비 
300만원(월 50만원)  지급

5학기 이후는  학과 장학금  운영위원회 평가  후  지급 

타  장학금과  중복수혜  가능,  입학  후 사후지급,  휴학시 
지급종료",,,,,,,,
93,구분,반도체공학과,,,,,,,,,,,
93,재정지원사항,"∙  1~2학년  (4학기):  입학자 전원  등록금/생활비  지원  장학금/연구장학금 지원  (지급  기준  충족시)
∙ 3~4학년 (4학기): SK하이닉스 채용 절차를 통과한 학생에게 등록금 및 생활비 지원 장학금(지급 기준 충족시) 
지원,  채용확정자(장학생)  자격을  득하지  못한  경우  등록금의  50%  지원
∙  공통:  성적  우수자에게  학업  우수 장학금  지급",,,,,,,,,,,
93,"계약기관 
선발절차","∙  3학기  이상  이수  완료한  학생은  SK하이닉스  채용  전형  시행
∙  채용 전형  탈락자에  대해  재응시  기회  제공",,,,,,,,,,,
93,연구 활동 지원,"∙  글로벌  스터디  프로그램 운영
∙  학부연구/SK하이닉스  인턴십  지원",,,,,,,,,,,
93,졸업  후 진로,"∙  취업:  SK하이닉스  채용  전형에  합격한 경우,  SK하이닉스  입사  보장 
∙ 대학원 연계 진학: SK하이닉스 채용 전형 합격자 중 석사 또는 석박통합 연계 진학자로 선발된 경우, 학위 취득 
후  SK하이닉스  입사  보장(대학원  등록금  전액  및  생활비  지원)",,,,,,,,,,,
93,상세  문의,"반도체공학과  행정실 02-3290-4715,  jung7801kr@korea.ac.kr",,,,,,,,,,,
93,구분,차세대통신학과,,,,,,,,,,,
93,재정지원사항,"∙ 1~2학년 (4학기): 입학자 전원 등록금 및 생활비/교육지원 장학금 지원 (학과 장학금 지급 내규 기준 충족 시)
∙  3~4학년  (4학기):  삼성전자  산학  장학생  선발  채용 절차를  통과한  학생에  대해서  등록금 
                                 및  생활비  지원  (학과  장학금  지급  내규  기준  충족  시)
                                 단,  불합격 시  운영위원회  검토를  거쳐  등록금의  50%  지원  가능
∙  공통:  성적  우수자에 대한  학업우수  장학금  및 신입생에  대한  교육지원  장학금 지급",,,,,,,,,,,
93,"계약기관 
선발절차","∙  4학기  이상  등록한  자로, 산학  장학생 전환  시  졸업  요구 학점의  1/2 이상  이수  예정인  자만  응시  가능
∙  불합격  시  매  학기  재응시  가능",,,,,,,,,,,
93,연구 활동 지원,"∙  국제적  경쟁력을  키우기 위한  해외  연구소  및  전시회  학술연수 기회  제공
∙  실무 능력  향상을 위한  인턴십 기회  제공
∙  상시 활용  가능한 실험/실습  환경 제공  및  교내·외  연구성과  발표  학술회의 참가  지원",,,,,,,,,,,
93,졸업  후 진로,"∙  취업:  4학기 이수  완료  후  채용절차를 통과한  학생에  대해서  삼성전자 입사  보장 
∙  대학원  연계  진학(본교):  학부  졸업  후  별도의 절차에  의해 선발된  학생에  대해서  대학원  진학  지원",,,,,,,,,,,
93,상세  문의,"차세대통신학과  행정실  02-3290-4461,  inyyy@korea.ac.kr",,,,,,,,,,,
94,구분,스마트모빌리티학부,,,,,,,,,,,
94,재정지원사항,"∙  1~  4학기:  입학자  전원  등록금  전액  지원(학부  장학금  지급  내규  충족  시)
∙  5~10학기:  현대자동차  장학생  선발  채용  절차를  통과한  학생에  대해서 등록금  전액을  지급함
                    단,  불합격  시  운영위원회  검토를  거쳐  등록금의  50%  지원  가능함
∙  1~  7학기:  학업보조비로  매월  일정  금액을  지급하며,  금액은  지급  시 별도로  정함 
∙  연구장학금:  최초  등록  학기에  1회  지급하며 노트북  구입 용도로만  사용하고 
                        적정한 증빙자료  제출의무가  있음",,,,,,,,,,,
94,"계약기관
선발절차","∙ 4학기를 이수한 학생(학사과정 졸업요구 학점의 1/2 이상 취득자)은 현대자동차 입사를 위한 선발 대상이 됨 
(장학생  선발심사  면접 탈락자에게는  최대 2회 추가  선발의 기회를  제공함)
∙  입사 선발심사  면접  최종  불합격자는 석사과정에  진입하지  않고  규정에  따라  학사과정에 필요한  요건을 
   갖출  경우  학사학위를  취득해  졸업함
   ※  스마트모빌리티학부는  현대기아와의 계약학과로  「계약학과 운영에  관한 시행세칙」  제8조   
       및  「스마트모빌리티학부  운영  내규」 제8조(휴학)에  근거,  휴학은  군입대  휴학만을 인정하며   
       군  복무로 인한  휴학  외  본교 학칙에서  허용한  휴학유형에  대한  승인  등은 스마트모빌리티학부 
       운영위원회에서  심의하여  결정함",,,,,,,,,,,
94,연구 활동 지원,"∙  국제적  경쟁력을  키우기 위한  해외  학술대회  참가 지원
∙  실무 경험과  실무 능력  향상을 위한  인턴십 기회  제공  (1주일)
∙  석사 과정(8~10학기)은  연구 역량  향상을 위한  육성형 산학연구과제비  지원
∙  스마트모빌리티  실습  환경  제공  및  교내·외  연구성과 교류회  참가",,,,,,,,,,,
94,졸업  후 진로,"∙  취업:  4학기 이수  완료  후,  채용  절차를  포함한 현대자동차  제시  기준을  충족한 학생은  입사 보장
∙  학·석사통합과정으로 학사(1~7학기)  졸업  후,  석사(8~10학기)로  전환",,,,,,,,,,,
94,상세  문의,"스마트모빌리티학부  행정실 02-3290-4465,  rusia95@korea.ac.kr",,,,,,,,,,,
95,구분,이중전공,,,,,,,,,,,
95,이수전공,제1전공을  이수하면서  타 학과의  전공을  제2전공으로  동시에  이수함,,,,,,,,,,,
95,지원자격,제1전공을  배정받은  3학기  이상의  재학생,,,,,,,,,,,
95,신청시기,매학기  5(11)월경  (학사일정표 참고),,,,,,,,,,,
95,정원,본  대학교에서 정한  이중전공  정원  이내에서  이수를  허가함,,,,,,,,,,,
95,선발기준,"학업성적,  학업계획서,  면접  등  각  주관학과(부)에  따라  선발함",,,,,,,,,,,
95,지원학과 범위,"·  본  대학교  전  학과(부)를  이수할  수  있으며,  학과(부)의  교육여건을  감안하여  이중전공자의  수를 
제한할 수  있음.   단,  의과대학,  간호대학,  약학대학 및  모든  계약학과는 제외하며  사범대학  지원자는 
제1전공을  사범대학에서  이수한  자에  한함
· 서울캠퍼스와 세종캠퍼스 간 이중전공은 세종(서울)캠퍼스에 동일(유사) 학과(부)가 없는 학과(부)에 한하여 
서울(세종)캠퍼스  학과(부)를  이수할  수  있음",,,,,,,,,,,
95,졸업증서,"증서  1장에  제1전공과  이중전공을  함께  표기하며,  학위번호는  1개임
예)  영어영문학(문학사),  컴퓨터학(공학사)",,,,,,,,,,,
95,증명발급,제1전공과  이중전공이  1장에  기재되어  발급,,,,,,,,,,,
95,구분,융합전공,,,,,,,,,,,
95,이수전공,제1전공을  이수하면서  2개  이상의  학과가  융합한 전공을  제2전공으로  동시에  이수함,,,,,,,,,,,
95,지원자격,제1전공을  배정받은  3학기  이상의  재학생,,,,,,,,,,,
95,신청시기,매학기  4(10)월경  (학사일정표 참고),,,,,,,,,,,
95,정원,각  융합전공  협의회에서  선발인원을  정함,,,,,,,,,,,
95,선발기준,"학업성적,  학업계획서,  면접  등  각  주관학과(부)에  따라  선발함",,,,,,,,,,,
95,지원학과 범위,"매학기  개설  융합전공을  공지함
※  융합전공  개설현황: 
생태조경, 금융공학, 패션디자인 및 머천다이징, 공직과사회규범, PEP(Politics, Economics and Policy), 
인문학과  정의,  기후변화,  뇌인지과학,  공공거버넌스와리더십,  소프트웨어기슬벤처,  EML(Emerging 
Market & Latin America), 다문화한국어교육, 메디컬융합공학, 정보보호, GKS(Global Korean Studies, 
외국인 대상), LB&C(Language, Brain & Computer), 인문학과문화산업, GLEAC(Global Leader for East 
Asian Century), 의료인문학, 통일과국제평화, 인공지능응용, 기술창업, 미생물융합기술, 에너지신산업, 
개인정보보호, 기술·가정교육(가정교육과 2학년 한정), 에코스마트시티, 인문사회디지털, 차세대반도체
·  일부  융합전공은  캠퍼스간  혹은  신청  학과  제한  있음",,,,,,,,,,,
95,졸업증서,"증서  1장에  제1전공과  융합전공을  함께  표기하며,  학위번호는  1개임 
예)  수학(이학사),  금융공학(금융공학사)",,,,,,,,,,,
95,증명발급,제1전공과  융합전공이  1장에  기재되어  발급,,,,,,,,,,,
96,구분,학생설계전공,,,,,,,,,,,
96,이수전공,제1전공을  이수하면서  학생이  설계지도교수의  지도 아래  협의하여  설계한  전공을  동시에  이수함,,,,,,,,,,,
96,지원자격,제1전공을  배정받은  3학기  이상의  재학생,,,,,,,,,,,
96,신청시기,매학기  4(10)월경  (학사일정표 참고),,,,,,,,,,,
96,정원,교내  교육과정운영위원회에서  선발인원을  정함,,,,,,,,,,,
96,선발기준,"학업성적,  학업계획서,  면접  등  교내  교육과정운영위원회에서  기준을  정하여  선발함",,,,,,,,,,,
96,지원학과 범위,"매학기 학생설계전공 지원을 공지하고, 학생은 설계 지도교수의 지도 아래 협의하여 학생설계전공을 설계 및
신청함
- 3개 이상  학과(제1전공  포함)의  전공과목을  포함하여 구성함
- 기존에  개설되어  있는  제2전공과  동일  또는  유사한  학생설계전공은  허용되지  않음
- 국내외  다른 대학의  교과목  또는  대규모  온라인공개강좌를  3분의  1  이내로  하여  구성 가능함",,,,,,,,,,,
96,졸업증서,"증서  1장에  제1전공과  학생설계전공을  함께  표기하며,  학위번호는  1개임
예)  영어영문학(문학사),  경영학(경영학사)",,,,,,,,,,,
96,증명발급,제1전공과  학생설계전공이  1장에  기재되어 발급,,,,,,,,,,,
96,구분,복수전공,,,,,,,,,,,
96,이수전공,졸업요건을  충족한  후  또  하나의  전공을 1학기  이상  추가 이수함(복수전공은  제2전공에  해당되지 않음),,,,,,,,,,,
96,지원자격,"102학점 이상  취득하고, F를  포함한  전체성적의  평점평균이  2.5  이상인  재학생",,,,,,,,,,,
96,신청시기,매학기  3(9)월경 (학사일정표  참고),,,,,,,,,,,
96,정원,"지원학과(부)에서  선발인원을  정하며,  학과(부)의  교육여건 등을 감안하여  복수전공자의 수를  제한할 수  있음",,,,,,,,,,,
96,선발기준,"학업성적,  학업계획서,  면접  등을 통하여  선발함",,,,,,,,,,,
96,지원학과 범위,"본  대학교  전 학과(부)를  이수할 수  있음
단, 의과대학, 간호대학, 약학대학 및 모든 계약학과는 제외하며, 사범대학 지원자는 제1전공을 사범대학에서 
이수한  자에 한함
· 서울캠퍼스와 세종캠퍼스 간 복수전공은 세종(서울)캠퍼스에 동일(유사) 학과(부)가 없는 학과(부)에 한하여 서울
(세종)캠퍼스 학과(부)를  이수할 수  있음",,,,,,,,,,,
96,졸업증서,"증서  1장에  제1전공과  복수전공을  함께  표기하며,  학위번호는  1개임
예)  일어일문학(문학사), 경제학(경제학사)",,,,,,,,,,,
96,증명발급,제1전공과  복수전공을  별도  발급,,,,,,,,,,,
97,구분,캠퍼스 내 소속변경(전과),,,,,,,,,,,
97,전과 신청 자격,"○  공통  자격 요건과  전입 신청학과에서  별도로  정한  자격 요건을  모두 갖춘  경우
○  공통  자격 요건
-  1개  학기(계절수업  제외)  이상  이수하였으며,  8학기를 초과하지  않은  자 
-  학문의기초  교과목을  포함한  전출학과(부)의  전공과목을  최소 6학점  이상  이수한  자
     (단,  전출학과(부)에서 전출  시  인정하는  전공과목을  추가할  수  있음)
○  전입  신청학과에서  별도로  정한  요건을  충족한  자",,,,,,,,,,,
97,전과 신청 제한,"○  전과의  승인은  1회에 한하며,  전과  승인  후 전출학과(부)로  재변경할 수  없음
○  일반대학  교직과정  이수  학생이  전과를  하는  경우  교직이수  선발사항이  취소됨
○  아래  해당 학생은  전과(전입/전출)  신청  불가
-  계약학과  소속  학생
-  편입학생·복수전공생
-  전공자율선택제  모집단위  및  글로벌자율학부로  입학  후  제1전공에  진입하기  이전의  학생
-  캠퍼스  간 소속변경으로  전과한  학생
-  체육교육과  학생선수",,,,,,,,,,,
97,전입 제한,"의과대학, 약학대학  약학과는 전입을  제한함
(단,  사범대학,  간호대학으로 전과  전입은 전입  선발인원  및  결손  인원  내에서만 가능함)",,,,,,,,,,,
97,신청 시기,매학년도  2학기  11월경  (학사일정표 참고),,,,,,,,,,,
97,정원,전과  허용  인원은  학과  내규로  정함(학과별  입학정원의 10~20%),,,,,,,,,,,
97,선발 기준,"○  전출  평가 방법
   -  전출  신청인원이  전출 허용인원  이내인  경우  :  기본  지원자격  충족  여부로  평가
   - 전출 신청인원이 전출 허용인원 초과인 경우 : 기본 지원자격 충족 여부 및 교양과목 성적평점평균 순으로 선발 
○  전입  평가 방법  :  학과별  상이",,,,,,,,,,,
97,지원학과 범위,전과  신청  제한  및  전입  제한  학과(부)를  제외한  캠퍼스  내  전  학과(부)로  전과할  수  있음,,,,,,,,,,,
97,졸업증서,"증서  1장에 전과한  학과(부)가 먼저(제1전공)  표기됨
예) 전입학과가  경제학과이고(변경된  제1전공),  전출학과가  일어일문학과인 경우(변경된  이중전공), 
       “경제학사(경제학),  문학사(일어일문학)”로  표기됨",,,,,,,,,,,
97,증명발급,전과한 학과(부)로  제1전공  증명을  발급함,,,,,,,,,,,
98,구분,학생기숙사(직영),에듀21고려대학교 학생기숙사(민자),,,,,,,,,,
98,선발기준,"· 기숙사 신청인원수를 고려하여 전형별, 모집단위별, 남‧
여별  입학 석차순으로  선발함
    (※  대학수학능력시험점수로  선발하지 않음)
·  1순위:  출신고교가 서울지역이  아닌  지원자
·  2순위:  출신고교가 서울지역인  지원자","· 원서접수 당시 기재한 주소지를 기준으로 고려대학교
까지의 거리를 측정하여 선발함(주소라 함은 부모 또는 
보호자의 주민등록상의 주소를, 부모 또는 보호자가 없는
경우에는 본인의 주민등록상 주소를 말함. 기숙사 또는 
기숙학원  주소  기재  금지)
다만,  재외국민(혹은  전교육과정해외이수자)  특별전형
입학자로서 해외고교를 졸업한 자가 입학원서 접수 시 
국내 주소를 임의로 기재하더라도 국내가 아닌 해외에 
주소를  둔  것으로  간주함",,,,,,,,,,
98,"모집인원
(수시/정시
포함인원임)","남  380명,  여  160명  내외","남  250명,  여  330명  내외",,,,,,,,,,
98,기타사항,"·  기숙사비:  월  약  25.5만원(유동적,  식비별도)
·  3인  1실
·  화장실, 샤워실  각층 공용시설  사용
·  일체형  책상/침대(2층)  사용","·  기숙사비:  월  약  43.2만원(유동적,  식비별도)
·  2인  1실
·  화장실, 샤워실  개별 호실  사용",,,,,,,,,,
99,교육활동지원(도우미),우선수강  신청  지원,시험평가  지원,소망장학금,,,,,,,,,
99,"-  필기,  학습,  이동,  생활  등 
일반교육지원인력  지원
-  속기사  등 
전문교육지원인력  지원","- 장애학생  우선  수강신청 
지원","- 확대  시험지 및 
구술시험
- 별도  시험  장소  제공
- 장애  특성  및  교과목 
특성을  고려한  평가 
조정  지원","-  장애학생을  위한  장학금
- 등록금의  50%  지원",,,,,,,,,
99,교환학생  학습지원,탄력적  학사  운영,학습교재  지원,교수학습  지원,,,,,,,,,
99,"-
Testing 
Accommodations 
Request  Form 
Certification 지원","- 졸업 요건  한자  인증 
시험 면제
- 졸업 요건  외국어 인증 
시험 면제","- 시각  장애학생  학습교재 
및  자료  제작  지원
- 강의  자료  지원","- 강의실  앞자리 배정
- 학습보조공학기기  지원
- 기타  장애학생 요청 
사항  지원",,,,,,,,,
100,기숙사,대학생활  지원(도우미),도서관,장애학생  휴게실,,,,,,,,,
100,"- 기숙사  우선  배정 지원
- 프런티어관 장애인실 
20%  할인","- 기숙사,  생활,  이동 
지원인력  지원","- 장애학생  전용 휴게실
- 장애인  전용석
- 대출,  반납,  정보  지원  등 
도서관  도우미 지원","- 장애학생  전용  휴게실
- 장애학생  전용  수면실",,,,,,,,,
100,정보접근성,이동 및  생활  보조기기,장애인  편의시설,강의실  환경  점검,,,,,,,,,
100,"- 장애학생  커뮤니티
- 문자 SNS(카카오톡)  개별 
안내 서비스","- 전동휠체어,  사물함  등 
대여","- 장애인  편의시설  점검
- 장애인  편의시설  설치 
요청","- 강의실  접근성  점검  및 
변경
- 높낮이  책상  배치",,,,,,,,,
101,대학(학부) 및 모집단위,연락처,,,,,,,,,,,
101,■ 경영대학,02-3290-2702,,,,,,,,,,,
101,■ 문과대학,02-3290-5106~7,,,,,,,,,,,
101,국어국문학과,02-3290-5106,,,,,,,,,,,
101,철학과,02-3290-5107,,,,,,,,,,,
101,한국사학과,02-3290-5106,,,,,,,,,,,
101,사학과,02-3290-5106,,,,,,,,,,,
101,사회학과,02-3290-5107,,,,,,,,,,,
101,한문학과,02-3290-5107,,,,,,,,,,,
101,영어영문학과,02-3290-5107,,,,,,,,,,,
101,독어독문학과,02-3290-5107,,,,,,,,,,,
101,불어불문학과,02-3290-5107,,,,,,,,,,,
101,중어중문학과,02-3290-5106,,,,,,,,,,,
101,노어노문학과,02-3290-5106,,,,,,,,,,,
101,일어일문학과,02-3290-5106,,,,,,,,,,,
101,서어서문학과,02-3290-5106,,,,,,,,,,,
101,언어학과,02-3290-5107,,,,,,,,,,,
101,■ 생명과학대학,02-3290-4061,,,,,,,,,,,
101,생명과학부,02-3290-3050,,,,,,,,,,,
101,생명공학부,02-3290-3060,,,,,,,,,,,
101,식품공학과,02-3290-4063,,,,,,,,,,,
101,환경생태공학부,"02-3290-4963, 3010",,,,,,,,,,,
101,식품자원경제학과,02-3290-3030,,,,,,,,,,,
101,■ 정경대학,02-3290-5140,,,,,,,,,,,
101,정치외교학과,,,,,,,,,,,,
101,경제학과,,,,,,,,,,,,
101,통계학과,,,,,,,,,,,,
101,행정학과,,,,,,,,,,,,
101,■ 이과대학,02-3290-4071,,,,,,,,,,,
101,수학과,02-3290-3070,,,,,,,,,,,
101,물리학과,02-3290-3090,,,,,,,,,,,
101,화학과,02-3290-3120,,,,,,,,,,,
101,지구환경과학과,02-3290-3170,,,,,,,,,,,
101,■ 공과대학,02-3290-4127,,,,,,,,,,,
101,공과대학(전공자율선택제),02-3290-4127,,,,,,,,,,,
101,화공생명공학과,02-3290-4600,,,,,,,,,,,
101,신소재공학부,02-3290-3821,,,,,,,,,,,
101,건축사회환경공학부,02-3290-3311,,,,,,,,,,,
101,건축학과,02-3290-4599,,,,,,,,,,,
101,기계공학부,02-3290-3350,,,,,,,,,,,
101,대학(학부) 및 모집단위,연락처,,,,,,,,,,,
101,산업경영공학부,02-3290-3380,,,,,,,,,,,
101,전기전자공학부,"02-3290-3211, 3213",,,,,,,,,,,
101,반도체공학과,02-3290-4551,,,,,,,,,,,
101,융합에너지공학과,02-3290-4591,,,,,,,,,,,
101,차세대통신학과,02-3290-4461,,,,,,,,,,,
101,■ 의과대학,"02-2286-1520, 1539",,,,,,,,,,,
101,■ 사범대학,02-3290-1335,,,,,,,,,,,
101,교육학과,,,,,,,,,,,,
101,국어교육과,,,,,,,,,,,,
101,영어교육과,,,,,,,,,,,,
101,지리교육과,,,,,,,,,,,,
101,역사교육과,,,,,,,,,,,,
101,가정교육과,,,,,,,,,,,,
101,수학교육과,,,,,,,,,,,,
101,체육교육과,,,,,,,,,,,,
101,■ 간호대학,02-3290-4901,,,,,,,,,,,
101,■ 정보대학,"02-3290-4132, 4133",,,,,,,,,,,
101,컴퓨터학과,,,,,,,,,,,,
101,데이터과학과,,,,,,,,,,,,
101,인공지능학과,,,,,,,,,,,,
101,■ 디자인조형학부,02-3290-2680,,,,,,,,,,,
101,■ 국제대학,02-3290-1396,,,,,,,,,,,
101,국제학부,,,,,,,,,,,,
101,글로벌한국융합학부,,,,,,,,,,,,
101,글로벌자율학부,,,,,,,,,,,,
101,■ 미디어대학,02-3290-1403,,,,,,,,,,,
101,미디어학부,,,,,,,,,,,,
101,글로벌엔터테인먼트학부,,,,,,,,,,,,
101,■ 보건과학대학,02-3290-5670,,,,,,,,,,,
101,바이오의공학부,,,,,,,,,,,,
101,바이오시스템의과학부,,,,,,,,,,,,
101,보건환경융합과학부,,,,,,,,,,,,
101,보건정책관리학부,,,,,,,,,,,,
101,■ 자유전공학부,02-3290-1416,,,,,,,,,,,
101,■ 스마트보안학부,02-3290-4250,,,,,,,,,,,
101,스마트보안학부,,,,,,,,,,,,
101,사이버국방학과,02-3290-4253,,,,,,,,,,,
101,■ 심리학부,02-3290-2060,,,,,,,,,,,
101,■ 스마트모빌리티학부,02-3290-4465,,,,,,,,,,,
101,■ 학부대학,02-3290-1594,,,,,,,,,,,
102,부서,연락처,업무,,,,,,,,,,
102,국제어학원 외국어센터,02-3290-1454,신입생 영어능력평가고사,,,,,,,,,,
102,,02-3290-1455,신입생 어학강좌,,,,,,,,,,
102,"직영
안암학사 학생기숙사
민자","02-3290-1552
02-3290-1553/9684(입사상담)","기숙사 선발, 입사",,,,,,,,,,
102,,,,,,,,,,,,,
102,학사팀,02-3290-2734~6,"학적, 수업, 다전공",,,,,,,,,,
102,재정팀,02-3290-1187,등록금,,,,,,,,,,
102,의료원재무팀(의과대학),02-2286-1031,,,,,,,,,,,
102,중앙도서관 인포메이션 센터,"02-3290-1486, 1492",도서관 출입 및 자료 열람,,,,,,,,,,
102,학생지원팀,02-3290-1571～2,"보건비, 의료공제비",,,,,,,,,,
102,,02-3290-1573,의료공제비,,,,,,,,,,
102,,02-3290-1104～7,"장학금, 학자금대출",,,,,,,,,,
102,"인문계
ONE-STOP서비스센터
자연계","02-3290-1141～6
02-3290-4091～2","학생증, 제증명",,,,,,,,,,
102,,,,,,,,,,,,,
