13,인문대학,"인문계열
역사학부*
소계","23
·
23","67
10
77","90
10
100","6
·
6","7
·
7","3
·
3",,,
13,사회과학대학,"정치외교학부
경제학부
사회학과
인류학과
심리학과
지리학과
사회복지학과
언론정보학과
소계","10
20
·
7
·
·
·
·
37","16
55
10
·
9
8
6
7
111","26
75
10
7
9
8
6
7
148","7
7","8
8","4
4",,,
13,자연과학대학,"수리과학부
통계학과
물리학전공
물리․천문학부
천문학전공
화학부
생명과학부
지구환경과학부
소계","·
·
·
·
·
·
·
·","9
7
12
5
13
20
9
75","9
7
12
5
13
20
9
75","7
7","7
7","5
5",,,
13,간호대학,,·,23,23,3,3,2,,,
13,경영대학,,·,53,53,3,3,2,,,
13,공과대학,"광역
건설환경공학부
기계공학부
재료공학부
전기·정보공학부
컴퓨터공학부
화학생물공학부
건축학과
산업공학과
에너지자원공학과
원자핵공학과
조선해양공학과
항공우주공학과
소계","36
·
·
·
·
·
·
·
·
·
·
·
·
36","·
18
32
31
52
27
26
15
12
4
6
16
12
251","36
18
32
31
52
27
26
15
12
4
6
16
12
287","·
17
17","·
17
17","·
5
5",,,
14,"농업생명
과학대학","농경제사회학부
식물생산과학부
산림과학부
식품·동물생명공학부 
응용생물화학부
조경·지역시스템공학부
바이오시스템·소재학부 
스마트시스템과학과
소계","·
·
·
·
·
·
·
·
·","13
24
16
16
13
16
14
10
122","13
24
16
16
13
16
14
10
122","12
12","12
12","4
4",,,
14,미술대학,"동양화과
서양화과
조소과
공예과
디자인과
소계","·
·
·
·
·
·","15
20
19
15
21
90","15
20
19
15
21
90","1
1","3
3","2
2",,,
14,사범대학,"교육학과
국어교육과
영어교육과 
독어교육과
불어교육과 
사회교육과
역사교육과 
지리교육과 
윤리교육과
수학교육과
물리교육과 
화학교육과 
생물교육과
지구과학교육과 
체육교육과
소계","·
·
·
·
·
·
·
·
·
·
·
·
·
·
·
·","·
10
8
·
·
6
6
6
5
10
10
7
8
8
30
114","·
10
8
·
·
6
6
6
5
10
10
7
8
8
30
114","8
1
9","8
1
9","4
4",,,
14,생활과학대학,"소비자학전공
소비자아동학부
아동가족학전공
식품영양학과
의류학과
소계","·
·
·
·
·","8
7
12
8
35","8
7
12
8
35","3
3","2
2","2
2",,,
14,수의과대학,수의예과,·,15,15,4,4,2,,,
14,약학대학,약학계열,10,10,20,3,5,2,,,
15,"음악대학
**","성악과
작곡과
음악학과
피아노과
관현악과
국악과
소계","·
·
·
·
·
·
·","25
10
8
·
·
·
43","25
10
8
·
·
·
43","2
1
·
3","1
1
1
·
3","2
2",,,
15,의과대학,의예과,10,29,39,1,2,2,,,
15,첨단융합학부,,20,50,70,5,5,3,,,
15,학부대학,"광역
자유전공학부
소계","·
·
·","36
50
86","36
50
86","·
3
3","·
3
3","·
5
5",,,
15,치의학대학원,치의학과,10,10,20,·,·,·,,,
15,합계,,146,"1,194","1,340",87,93,"20**** 
이내",,,
16,"정시모집 
일반전형",성악과,"남자  13명,  여자  12명",,,,,,,,
16,,작곡과,"작곡  8명,  지휘  2명",,,,,,,,
16,,음악학과,이론  8명,,,,,,,,
25,"서류구분
      지원자  유형",①,②,,,,,,,,
25,,"학생부
(온라인  제출)","학생부 
(서면  제출)",,,,,,,,
25,"학생부  온라인  제공  동의자
  2016학년도  졸업자(’17.2.졸업)  ~
    2024학년도  (조기)졸업예정자(’25.2.졸업)",○,×,,,,,,,,
25,학생부  온라인  제공이  불가능한  자,×,○,,,,,,,,
33,동양화과,"ㆍ주어진  주제를  수묵,  채색  등  전공  관련 
기법으로  표현","ㆍ주어진  과제를  해결하는 
능력과  창의적  발상,  논리적 
사고력,  관찰력,  표현력, 
발전가능성  등을  심층적으로 
평가함",6시간,,,,,,,
33,서양화과,ㆍ주어진  주제를  제시된  재료로  표현,,,,,,,,,
33,조소과,"ㆍ주어진  주제를  점토  및  제시된  재료를 
사용하여  평면과  입체로  표현",,,,,,,,,
33,공예과,ㆍ주어진  주제를  제시된  재료로  표현,,,,,,,,,
33,디자인과,ㆍ주어진  주제를  제시된  재료로  표현,,4시간,,,,,,,
33,동양화과,"ㆍ모집단위  관련  전공적성  및  학업능력을  평가
ㆍ실기평가  내용,  포트폴리오(동양화과,  서양화과)를  활용한 
심층적인  질의",없음,10분  내외,,,,,,,
33,서양화과,,,,,,,,,,
33,조소과,,,,,,,,,,
33,공예과,,,,,,,,,,
33,디자인과,,,,,,,,,,
37,"서류구분       
    지원자  유형","지원자
고교
①
②
③
④",,,,,,,,,
37,,"조기졸업예정자 
학생부
학생부 
실기능력  증빙서류
명단(공문)
(온라인  제출)
(서면  제출)
(서면  제출)
(온라인  제출)",,,,,,,,,
37,"학생부  온라인  제공  동의자
  2016학년도  졸업자(’17.2.졸업)  ~
    2024학년도(조기)졸업예정자(’25.2.졸업)","○
×
△
△",,,,,,,,,
37,학생부  온라인  제공이  불가능한  자,"×
○
△
△",,,,,,,,,
38,"서류구분
    지원자  유형","지원자
①
②
③
④
⑤
⑥",,,,,,,,,
38,,"학생부  대체  서식
실기능력 
졸업(예정)
학력조회
국내  학력인정
검정고시  합격증
(교과평가)
증빙서류
증명서
동의서
확인서
(온라인  또는  서면  제출) 
(온라인/서면  모두 
(서면  제출)
(서면  제출)
(온라인  제출)
(서면  제출)
제출)",,,,,,,,,
38,"서류구분
①
검정고시  합격증
    지원자  유형
(온라인  또는  서면  제출)",,②,③,④,⑤,⑥,,,,
38,,,"학생부  대체  서식
(교과평가)
(온라인/서면  모두 
제출)","실기능력 
증빙서류
(서면  제출)","졸업(예정)
증명서
(서면  제출)","학력조회
동의서
(온라인  제출)","국내  학력인정
확인서
(서면  제출)",,,,
38,"고등학교  졸업학력 
검정고시  출신자",○,△,△,×,×,×,,,,
38,"외국  소재 
고등학교  졸업(예정)자",×,△,△,○,○,×,,,,
38,"국내  학력인정
외국교육기관  졸업(예정)자",×,△,△,○,×,○,,,,
44,성악과,"ㆍ실기평가(시창,  피아노)  내용을  활용한  심층적인  질의",없음,10분  내외,,,,,,,
44,작곡과,ㆍ2단계  실기평가  내용  및  포트폴리오(작곡)를  활용한  심층적인  질의,,15분  내외,,,,,,,
44,음악학과,ㆍ실기평가  내용을  활용한  심층적인  질의,,,,,,,,,
45,"서류구분       
    지원자  유형","지원자
고교
①
②
③
④
⑤
⑥
⑦
⑧",,,,,,,,,
45,,"국내 
조기졸업
검정고시 
졸업(예정)
실기능력 
학력조회
학생부
학생부 
학력인정
예정자 
합격증
증명서
증빙서류
동의서
(온라인 제출)
(서면 제출)
(온라인  또는 
확인서
명단(공문)
(서면 제출)
(서면 제출)
(온라인 제출)
서면제출)
(서면 제출)
(온라인 제출)",,,,,,,,,
45,"학생부  온라인  제공  동의자
  2016학년도  졸업자(’17.2.졸업)  ~
    2024학년도(조기)졸업예정자(’25.2.졸업)","○
×
×
×
△
×
×
△",,,,,,,,,
45,학생부  온라인  제공이  불가능한  자,"×
○
×
×
△
×
×
△",,,,,,,,,
45,고등학교  졸업학력  검정고시  출신자,"×
×
○
×
△
×
×
×",,,,,,,,,
45,외국  소재  고등학교  졸업(예정)자,"×
×
×
○
△
○
×
×",,,,,,,,,
45,"국내  학력인정  외국교육기관 
졸업(예정)자","×
×
×
○
△
×
○
×",,,,,,,,,
56,동양화과,"ㆍ주어진  주제를  수묵,  채색  등  전공  관련 
기법으로  표현","ㆍ주어진  과제를  해결하는 
능력과  창의적  발상,  논리적 
사고력,  관찰력,  표현력, 
발전가능성  등을  심층적으로 
평가함",6시간,,,,,,,
56,서양화과,ㆍ주어진  주제를  제시된  재료로  표현,,,,,,,,,
56,조소과,"ㆍ주어진  주제를  점토  및  제시된  재료를 
사용하여  평면과  입체로  표현",,,,,,,,,
56,공예과,ㆍ주어진  주제를  제시된  재료로  표현,,,,,,,,,
56,디자인과,ㆍ주어진  주제를  제시된  재료로  표현,,4시간,,,,,,,
56,동양화과,"ㆍ모집단위  관련  전공적성  및  학업능력을  평가
ㆍ실기평가  내용,  포트폴리오(동양화과,  서양화과)를  활용한 
심층적인  질의",없음,10분  내외,,,,,,,
56,서양화과,,,,,,,,,,
56,조소과,,,,,,,,,,
56,공예과,,,,,,,,,,
56,디자인과,,,,,,,,,,
59,성악과,"ㆍ실기평가(시창,  피아노)  내용을  활용한  심층적인  질의",없음,10분  내외,,,,,,,
59,작곡과,ㆍ2단계  실기평가  내용  및  포트폴리오(작곡)를  활용한  심층적인  질의,,15분  내외,,,,,,,
59,음악학과,ㆍ실기평가  내용을  활용한  심층적인  질의,,,,,,,,,
62,가.,기초생활수급(권)자,"①  -
②  -
③  수급자  증명서(지원자)",,,,,,,,
62,나.,차상위  자활급여,"①  가족관계증명서(부  또는  모  기준)
②  주민등록등본
③  자활근로자  확인서",,,,,,,,
62,,차상위  장애수당,"①  가족관계증명서(부  또는  모  기준)
②  주민등록등본
③  장애(아동)수당  대상자  확인서",,,,,,,,
62,,차상위  장애인연금  부가급여,"①  가족관계증명서(부  또는  모  기준)
②  주민등록등본
③  장애인연금  대상자  확인서",,,,,,,,
62,,차상위  본인부담경감,"①  가족관계증명서(부  또는  모  기준)
②  주민등록등본
③  차상위  본인부담경감대상자  증명서",,,,,,,,
62,,차상위계층  확인서  발급  대상자,"①  가족관계증명서(부  또는  모  기준)
②  주민등록등본
③  차상위계층  확인서",,,,,,,,
62,다.,한부모가족지원,"①  -
②  -
③  한부모가족  증명서(지원자)",,,,,,,,
63,"서류구분_
    지원자  유형","지원자
고교
①
②
③
④
⑤
⑥
⑦
⑧",,,,,,,,,
63,,"국내 
조기졸업
검정고시 
졸업(예정)
실기능력
학력조회
학생부
학생부 
학력인정
예정자 
합격증
증명서
증빙서류
동의서
(온라인 제출)
(서면 제출)
(온라인  또는 
확인서
명단(공문)
(서면 제출)
(서면 제출)
(온라인 제출)
서면 제출)
(서면 제출)
(온라인 제출)",,,,,,,,,
63,"학생부  온라인  제공  동의자
  2016학년도  졸업자(’17.2.졸업)  ~
    2024학년도(조기)졸업예정자(’25.2.졸업)","○
×
×
×
△
×
×
△",,,,,,,,,
63,학생부  온라인  제공이  불가능한  자,"×
○
×
×
△
×
×
△",,,,,,,,,
63,고등학교  졸업학력  검정고시  출신자,"×
×
○
×
△
×
×
×",,,,,,,,,
63,외국  소재  고등학교  졸업(예정)자,"×
×
×
○
△
○
×
×",,,,,,,,,
63,"국내  학력인정  외국교육기관 
졸업(예정)자","×
×
×
○
△
×
○
×",,,,,,,,,
70,"서류구분
                                                           
      지원자  유형","지원자
고교
①
②
③
④",,,,,,,,,
70,,"학생부
학생부 
실기능력  증빙서류
조기졸업예정자  명단  (공문)
(온라인 제출)
(서면 제출)
(서면 제출)
(온라인 제출)",,,,,,,,,
70,"서류구분
①
                                                           
학생부
      지원자  유형                     
(온라인 제출)",,②,③,④,,,,,,
70,,,"학생부 
(서면 제출)","실기능력  증빙서류
(서면 제출)","조기졸업예정자  명단  (공문)
(온라인 제출)",,,,,,
70,"학생부  온라인  제공  동의자
  2016학년도  졸업자(’17.2.졸업)  ~
    2024학년도(조기)졸업예정자(’25.2.졸업)",○,×,△,△,,,,,,
70,학생부  온라인  제공이  불가능한  자,×,○,△,△,,,,,,
71,"서류구분
    지원자  유형",①,②,③,,,,,,,
71,,"검정고시  합격증
(온라인  또는  서면 제출)","학생부  대체  서식
(학생부종합전형  서류평가)
(온라인/서면  모두  제출)","실기능력  증빙서류
(서면 제출)",,,,,,,
71,"고등학교  졸업학력  검정고시  출신자
○",,△,△,,,,,,,
72,"서류구분
    지원자  유형",①,②,③,④,⑤,⑥,,,,
72,,"졸업(예정)
증명서
(서면 제출)","학생부  대체  서식
(학생부종합전형 
서류평가)
(온라인/서면  모두  제출)","실기능력
증빙서류
(서면 제출)","학력조회
동의서
(온라인 제출)","국내
학력인정 
확인서
(서면 제출)","학력인정
증명서
(서면 제출)",,,,
72,"외국  소재  고등학교 
졸업(예정)자",○,△,△,○,×,×,,,,
72,"국내  학력인정  외국교육기관 
졸업(예정)자",○,△,△,×,○,×,,,,
72,"북한에서  고등학교
교육과정을  이수한  자",×,△,△,×,×,○,,,,
74,"유형
모집단위
2025학년도  수능  응시영역기준",,,,,,,,,,
74,,"인문대학
사회과학대학
간호대학
경영대학
농업생명과학대학
농경제사회학부
사범대학
교육학과,  국어교육과,  영어교육과, 
독어교육과,  불어교육과,  사회교육과, 
역사교육과,  지리교육과,  윤리교육과
생활과학대학
소비자아동학부,  의류학과","[수학  선택] 
ㆍ확률과  통계
ㆍ미적분
  중  택1
국어,  수학,  영어, 
ㆍ기하
한국사,  탐구, 
제2외국어/한문
[탐구  선택] 
ㆍ사회탐구
  구분  없이  택2
ㆍ과학탐구",,,,,,,,
74,  1,"자연과학대학
물리·천문학부  물리학전공,
물리·천문학부  천문학전공,  화학부
공과대학
기계공학부,  전기·정보공학부,
에너지자원공학과,  항공우주공학과
농업생명과학대학
식물생산과학부,  식품·동물생명공학부, 
조경·지역시스템공학부,
바이오시스템·소재학부
사범대학
물리교육과,  화학교육과,  생물교육과
의과대학","국어,  수학,  영어, 
한국사,  탐구
<과학탐구영역  응시  기준>
ㆍⅠ+Ⅰ,  Ⅰ+Ⅱ,  Ⅱ+Ⅱ
3개  조합  중  선택
ㆍ단,  ‘물리학Ⅰ,  물리학Ⅱ, 
화학Ⅰ,  화학Ⅱ’  중 
1개  과목  이상 
[수학  선택] 
반드시  응시해야  함
ㆍ미적분
  중  택1
ㆍ기하",,,,,,,,
74,  2,"자연과학대학
수리과학부,  통계학과, 
생명과학부,  지구환경과학부
간호대학
공과대학
광역,  건설환경공학부,  재료공학부, 
컴퓨터공학부,  화학생물공학부,  건축학과, 
산업공학과,  원자핵공학과,  조선해양공학과
농업생명과학대학
산림과학부,  응용생물화학부, 
스마트시스템과학과
사범대학
수학교육과,  지구과학교육과
생활과학대학
식품영양학과,  의류학과
수의과대학
약학대학
첨단융합학부
치의학대학원  치의학과","[탐구  선택] 
ㆍ과학탐구  8과목  중  택2
ㆍ단,  Ⅰ+Ⅱ  조합으로 
ㆍ응시할  경우  서로  다른 
ㆍ분야의  과목을  응시해야  함
국어,  수학,  영어, 
ㆍ과학탐구Ⅱ  선택  시 
한국사,  탐구
ㆍ조정점수를  부여함
<과학탐구영역  응시  기준>
ㆍⅠ+Ⅰ,  Ⅰ+Ⅱ,  Ⅱ+Ⅱ
3개  조합  중  선택",,,,,,,,
75,"유형
모집단위
2025학년도  수능  응시영역기준",,,,,,,,,,
75,,"미술대학
사범대학  체육교육과
음악대학
학부대학  광역,  자유전공학부","[수학  선택] 
ㆍ확률과  통계
ㆍ미적분
  중  택1
국어,  수학,  영어, 
ㆍ기하
한국사,  탐구
[탐구  선택] 
ㆍ사회탐구
  구분  없이  택2
ㆍ과학탐구",,,,,,,,
75,경영대학,"성공적인 
직업생활",상업  경제,,,,,,,,
75,공과대학,,"농업  기초  기술,  공업  일반,  상업  경제,  수산․해운  산업  기초,  인간  발달  중  택  1",,,,,,,,
75,농업생명과학대학,,"농업  기초  기술,  인간  발달  중  택  1",,,,,,,,
75,생활과학대학,,인간  발달,,,,,,,,
75,첨단융합학부,,"농업  기초  기술,  공업  일반,  상업  경제,  수산․해운  산업  기초,  인간  발달  중  택  1",,,,,,,,
75,학부대학,,"농업  기초  기술,  공업  일반,  상업  경제,  수산․해운  산업  기초,  인간  발달  중  택  1",,,,,,,,
76,수학,일반선택  4과목  또는  일반선택  3과목  +  진로선택  1과목,"2개  교과(군)
이상에서
충족",,,,,,,,
76,과학,일반선택  3과목  +  진로선택  2과목  또는  일반선택  2과목  +  진로선택  3과목,,,,,,,,,
76,사회*,일반선택  3과목  +  진로선택  1과목  또는  일반선택  2과목  +  진로선택  2과목,,,,,,,,,
79,운동능력검사,기초,(1)  제자리멀리뛰기,15점,2회,"(1),  (3),  (4),  (5),  (6)
:  남·여  공통  종목",,,,,
79,,,"(2)  남:  턱걸이,  여:  오래  매달리기",15점,1회,,,,,,
79,,,(3)  핸드볼  공  던지기,15점,2회,,,,,,
79,,,"(4)  100m  달리기
      (악천후  시  실내  60m  달리기)",15점,1회,,,,,,
79,,응용,(5)  농구  레이업  슛,20점,1회,,,,,,
79,,,(6)  축구  장애물  드리블,20점,1회,,,,,,
80,구분,전형명,지원  모집단위,성명,생년월일,"긴급연락처
(담임 또는 진학담당교사
휴대전화 번호 기재요망)",,,,,
80,1,일반전형,인문대학  인문계열,홍길동,0000년  00월  00일,01x-xxxx-xxxx,,,,,
80,2,"기회균형
특별전형
(저소득)",공과대학  건설환경공학부,김서울,0000년  00월  00일,01x-xxxx-xxxx,,,,,
80,3,,,,,,,,,,
80,계,명,,,,,,,,,
81,지 원 자,,"성
명",,,,접 수 번 호,,,,
81,,,연 락 처 1,,,,연 락 처 2,,,,
81,,,전 형 구 분,"□  지역균형전형     
□  기회균형특별전형(농어촌·저소득)   
□  일반전형
□  기회균형특별전형(특수교육대상자·북한이탈주민)",,,,,,,
81,,,모 집 단 위,대학(원)                                계열/학부/과                          전공,,,,,,,
81,"귀  대학교  2025학년도  대학  신입학생  정시모집  원서접수  시  입력한  개인정보(성명, 
주민등록번호)  불일치  사항을  아래와  같이  정정합니다.
  ※  반드시  본  확인서와  함께  개인정보  변경  증빙자료(예:  주민등록초본,  외국인등록증  사본  등)를 
제출해야  함
상기  내용은  사실과  다름없음을  확인합니다.
년          월          일
                    지원자  :                                      (서명  또는  인)
              보호자  :                                      (서명  또는  인)
서울대학교  총장  귀하",,,,,,,,,,
81,,구분,,,제출서류,변경  전,,변경  후,,불일치  사유,
81,,성  명,,,,,,,,,
81,,주 민 등 록 번 호,,,,,,,,,
81,,,,,,,,,,,
82,학력정보,"☐   검 정 고 시   출 신 자
  ☐   외 국 소 재   고 등 학 교   및 
        국 내   학 력 인 정   외 국 교 육 기 관 
졸 업 (예 정 )자
  □   국 내   고 등 학 교   졸 업 (예 정 )자 
중   학 생 부   온 라 인   제 출 이 
불 가 능 한   고 교 (외 국 소 재 고 
등 )  재 학   경 험 이   1 학 기   이 상 
있 는   자","합격지역
합격일
          년      월      일",,,,,,,,
82,,,"소재국가
졸업(예정)일
입학일               년      월      일
          년      월      일
또는  전출일 
학교명",,,,,,,,
82,,,"소재국가
졸업(예정)일
입학일               년      월      일
          년      월      일
또는  전출일 
학교명",,,,,,,,
82,,,"소재국가
입학일               년      월      일 졸업(예정)일
          년      월      일
또는  전출일 
학교명",,,,,,,,
82,"<작성  유의사항>
1.  본  서식은  반드시  사실에  기초하여  본인이  작성하여야  하며,  제출한  서류는  반환하지  않습니다.
2.  기술된  사항에  대한  사실  확인을  요청할  경우  지원자는  적극  협조하여야  합니다.
3.  활동에  대한  증빙서류를  제출하는  경우,  원본  제출이  원칙이며  사본  제출  시  원본대조필하여야  합니다.
4.  허위사실  기재,  기타  부정한  사실  등이  발견될  경우,  불합격  처리되며  합격  이후라도  입학이  취소될  수  있습
니다.
※  아래의  내용은  평가에  반영하지  않으므로  제출하지  않음(기재  시  블라인드  처리함)",,,,,,,,,,
82,,"-  공인어학시험  성적
-  교과에  대한  교외  수상  실적
-  교외  인증시험  성적
-  논문  등재나  학회  발표,  도서  출간
-  지식재산권(특허,  실용신안,  상표  디자인)  출원  또는  등록
-  부모(친인척  포함)의  사회·경제적  지위(직종명,  직업명,  직장명,  직위명  등)  암시  내용
-  해외  활동실적(어학연수,  봉사활동  등)",,,,,,,,,
82,,,,,,,,,,,
82,"본인은  학교생활기록부  대체  서식  작성방법  및  유의사항을  숙지했으며, 
해당사항  위반에  따른  조치에  대해서는  이의를  제기하지  않겠습니다.
2025년        월        일
      지원자:                                            (서명  또는  인)
서울대학교  총장  귀하",,,,,,,,,,
83,연번,서류(교과)명,기간,학습내용,발행기관,,,,,,
83,1,물리학Ⅰ/Ⅱ,"2023.  9.  ~ 
2023.  11.","현대인을  위한  물리의  이해를  수강하며  물리학  전반에 
대한  지식을  쌓았으며,  강의  이수  중  ‘물리학  클래식’, 
‘빛의  물리학’  등의  독서를  수행함",○○○○,,,,,,
83,2,○○○○,"2024.  1.  ~ 
2024.  2.",○○○○  강의  전  차시  수강,○○○○,,,,,,
84,학력정보,"☐   검 정 고 시   출 신 자
  ☐   외 국 소 재   고 등 학 교   및 
        국 내   학 력 인 정   외 국 교 육 기 관 
졸 업 (예 정 )자
  □   국 내   고 등 학 교   졸 업 (예 정 )자 
중   학 생 부   온 라 인   제 출 이 
불 가 능 한   고 교 (외 국 소 재 고 
등 )  재 학   경 험 이   1 학 기   이 상 
있 는   자","합격지역
합격일
          년      월      일",,,,,,,,
84,,,"소재국가
입학일               년      월      일 졸업(예정)일
          년      월      일
또는  전출일 
학교명",,,,,,,,
84,,,"소재국가
입학일               년      월      일 졸업(예정)일
          년      월      일
또는  전출일 
학교명",,,,,,,,
84,,,"소재국가
입학일               년      월      일 졸업(예정)일
          년      월      일
또는  전출일 
학교명",,,,,,,,
84,,□   북 한 에 서   고 등 학 교   교 육 과 정 을   이 수 한   자,,,,,,,,,
84,"<작성 유의사항>
1.  본  서식은  반드시  사실에  기초하여  본인이  작성하여야  하며,  제출한  서류는  반환하지  않습니다.
2.  기술된  사항에  대한  사실  확인을  요청하는  경우  지원자는  적극  협조하여야  합니다.
3.  활동에  대한  증빙서류를  제출하는  경우,  원본  제출이  원칙이며  사본  제출  시  원본대조필하여야  합니다.
4.  허위사실  기재,  기타  부정한  사실  등이  발견될  경우,  불합격  처리되며  합격  이후라도  입학이  취소될  수  있습니다.
5.  공인어학성적  및  수학・과학・외국어  교과에  대한  교외  수상실적을  기재할  경우  평가에서  불이익을  받을  수 
있으니,  작성을  금지합니다.
      가.  공인어학성적
영어(TOEIC, 
TOEFL, 
TEPS),  중국어(HSK),  일본어(JPT, 
JLPT),  프랑스어(DELF,  DALF),  독일어(ZD, 
TESTDAF,  DSH,  DSD),  러시아어(TORFL),  스페인어(DELE),  상공회의소한자시험,  한자능력검정,  실용한자, 
한자급수자격검정,  YBM  상무한검,  한자급수인증시험,  한자자격검정  등
      나.  수학・과학・외국어  교과에  대한  교외  수상실적(예시)
      ⦁위에서  열거된  항목  외에도,  대회  명칭에  수학·과학(물리,  화학,  생물,  지구과학,  천문)·외국어(영어  등) 
교과명이  명시된  학교  외  각종  대회(경시대회,  올림피아드  등)  수상실적을  작성했을  경우  “0점”(불합격)  처리
      ⦁‘교외  수상실적’이란  학교  외  기관이  개최한  대회  수상실적을  의미하며,  학교장의  참가  허락을  받은  교외",,,,,,,,,,
84,,"수
학
과
학
외국어","한국수학올림피아드(KMO),  한국수학인증시험(KMC),  온라인  창의수학  경시대회,  도시대항  국제 
수학토너먼트,  국제수학올림피아드(IMO)  등
한국물리올림피아드(KPhO),  한국화학올림피아드(KChO),  한국생물올림피아드(KBO),  한국지구과학
올림피아드(KESO),  한국천문올림피아드(KAO),  한국뇌과학올림피아드(KBSO),  한국중등과학올림피아드
(KJSO),  국제물리올림피아드(IPhO),  국제화학올림피아드(IChO),  국제생물올림피아드(IBO),  국제지구
과학올림피아드(IESO),  국제천문올림피아드(IAO),  국제뇌과학올림피아드(IBB),  국제중등과학올림피아드
(IJSO)  등
전국  초중고  외국어(영어,  중국어,  일본어,  프랑스어,  독일어,  러시아어,  스페인어)  경시대회, 
IET  국제영어대회,  IEWC  국제영어글쓰기대회,  글로벌  리더십  영어  경연대회,  SIFEC  전국영어말하기대회, 
국제영어논술대회  등",,,,,,,,
84,,,,,,,,,,,
85,"수상실적이라도  작성  시  “0점”(불합격)  처리
6.  학교생활기록부  대체서식에는  고등학교  학교생활기록부에  기재할  수  없는  항목※과  「대입제도  공정성  강화방안」
(2019.11.28.)에  따른  학생부  주요항목  내  변경  사항※은  작성할  수  없고,  어학연수  등  사교육  유발요인이  큰 
교외  활동의  경우에도  작성이  제한됩니다.  이를  준수하지  않았을  경우  평가에서  불이익을  받을  수  있으니, 
작성을  금지합니다.
7.  지원자  성명,  출신고교,  부모(친인척  포함)의  실명을  포함한  사회적‧경제적  지위(직종명,  직업명,  직장명, 
직위명  등)를  암시하는  내용을  기재할  경우  평가에  불이익을  받을  수  있으니  작성을  금지합니다.",,,,,,,,,,
85,,"[※학교생활기록부  기재금지  항목]
  가.  각종  공인어학시험  참여사실과  그  성적  및  수상실적
  나.  교과ㆍ비교과  관련  교외대회  참여사실과  그  성적  및  수상실적
          (학교장의  참가  허락을  받아  참여한  각종  교외대회에서의  수상실적도  기재  불가)
  다.  교외  기관ㆍ단체(장)등에게  수상한  교외상(표창장,  감사장,  공로상  등도  기재  불가)
  라.  교내ㆍ외  인증시험  참여  사실이나  그  성적
  마.  모의고사ㆍ전국연합학력평가  성적(원점수,  석차,  석차등급,  백분위  등  성적관련  내용  일체)  및  관련 
교내  수상실적
  바.  논문을  학회지  등에  투고  또는  등재하거나  학회  등에서  발표한  사실
  사.  도서출간  사실
  아.  지식재산권(특허,  실용신안,  상표  디자인)  출원  또는  등록사실
  자.  어학연수,  봉사활동  등  해외  활동실적  및  관련  내용
  차.  부모(친인척  포함)의  사회ㆍ경제적  지위(직종명,  직업명,  직장명,  직위명  등)  암시  내용
  카.  장학생ㆍ장학금  관련  내용
  타.  구체적인  특정  대학명,  기관명(기구,  단체,  조직  등  포함),  상호명,  강사명  등
  파.  교내대회  참여사실과  그  성적  및  수상실적
  하.  자격증  명칭  및  취득사실
    *  위  내용은  「2024학년도  학교생활기록부  기재요령(고등학교)」을  발췌한  내용으로  이하  자세한  사항은 
교육부  「2024학년도  학교생활기록부  기재요령(고등학교)」  중  학교생활기록부  작성  시  유의사항  참조",,,,,,,,,
85,,,,,,,,,,,
85,,"[※「대입제도  공정성  강화방안」에  따른  학생부  주요항목  내  변경사항]
  가.  영재·발명교육  실적  대입  미반영
  나.  자율동아리  대입  미반영
  다.  청소년단체활동  미기재
  라.  개인봉사활동  실적  대입  미반영
  마.  독서활동  대입  미반영",,,,,,,,,
85,,,,,,,,,,,
85,"본인은  학교생활기록부  대체  서식  작성방법  및  유의사항을  숙지했으며, 
  해당사항  위반에  따른  조치에  대해서는  이의를  제기하지  않겠습니다. 
2025년        월        일
      지원자:                                            (서명  또는  인)
서울대학교  총장  귀하",,,,,,,,,,
86,활동  목록,,,,,,,,,,
86,연번,활동(서류)명,"활동기간
(  년  월  일  ~    년  월  일)",활동내용,활동(발행)기관,,,,,,
86,1,▢▢▢▢,20**년  **월  **일,,**고등학교,,,,,,
86,2,△△△△,,,,,,,,,
86,3,◯◯◯,,,,,,,,,
86,4,▷▷▷,,,,,,,,,
86,5,◇◇◇◇,,,,,,,,,
86,6,,,,,,,,,,
86,7,,,,,,,,,,
86,8,,,,,,,,,,
86,9,,,,,,,,,,
86,10,,,,,,,,,,
87,지역,아포스티유  협약  가입  국가/지역명,,,,,,,,,
87,"아시아,  대양주","뉴질랜드,  니우에,  마샬군도,  모리셔스,  몽골,  바누아투,  브루나이,  사모아,  싱가포르,  오스트레일리아
(호주),  인도,  인도네시아,  일본,  중국(마카오,  홍콩  포함),  쿡제도,  타지키스탄,  통가,  파키스탄,  팔라우, 
피지,  필리핀,  한국",,,,,,,,,
87,유럽,"그리스,  네덜란드,  노르웨이,  덴마크,  독일,  라트비아,  러시아,  루마니아,  룩셈부르크,  리투아니아, 
리히텐슈타인 ,  북마케도니아 ,  모나코 ,  몬테네그로 ,  몰도바,  몰타,  벨기에,  벨라루스 ,  보스니아 
헤르체고비나 ,  불가리아 ,  산마리노 ,  세르비아 ,  스웨덴 ,  스위스 ,  스페인 ,  슬로바키아 ,  슬로베니아 , 
아르메니아,  아이슬란드,  아일랜드,  아제르바이잔,  안도라,  알바니아,  에스토니아,  영국,  오스트리아, 
우즈베키스탄,  우크라이나,  이탈리아,  조지아,  체코,  카자흐스탄,  코소보,  크로아티아,  키르키즈스탄, 
키프로스,  튀르키예,  포르투갈,  폴란드,  프랑스,  핀란드,  헝가리",,,,,,,,,
87,북미,"미국(괌,  마우리제도,  사이판,  푸에르토리코  포함),  캐나다",,,,,,,,,
87,중남미,"가이아나,  과테말라,  그라나다,  니카라과,  도미니카공화국,  도미니카연방,  멕시코,  바베이도스,  바하마, 
베네수엘라,  벨리즈,  볼리비아,  브라질,  세인트루시아,  세인트빈센트,  세인트키츠네비스,  수리남, 
아르헨티나,  앤티가바부다,  에콰도르,  엘살바도르,  온두라스,  우루과이,  칠레,  코스타리카,  콜롬비아, 
트리니다드토바고,  파나마,  페루,  파라과이,  자메이카",,,,,,,,,
87,아프리카,"나미비아,  남아프리카공화국,  라이베리아,  레소토,  말라위,  보츠와나,  상투메프린시페,  세네갈,  세이셸, 
에스와티니,  카보베르데,  브룬디,  튀니지,  르완다",,,,,,,,,
87,중동,"모로코,  바레인,  사우디아라비아,  오만,  이스라엘",,,,,,,,,
88,농어촌  학생  지원자격  및  재학사실  확인서,,,,,,,,,,
88,지원자,,성                  명,,연   락   처,,,,,,
88,,,생   년   월   일,,,,,,,,
88,,,모   집   단   위,,대학                                  계열/학부/과                    전공,,,,,,
88,,,출   신   고   교,,(시/도)                    (시/군/구)                          고등학교  졸업(예정),,,,,,
88,"지원자격  확인 
(해당  항목에  표시하시오)",,,,,,,,,,
88,"①「지방자치법」제3조에  의한  읍·면(농어촌)  지역  또는「도서․벽지  교육진흥법」제2조에  따른  도서․벽지 
지역  소재  중·고등학교에서  전  교육과정을  이수하고  지원자와  부모  모두가  중학교  입학일부터  고등학교 
졸업일까지  읍·면(농어촌)  지역  또는  도서․벽지  지역에  거주한  자  □
②「지방자치법」제3조에  의한  읍·면(농어촌)  지역  또는「도서․벽지  교육진흥법」제2조에  따른  도서․벽지 
지역  소재  초·중·고등학교에서  전  교육과정을  이수하고  지원자  본인이  초등학교  입학일부터  고등학교 
졸업일까지  읍·면(농어촌)  지역  또는  도서․벽지  지역에  거주한  자  □",,,,,,,,,,
88,학교명,,,학교  주소,,재학  기간,"농어촌  학교
(○  /  ×  표기)",,,,
88,초 등 학 교,,,"도(시)            시/군              읍·면
도(시)            시/군              읍·면
도(시)            시/군              읍·면",,"~
  ~
  ~",,,,,
88,중 학 교,,,"도(시)            시/군              읍·면
도(시)            시/군              읍·면
도(시)            시/군              읍·면",,"~
  ~
  ~",,,,,
88,고 등 학 교,,,"도(시)            시/군              읍·면
도(시)            시/군              읍·면
도(시)            시/군              읍·면",,"~
  ~
  ~",,,,,
88,"상기  내용은  사실과  같으며,  위  학생을  귀  대학교의  기회균형특별전형(농어촌)  대상자로 
확인합니다.
        년          월          일
  지 원 자   성 명 :                                  (서명  또는  인)
                                                                                ○  ○  고등학교장    직인  
서울대학교  총장  귀하",,,,,,,,,,
89,"원서  접수번호  :
  접수일자  :            .          .            .",,,,,,,,,,
89,지원자,성명,연락처,,,,,,,,
89,,생년월일,,,,,,,,,
89,,모집단위,대학                              계열/학부/과                                전공,,,,,,,,
89,"장애  판정 
현황",장애  유형,,,,,,,,,
89,,장애  정도,,,,,,,,,
89,,내용,"□　영구  재판정  제외  대상  결정일  :              년              월              일
　　(영구  재판정  제외  결정일을  기입해주시기  바랍니다)",,,,,,,,
89,,비고,,,,,,,,,
89,담당자,소속기관,,소속부서,,,,,,,
89,,담당자,,전화번호,,,,,,,
89,"위  사항이  전산에  등록된  내용과  일치함을  확인합니다.
년          월          일
 
  지방자치단체(시·군·구청)장  또는  주민센터장  직인                      
           
서울대학교  총장  귀하",,,,,,,,,,
90,접수번호  :,,,접수일자  :  2025.        .          .,,,,,,,
90,지원자,성                명,,본인  연락처,,,,,,,
90,,,,추가전화번호,,,,,,,
90,,생   년  월   일,,,,,,,,,
90,,,모   집  단   위                                   대학(원)                            계열/학부/과                            전공,,,,,,,,
90,,,전   형  구   분   □  지역균형전형          □  일반전형          □  기회균형특별전형(농어촌),,,,,,,,
90,환불  요청  사유,,"□  기초생활수급(권)자 
  □  차상위계층  대상  가구 
  □  한부모가족  지원대상자         
  □  국가보훈대상자              □  자립지원  대상자",,,,,,,,
90,환불  계좌  정보,,,,,,,,,,
90,"금융기관명
계좌주명",,,,,,,,,,
90,계좌번호,,,,,,,,,,
90,"※  보호자  명의  계좌  정보  입력  시,  지원자와  보호자의  관계가  나와  있는  서류(가족관계증명서  등)  1부  제출",,,,,,,,,,
90,"위  환불  요청  사유에  해당되어  아래와  같이  서류를  첨부하여  환불  신청합니다.
                  2025년                  월                일
지원자  :                                      (서명  또는  인)
                                                                           
    서울대학교  총장  귀하",,,,,,,,,,
90,첨부서류,"자격별  증빙서류(지원서  접수  마감일  기준)
    ▢  기초생활수급(권)자  -  수급자  증명서(주민센터  발급)
                                                ※ 교육급여  수급자  증명서는  학교(교육청)에서  발급
    ▢  차상위  본인부담경감  대상  가구  -  차상위  본인부담경감대상자  증명서(국민건강보험공단  발급)
    ▢  차상위  자활급여,  장애수당,  장애인연금  부가급여,  차상위계층  확인서  발급  대상  가구
            -  자활근로자  확인서,  장애(아동)수당  대상자  확인서,  장애인연금  대상자  확인서,
                차상위계층  확인서(주민센터  발급)
    ▢  한부모가족  지원대상자  -  한부모가족  증명서(주민센터  발급)
    ▢  국가보훈대상자  –  대학입학특별전형대상자증명서(보훈(지)청  발급)
    ▢  자립지원  대상자  -  입소사실  확인서(아동복지시설  발급)  또는  가정위탁보호  확인서(주민센터  발급)  또는       
보호종료  확인서(주민센터  발급)",,,,,,,,,
90,"※  기초생활수급(권)자,  차상위계층  및  한부모가족  지원대상자,  국가보훈대상자,  자립지원  대상자(지원서  접수  마감일 
기준)가  원서접수  기간  내에  원서접수  사이트에서  환불  신청  및  증빙서류  업로드를  완료하면  추후  전형료를  환불함 
  ※  차상위계층  대상자가  지원자  본인이  아닐  경우,  지원자와의  관계를  증명할  수  있는  가족관계증명서  1부  제출",,,,,,,,,,
91,접수번호  :,,,접수일자  :  2025.        .          .,,,,,,,
91,지원자,성              명,,본인  연락처,,,,,,,
91,,,,추가전화번호,,,,,,,
91,,생   년   월  일,,,,,,,,,
91,,모   집   단  위,대학(원)                          계열/학부/과                            전공,,,,,,,,
91,,전   형   구  분,□  지역균형전형          □  일반전형          □  기회균형특별전형(농어촌),,,,,,,,
91,반환  요청  사유,,□  착오과납      □  대학  귀책사유      □  천재지변      □  지원자의  입원·사망,,,,,,,,
91,반환  계좌  정보,,,,,,,,,,
91,"금융기관명
계좌주명",,,,,,,,,,
91,계좌번호,,,,,,,,,,
91,"※  보호자  명의  계좌  정보  입력  시,  지원자와  보호자의  관계가  나와  있는  서류(가족관계증명서  등)  1부  제출",,,,,,,,,,
91,"위  반환  요청  사유에  해당되어  아래와  같이  서류를  첨부하여  반환  신청합니다.
     
                  2025년              월                일
지원자  :                                  (서명  또는  인)
    서울대학교  총장  귀하",,,,,,,,,,
91,첨부서류,"증빙서류  ▢  의료기관  입원확인서
                            ▢  기타  (                                          )",,,,,,,,,
91,"[입학전형료  반환  안내]
  「고등교육법」제34조의4제4항에  따른  입학전형료의  반환  사유  및  금액은  다음과  같습니다.
      1.  입학전형에  응시한  사람이  착오로  과납한  경우:  과납한  금액
      2.  대학의  귀책사유로  입학전형에  응시하지  못한  경우:  납부한  입학전형료  전액
      3.  천재지변으로  인하여  입학전형에  응시하지  못한  경우:  납부한  입학전형료  전액
      4.  질병  또는  사고  등으로  의료기관에  입원하거나  본인의  사망으로  입학전형에  응시하지  못한  경우(해당  사항을 
증명할  수  있는  경우만  해당한다):  납부한  입학전형료  전액
      5. 단계적으로 실시하는 입학전형에 응시하였으나 최종 단계 전에 불합격한 경우: 납부한 입학전형료 중 응시하지 못한 
단계의  입학전형에  드는  금액
  ※ 위의 반환사유에 해당되는 응시자는 반환신청서를 작성하여 증빙서류와 함께 본 전형의 합격자 발표일까지 제출하여 
주시기  바라며,  합격자  발표  이후  신청은  반환하지  않습니다.
  ※  원서접수(인터넷  접수  포함)시  유의사항  안내에  따른  지원자의  귀책사유에는  반환하지  않습니다.
  ※  반환  요청  사유를  심사하여  증빙서류가  합당하지  않을  경우  반환하지  않습니다.",,,,,,,,,,
92,대  학  명,배  정  대  상,배  정  원  칙,,,,,,,,
92,인문대학,"인문계열
:  입학  후  2학기  이상  등록하고 
    24학점  이상  취득한  학생
역사학부
:  입학  후  2학기  이상  등록하고
    24학점  이상  취득한  학생
*  전공예약  안내
  인문대학의  수시모집  일반전형  전  모집단위,  수시모집  지역균형전형  및  정시모집  일반전형  역사학부는 
전공예약으로  선발하며,  전공예약으로  입학한  자는  입학한  이후에  전과(부)가  불가함","1년  후  학생의  자유로운  선택을  최대한  존중하되,  경우에  따라  적성 
여부를  고려할  수  있음
1년  후  선발절차에  따라  소속  전공(한국사학전공,  동양사학전공, 
서양사학전공)을  선택할  수  있음",,,,,,,,
92,사회과학대학,"정치외교학부
  :  입학  후  2학기를  이수하고, 
      18학점  이상  취득한  학생","학생들은  3학기  진입  무렵  선발절차에  의해  자유롭게  자신의  소속  전공
(정치학전공,  외교학전공)을  결정할  수  있음",,,,,,,,
92,공과대학,"광역
  :  입학  후  1개  학기를  마친  학생
건축학과
  :  입학  후  4개  학기를  마친  학생","입학  후  1개  학기  경과  후  아래  학과(부)의  선택권을  보장함
  -  기계공학부,  전기· 정보공학부,  컴퓨터공학부,  화학생물공학부, 
산업공학과,  항공우주공학과
전공별(건축공학전공,  건축학전공)  학생선발은  학생의  희망에  따라  전공을 
배정하되,  각  전공별  배정인원은  전체  배정인원의  60%  이내로  함. 
배정기준은  건축학과  전공  배정  지침에  따름",,,,,,,,
92,"농업생명
과학대학",입학  후  27학점  이상을  이수한  모든  학생,"학부  내  전공별  학생  선발은  학생의  전공배정  신청에  의거  성적의 
평점평균  순으로  선발하되  학부  내  전공정원  비율에  따름",,,,,,,,
92,약학대학,"약학계열
  :  약학  기본과정(3년)을  이수한  학생","약학  기본과정(3년) 이수  후 4학년  진입  시에  학과지원  신청에  따라  우선 
배정. 단  학과지원  신청자가  학과정원을  초과할  경우  성적순으로  배정",,,,,,,,
92,첨단융합학부,"입학  후  3학기를  이수하고, 
42학점  이상  취득한  학생","4학기  진입  시  학생의  자유로운  선택에  따라  전공을  배정하되,  전공
적성을  고려함
  -  디지털헬스케어전공,  융합데이터과학전공,  지속가능기술전공, 
      차세대지능형반도체전공,  혁신신약전공
        (혁신신약전공의  경우  약사  국가시험  응시  자격이  부여되지  않음)",,,,,,,,
92,대  학  명,신  청  대  상,신  청  원  칙,,,,,,,,
92,학부대학,"광역
  :  입학  후  2개  학기를  이수한  학생","7개  단과대학  중  학과(부)·전공  선택  신청  및  승인
(인문대학,  사회과학대학,  자연과학대학,  경영대학,  공과대학, 
농업생명과학대학,  생활과학대학) 
※  전공  선택  후,  전공  소속  해당  학과(부)로  소속  변경",,,,,,,,
92,,"자유전공학부
  :  입학  후  2개  학기  이상을  이수  중인  학생","10개  단과대학  중  학과(부)·전공  선택  신청  및  승인
(인문대학,  사회과학대학,  자연과학대학,  경영대학,  공과대학, 
농업생명과학대학,  미술대학,  생활과학대학,  음악대학,  첨단융합학부) 
※  단,  자유전공학부  소속  유지",,,,,,,,
93,모집단위,,학과(부)ㆍ전공,,,,,,,,
93,인문대학,인문계열,"국어국문학과,  중어중문학과,  영어영문학과,  불어불문학과,  독어독문학과, 
노어노문학과,  서어서문학과,  언어학과,  아시아언어문명학부,  역사학부, 
고고미술사학과,  철학과,  종교학과,  미학과",,,,,,,,
93,,국어국문학과,단일학과(부)로  별도의  전공  배정  없음,,,,,,,,
93,,중어중문학과,,,,,,,,,
93,,영어영문학과,,,,,,,,,
93,,불어불문학과,,,,,,,,,
93,,독어독문학과,,,,,,,,,
93,,노어노문학과,,,,,,,,,
93,,서어서문학과,,,,,,,,,
93,,언어학과,,,,,,,,,
93,,아시아언어문명학부,,,,,,,,,
93,,역사학부*,"한국사학전공,  동양사학전공,  서양사학전공",,,,,,,,
93,,고고미술사학과,단일학과로  별도의  전공  배정  없음,,,,,,,,
93,,철학과,,,,,,,,,
93,,종교학과,,,,,,,,,
93,,미학과,,,,,,,,,
93,사회과학대학,정치외교학부,"정치학전공,  외교학전공",,,,,,,,
93,,경제학부,단일학과(부)로  별도의  전공  배정  없음,,,,,,,,
93,,사회학과,,,,,,,,,
93,,인류학과,,,,,,,,,
93,,심리학과,,,,,,,,,
93,,지리학과,,,,,,,,,
93,,사회복지학과,,,,,,,,,
93,,언론정보학과,,,,,,,,,
93,자연과학대학,수리과학부,단일학부로  별도의  전공  배정  없음,,,,,,,,
93,,통계학과,단일학과로  별도의  전공  배정  없음,,,,,,,,
93,,"물리학전공
물리·천문학부
천문학전공",입학  이후  별도의  전공  배정  없음,,,,,,,,
93,,,,,,,,,,,
93,,화학부,단일학부로  별도의  전공  배정  없음,,,,,,,,
93,,생명과학부,,,,,,,,,
93,,지구환경과학부,,,,,,,,,
93,간호대학,,단일학과(간호학과)로  별도의  전공  배정  없음,,,,,,,,
93,경영대학,,단일학과(경영학과)로  별도의  전공  배정  없음,,,,,,,,
93,공과대학,광역,"기계공학부,  전기·정보공학부,  컴퓨터공학부,  화학생물공학부, 
산업공학과,  항공우주공학과",,,,,,,,
93,,건설환경공학부,단일학부로  별도의  전공  배정  없음,,,,,,,,
93,,기계공학부,,,,,,,,,
93,,재료공학부,,,,,,,,,
93,,전기·정보공학부,,,,,,,,,
93,,컴퓨터공학부,,,,,,,,,
93,,화학생물공학부,,,,,,,,,
93,,건축학과,"건축학전공(5년제),  건축공학전공",,,,,,,,
93,,산업공학과,단일학과로  별도의  전공  배정  없음,,,,,,,,
93,,에너지자원공학과,,,,,,,,,
93,,원자핵공학과,,,,,,,,,
93,,조선해양공학과,,,,,,,,,
93,,항공우주공학과,,,,,,,,,
94,모집단위,,학과(부)ㆍ전공,,,,,,,,
94,"농업생명
과학대학",농경제사회학부,"농업․자원경제학전공,  지역정보학전공",,,,,,,,
94,,식물생산과학부,"작물생명과학전공,  원예생명공학전공,  산업인력개발학전공",,,,,,,,
94,,산림과학부,"산림환경학전공,  환경재료과학전공",,,,,,,,
94,,식품·동물생명공학부,"식품생명공학전공,  동물생명공학전공",,,,,,,,
94,,응용생물화학부,"응용생명화학전공,  응용생물학전공",,,,,,,,
94,,조경·지역시스템공학부,"조경학전공,  지역시스템공학전공",,,,,,,,
94,,바이오시스템·소재학부,"바이오시스템공학전공,  바이오소재공학전공",,,,,,,,
94,,스마트시스템과학과,단일학과로  별도의  전공  배정  없음,,,,,,,,
94,미술대학,동양화과,단일학과로  별도의  전공  배정  없음,,,,,,,,
94,,서양화과,,,,,,,,,
94,,조소과,,,,,,,,,
94,,공예과,,,,,,,,,
94,,디자인과,,,,,,,,,
94,사범대학,교육학과,단일학과로  별도의  전공  배정  없음,,,,,,,,
94,,국어교육과,,,,,,,,,
94,,영어교육과,,,,,,,,,
94,,독어교육과,,,,,,,,,
94,,불어교육과,,,,,,,,,
94,,사회교육과,,,,,,,,,
94,,역사교육과,,,,,,,,,
94,,지리교육과,,,,,,,,,
94,,윤리교육과,,,,,,,,,
94,,수학교육과,,,,,,,,,
94,,물리교육과,,,,,,,,,
94,,화학교육과,,,,,,,,,
94,,생물교육과,,,,,,,,,
94,,지구과학교육과,,,,,,,,,
94,,체육교육과,,,,,,,,,
94,생활과학대학,"소비자학전공
소비자아동학부
아동가족학전공",입학  이후  별도의  전공  배정  없음,,,,,,,,
94,,,,,,,,,,,
94,,식품영양학과,단일학과로  별도의  전공  배정  없음,,,,,,,,
94,,의류학과,,,,,,,,,
94,수의과대학,수의예과,단일학과로  별도의  전공  배정  없음,,,,,,,,
94,약학대학,약학계열,"약학과(6년제),  제약학과(6년제)",,,,,,,,
94,음악대학,성악과,단일학과로  별도의  전공  배정  없음,,,,,,,,
94,,작곡과,,,,,,,,,
94,,음악학과,,,,,,,,,
94,,피아노과,,,,,,,,,
94,,관현악과,,,,,,,,,
94,,국악과,,,,,,,,,
94,의과대학,의예과,단일학과로  별도의  전공  배정  없음,,,,,,,,
94,첨단융합학부,,"디지털헬스케어전공,  융합데이터과학전공,  지속가능기술전공, 
  차세대지능형반도체전공,  혁신신약전공",,,,,,,,
94,학부대학,광역,"인문대학,  사회과학대학,  자연과학대학,  경영대학,  공과대학, 
  농업생명과학대학,  생활과학대학의  학과(부)․전공",,,,,,,,
94,,자유전공학부,단일학부로  별도의  전공  배정  없음,,,,,,,,
94,치의학대학원,치의학과,"학사·전문석사  통합과정(학사과정  3년,  석사과정  4년)임
단일학과로  별도의  전공  배정  없음",,,,,,,,
95,구분,안내부서,전화번호,홈페이지,,,,,,,
95,입학전형,입학본부,"02)  880-5022 
(서류제출  확인,  지원자격  관련  문의  등)
02)  880-6974~6976",https://admission.snu.ac.kr,,,,,,,
95,대학전공,인문대학,"02)  880-6010,  6008",https://humanities.snu.ac.kr,,,,,,,
95,,사회과학대학,02)  880-6323,https://social.snu.ac.kr,,,,,,,
95,,자연과학대학,02)  880-6506,https://science.snu.ac.kr,,,,,,,
95,,간호대학,02)  740-8804,https://nursing.snu.ac.kr,,,,,,,
95,,경영대학,02)  880-6906,https://cba.snu.ac.kr,,,,,,,
95,,공과대학,02)  880-7009,https://eng.snu.ac.kr,,,,,,,
95,,농업생명과학대학,02)  880-4507,https://cals.snu.ac.kr,,,,,,,
95,,미술대학,"02)  880-7454
(미술대학  실기  관련  안내)",https://art.snu.ac.kr,,,,,,,
95,,사범대학,"02)  880-7607
02)  880-7806
(체육교육과  실기  관련  안내)",https://edu.snu.ac.kr,,,,,,,
95,,생활과학대학,02)  880-6804,https://che.snu.ac.kr,,,,,,,
95,,수의과대학,02)  880-1208,https://vet.snu.ac.kr,,,,,,,
95,,약학대학,02)  880-7825,https://snupharm.snu.ac.kr,,,,,,,
95,,음악대학,"02)  880-7980
(음악대학  실기  관련  안내)",https://music.snu.ac.kr,,,,,,,
95,,의과대학,02)  740-8139,https://medicine.snu.ac.kr,,,,,,,
95,,첨단융합학부,02)  880-8105,https://snuti.snu.ac.kr,,,,,,,
95,,학부대학,02)  880-9536,https://cls.snu.ac.kr,,,,,,,
95,,치의학대학원,02)  740-8790,https://dentistry.snu.ac.kr,,,,,,,
95,"장애학생
지원서비스",보건진료소,02)  880-5338,https://health4u.snu.ac.kr,,,,,,,
95,,"장애학생지원센터
(학생처  장학복지과)",02)  880-8787,https://snudanbi.snu.ac.kr,,,,,,,
95,등록금  수납,사무국  재무과,02)  880-5107,,,,,,,,
95,장학금,학생처  장학복지과,"02)  880-5078,  5079","https://www.snu.ac.kr/academics
/resources/scholarships/internal-
scholarship
(서울대학교  장학금,  학자금  홈페이지)",,,,,,,
95,,,,"https://www.kosaf.go.kr
(한국장학재단)",,,,,,,
95,학적관리,교무처  학사과,02)  880-5035,휴학  관련  내용은  각  단과대학에  문의,,,,,,,
95,수강신청,교무처  학사과,02)  880-5042,https://sugang.snu.ac.kr,,,,,,,
95,학생생활관  입주,관악학생생활관,02)  880-5404,https://snudorm.snu.ac.kr,,,,,,,
