6,"전  모집단위
(사범대학,
  음악대학  제외)","서류제출(해당자) 
1단계  합격자  발표
2단계  전형료  납부*
전  모집단위
(수의과대학,  의과대학, 
면접  및 
치의학대학원  치의학과  제외)
구술고사
수의과대학,  의과대학, 
치의학대학원  치의학과",,"2025.  9.  8.(월)  ~  9.  11.(목)  10:00  ~  18:00
2025.  11.  14.(금)  18:00  이후
2025.  11.  17.(월)  10:00  ~  11.  18.(화)  18:00
2025.  11.  21.(금)
2025.  11.  22.(토)",,,,,,,
6,사범대학,"서류제출(해당자)
1단계  합격자  발표
2단계  전형료  납부＊
예비소집
체육교육과
(단체종목) 
실기평가
교직적성ㆍ인성면접
면접  및  구술고사",,"2025.  9.  8.(월)  ~  9.  11.(목)  10:00  ~  18:00
2025.  11.  14.(금)  18:00  이후
2025.  11.  17.(월)  10:00  ~  11.  18.(화)  18:00
2025.  11.  20.(목)  08:30
2025.  11.  20.(목)  09:30
2025.  11.  21.(금)
2025.  11.  21.(금)",,,,,,,
7,"음악*
대학","피아노과, 
관현악과","1단계  실기평가*
1단계  합격자  발표
2단계  전형료  납부**
1단계  합격자  서류제출(해당자)
2단계  실기평가","2025.  9.  17.(수)  ~  9.  20.(토)
2025.  10.  10.(금)  18:00  이후
2025.  10.  13.(월)  10:00  ~  10.  14.(화)  18:00
2025.  10.  13.(월)  ~  10.  14.(화)  10:00  ~  18:00
2025.  11.  20.(목)  ~  11.  22.(토)",,,,,,,
7,,국악과,"서류제출(해당자)
1단계  실기평가*
1단계  합격자  발표
2단계  전형료  납부＊＊
2단계  실기평가
면접  및  구술고사","2025.  9.  8.(월)  ~  9.  11.(목)  10:00  ~  18:00
2025.  9.  17.(수)  ~  9.  20.(토)
2025.  10.  10.(금)  18:00  이후
2025.  10.  13.(월)  10:00  ~  10.  14.(화)  18:00
2025.  11.  20.(목)  ~  11.  22.(토)
2025.  11.  29.(토)",,,,,,,
9,인문대학*,"인문계열
국어국문학과
중어중문학과
영어영문학과
불어불문학과
독어독문학과
노어노문학과
서어서문학과
언어학과
아시아언어문명학부
역사학부
고고미술사학과
철학과
종교학과
미학과
소계","27
·
·
·
·
·
·
·
·
·
9
·
·
·
·
36","·
9
9
9
9
9
9
9
9
9
9
9
9
9
9
126","14
·
·
·
·
·
·
·
·
·
·
·
·
·
·
14","41
9
9
9
9
9
9
9
9
9
18
9
9
9
9
176",,,,,
9,사회과학대학,"정치외교학부
경제학부
사회학과
인류학과
심리학과
지리학과
사회복지학과
언론정보학과
소계","17
7
6
·
6
6
6
·
48","25
60
10
12
8
9
7
12
143","4
8
1
1
1
1
1
1
18","46
75
17
13
15
16
14
13
209",,,,,
9,자연과학대학,"수리과학부
통계학과
물리학전공
물리․천문학부
천문학전공
화학부
생명과학부
지구환경과학부
소계","7
6
8
·
7
7
5
40","16
13
20
6
20
27
19
121","2
2
2
·
2
3
2
13","25
21
30
6
29
37
26
174",,,,,
9,간호대학,,10,27,3,40,,,,,
9,경영대학,,26,47,7,80,,,,,
10,공과대학,"광역
건설환경도시공학부
기계공학부
재료공학부
전기·정보공학부
컴퓨터공학부
화학생물공학부
건축학과
산업공학과
에너지자원공학과
원자핵공학과
조선해양공학과
항공우주공학과
소계","·
8
16
15
11
9
12
8
4
5
9
6
4
107","·
26
54
37
80
36
41
25
17
15
15
22
18
386","·
2
6
5
8
4
4
2
2
1
2
1
2
39","·
36
76
57
99
49
57
35
23
21
26
29
24
532",,,,,
10,"농업생명
과학대학","농경제사회학부
식물생산과학부
산림과학부
식품·동물생명공학부 
응용생물화학부
조경·지역시스템공학부
바이오시스템·소재학부 
스마트시스템과학과
소계","11
6
5
7
9
5
7
4
54","15
25
19
16
15
14
13
10
127","2
3
2
2
2
2
2
1
16(4**)","28
34
26
25
26
21
22
15
197(4**)",,,,,
10,미술대학,"동양화과
서양화과
조소과
공예과
디자인과
소계","·
·
·
·
·
·","·
·
·
·
7
7","1
1
1
1
1
5","1
1
1
1
8
12",,,,,
11,사범대학,"교육학과
국어교육과
영어교육과 
독어교육과
불어교육과 
사회교육과
역사교육과 
지리교육과 
윤리교육과
수학교육과
물리교육과 
화학교육과 
생물교육과
지구과학교육과 
체육교육과***
소계","·
5
4
4
4
5
5
5
3
4
3
6
5
3
2
58","11
9
12
10
10
6
6
6
9
11
7
7
7
9
4
124","1
1
1
1
1
1
1
1
1
1
1
1
1
1
2
16","12
15
17
15
15
12
12
12
13
16
11
14
13
13
8
198",,,,,
11,생활과학대학,"소비자학전공
소비자아동학부
아동가족학전공
식품영양학과
의류학과
소계","6
5
4
9
24","8
10
12
12
42","1
1
2
1
5","15
16
18
22
71",,,,,
11,수의과대학,수의예과,6,17,2,25,,,,,
11,약학대학,약학계열,11,29,3,43,,,,,
11,음악대학***,"성악과
작곡과
음악학과
피아노과
관현악과
국악과
소계","·
·
·
·
·
·
·","·
·
·
23
47
28
98","1
1
·
2
1
·
5","1
1
·
25
48
28
103",,,,,
11,의과대학,의예과,39,50,7,96,,,,,
11,첨단융합학부,,30,98,20,148,,,,,
11,학부대학,"광역
자유전공학부
소계","·
20
20","·
48
48","·
6
6","·
74
74",,,,,
11,치의학대학원,치의학과,·,25,·,25,,,,,
11,합계,,509,"1,515",179(4**),"2,203(4**)",,,,,
12,"수시모집 
일반전형",개인,"육상(트랙,  필드),  체조,  수영(경영),  테니스,  리듬체조,  배드민턴,  탁구,  태권도, 
스키,  빙상,  골프,  유도,  사격,  양궁,  씨름",4명,,,,,,,
12,,단체,"농구,  배구,  럭비,  핸드볼,  축구,  야구,  필드하키",,,,,,,,
12,,무용,"한국무용,  현대무용,  발레",,,,,,,,
12,"수시모집 
일반전형",피아노과,피아노  23명,,,,,,,,
12,,관현악과,"바이올린  13명,  비올라  4명,  첼로  6명,  콘트라베이스  3명,  하프  1명,  클래식기타  1명, 
플루트  2명,  오보에  2명,  클라리넷  2명,  바순  2명,  혼  3명,  트럼펫  2명,  트롬본  2명, 
색소폰  1명,  튜바  1명,  타악기  2명",,,,,,,,
12,,국악과,"가야금  5명,  거문고  3명,  해금  4명,  피리  3명,  대금  3명,  아쟁  1명,  타악기  2명,  이론  3명, 
작곡  2명,  성악  2명",,,,,,,,
12,"수시모집
기회균형특별전형
(사회통합)",성악과,남자  1명,,,,,,,,
12,,작곡과,작곡  1명,,,,,,,,
12,,피아노과,피아노  2명,,,,,,,,
12,,관현악과,바이올린  1명,,,,,,,,
17,지 원 자,지원서  인터넷  접수,2025.  9.  8.(월)  10:00  ~  9.  10.(수)  18:00,"․  https://admission.snu.ac.kr
․  접수절차  및  전형료는  9쪽  참고
․  지원  시 재학 중인 고교의 추천  여부를  반드시  확인  후 
원서접수  요망",,,,,,,
17,,서류제출(해당자),"2025.  9.  8.(월)  ~  9.  11.(목)  10:00  ~  18:00
(서류제출  마감일자  우편  및  택배  소인까지  유효)","․  입학본부(우편,  택배,  방문)
  -  우편,  택배접수:  서울시  관악구  관악로  1 
서울대학교  입학본부  150동  401호,  우)08826
  -  방문접수:  서울대학교  입학본부  150동  1층
․  제출서류는  발송용  봉투  겉표지(원서접수  후  출력)를 
부착한  서류  봉투에  넣어  제출
․  17쪽  제출서류  안내  참고",,,,,,,
17,고 교,학교장  추천  확인,2025.  9.  15.(월)  09:00  ~  9.  19.(금)  18:00,"․  학교장추천전형  담당  교사(고등학교별로  1명  지정)는   
지원자가  원서접수한  대행사의  사이트에  로그인하여   
지원자의  추천을  완료하여야  함
․  추천자  명단  공문을  별도로  제출하지  않음",,,,,,,
17,1단계  합격자  발표,,2025.  11.  21.(금)  18:00  이후,․  https://admission.snu.ac.kr,,,,,,,
17,2단계  전형료  납부,,2025.  11.  24.(월)  10:00  ~  11.  25.(화)  18:00,"․  https://admission.snu.ac.kr
․ 1단계  합격자에  한하며,  미납  시  2단계  전형(면접)에 
응시할  수  없음
․  지원자가  원서를  접수한  사이트에서만  납부  가능",,,,,,,
17,면 접,"전  모집단위
(수의과대학, 
의과대학  제외)",2025.  11.  28.(금),"․  관련  안내사항은  1단계  합격자  발표일에  입학본부 
홈페이지(https://admission.snu.ac.kr)  및
  각  단과대학  홈페이지에서  확인
․ 사범대학 교직적성·인성면접은 면접에 포함하여 실시함",,,,,,,
17,,"수의과대학 
의과대학",2025.  11.  29.(토),,,,,,,,
17,합격자  발표,,2025.  12.  12.(금)  18:00  이후,"․  https://admission.snu.ac.kr 
․  합격  여부를  확인할  책임은  지원자  본인에게  있음
․  합격증은  합격자  발표  기간  내  본인이  직접  출력 
가능하며  별도  교부하지  않음",,,,,,,
20,,"인문대학
사회과학대학
간호대학
경영대학
농업생명과학대학
농경제사회학부
사범대학
국어교육과,  영어교육과,  독어교육과, 
불어교육과,  사회교육과,  역사교육과, 
지리교육과,  윤리교육과
생활과학대학
소비자아동학부,  식품영양학과,  의류학과","국어,  수학,  영어, 
한국사,  탐구, 
제2외국어/한문","[수학  선택] 
ㆍ확률과  통계
ㆍ미적분
  중  택1
ㆍ기하
[탐구  선택] 
ㆍ사회탐구
  구분  없이  택2
ㆍ과학탐구",,,,,,,
20,  1,"자연과학대학
물리·천문학부  물리학전공,  화학부
공과대학
기계공학부,  전기·정보공학부,
에너지자원공학과,  항공우주공학과
농업생명과학대학
식물생산과학부,  식품·동물생명공학부, 
조경·지역시스템공학부,  바이오시스템·소재학부
사범대학
물리교육과,  화학교육과,  생물교육과
의과대학","국어,  수학,  영어, 
한국사,  탐구
<과학탐구영역  응시  기준>
ㆍⅠ+Ⅰ,  Ⅰ+Ⅱ,  Ⅱ+Ⅱ
3개  조합  중  선택
ㆍ단,  ‘물리학Ⅰ,  물리학Ⅱ, 
화학Ⅰ,  화학Ⅱ’  중 
1개  과목  이상 
반드시  응시해야  함","[수학  선택] 
ㆍ미적분
  중  택1
ㆍ기하
[탐구  선택] 
ㆍ과학탐구  8과목  중  택2
ㆍ단,  Ⅰ+Ⅱ  조합으로 
ㆍ응시할  경우  서로  다른 
ㆍ분야의  과목을  응시해야  함",,,,,,,
20,  2,"자연과학대학
수리과학부,  통계학과, 
생명과학부,  지구환경과학부
간호대학
공과대학
건설환경도시공학부,  재료공학부, 
컴퓨터공학부,  화학생물공학부,  건축학과, 
산업공학과,  원자핵공학과,  조선해양공학과
농업생명과학대학
산림과학부,  응용생물화학부, 
스마트시스템과학과
사범대학
수학교육과,  지구과학교육과
생활과학대학
식품영양학과,  의류학과
수의과대학
약학대학
첨단융합학부","국어,  수학,  영어, 
한국사,  탐구
<과학탐구영역  응시  기준>
ㆍⅠ+Ⅰ,  Ⅰ+Ⅱ,  Ⅱ+Ⅱ
3개  조합  중  선택",,,,,,,,
20,,"사범대학  체육교육과
학부대학  자유전공학부","국어,  수학,  영어, 
한국사,  탐구","[수학  선택] 
ㆍ확률과  통계
ㆍ미적분
  중  택1
ㆍ기하
[탐구  선택] 
ㆍ사회탐구
  구분  없이  택2
ㆍ과학탐구",,,,,,,
21,"서류구분
지원자  유형",①,②,③,,,,,,,
21,,"학생부
(온라인  제출)","학생부 
(서면  제출)","실기능력  증빙서류
(서면  제출)",,,,,,,
21,학생부  온라인  제공  동의자,○,×,△,,,,,,,
21,학생부  온라인  제공이  불가능한  자,×,○,△,,,,,,,
23,1단계  합격자  발표,,,2025.  11.  14.(금)  18:00  이후,․  https://admission.snu.ac.kr,,,,,,
23,2단계  전형료  납부,,,2025.  11.  17.(월)  10:00  ~  11.  18.(화)  18:00,"․  https://admission.snu.ac.kr
․  1단계  합격자에  한하며,  미납  시  2단계  전형(면접 
및  구술고사  또는  실기평가)에  응시할  수  없음
․  지원자가  원서를  접수한  사이트에서만  납부  가능",,,,,,
23,"사범대학 
체육교육과 
(단체종목)",,예비소집,2025.  11.  20.(목)  08:30,"․  관련  안내사항은  예비소집  일주일  전에  사범대학 
홈페이지(https://edu.snu.ac.kr)에서  확인",,,,,,
23,,,실기평가,2025.  11.  20.(목)  09:30,,,,,,,
23,"사범대학 
교직적성·인성면접",,,2025.  11.  21.(금),"․  사범대학  교직적성·인성면접은  면접  및  구술고사와 
병행하여  실시함",,,,,,
23,"면 접
구 술 고 사
 
및","전  모집단위
(수의과대학, 
의과대학, 
치의학대학원 
치의학과  제외)",,2025.  11.  21.(금),"․  관련  안내사항은  1단계  합격자  발표일에  입학본부 
홈페이지(https://admission.snu.ac.kr)  및
  각  단과대학  홈페이지에서  확인",,,,,,
23,,"수의과대학, 
의과대학,
치의학대학원 
치의학과",,2025.  11.  22.(토),,,,,,,
23,합격자  발표,,,2025.  12.  12.(금)  18:00  이후,"․  https://admission.snu.ac.kr 
․  합격  여부를  확인할  책임은  지원자  본인에게  있음
․  합격증은  합격자  발표  기간  내  본인이  직접  출력 
가능하며  별도  교부하지  않음",,,,,,
24,"전  모집단위
(미술대학,  사범대학  제외)","100
(2배수)",100,100,-,,,,,,
24,미술대학  디자인과,,-,100,-,,,,,,
24,사범대학*,,100,60,40,,,,,,
25,인문대학,,"ㆍ인문학,  사회과학  관련  제시문을  활용하여  전공적성  및  학업능력  평가 
    (영어  또는  한자  활용  가능)","30분 
내외","15분
내외",,,,,,
25,"사회
과학
대학","전  모집단위
(경제학부  제외)",,,,,,,,,
25,,경제학부,"ㆍ사회과학,  수학(인문)  관련  제시문을  활용하여  전공적성  및  학업능력  평가 
(영어  또는  한자  활용  가능)",,,,,,,,
25,"자연
과학
대학",수리과학부,ㆍ수학(자연)  관련  제시문을  활용하여  전공적성  및  학업능력  평가,"45분 
내외",,,,,,,
25,,통계학과,,,,,,,,,
25,,"물리학전공
물리·천문
학부
천문학전공",ㆍ물리학  관련  제시문을  활용하여  전공적성  및  학업능력  평가,,,,,,,,
25,,,,,,,,,,,
25,,화학부,ㆍ화학  관련  제시문을  활용하여  전공적성  및  학업능력  평가,,,,,,,,
25,,생명과학부,ㆍ생명과학  관련  제시문을  활용하여  전공적성  및  학업능력  평가,,,,,,,,
25,,지구환경과학부,"①  물리학  관련  제시문을  활용하여  전공적성  및  학업능력  평가
유형
①~③ 
  ②  화학  관련  제시문을  활용하여  전공적성  및  학업능력  평가
  중  택  1
  ③  지구과학  관련  제시문을  활용하여  전공적성  및  학업능력  평가",,,,,,,,
25,,,,,,,,,,,
25,,,,,,,,,,,
25,경영대학,,"ㆍ사회과학,  수학(인문)  관련  제시문을  활용하여  전공적성  및  학업능력  평가 
(영어  또는  한자  활용  가능)","30분 
내외",,,,,,,
25,공과대학,,ㆍ수학(자연)  관련  제시문을  활용하여  전공적성  및  학업능력  평가,"45분 
내외",,,,,,,
26,"농업
생명
과학",농경제사회학부,,"ㆍ사회과학,  수학(인문)  관련  제시문을  활용하여  전공적성  및  학업능력  평가
    (영어  또는  한자  활용  가능)",,"30분 
내외","15분
내외",,,,
26,,식물생산과학부,,ㆍ생명과학  관련  제시문을  활용하여  전공적성  및  학업능력  평가,,"45분 
내외",,,,,
26,,산림과학부,,ㆍ수학(자연)  관련  제시문을  활용하여  전공적성  및  학업능력  평가,,,,,,,
26,,"식품․동물생명공학부 ㆍ화학,  생명과학  관련  제시문을  활용하여  전공적성  및  학업능력  평가",,,,,,,,,
26,,응용생물화학부,,"유형
  ①  화학  관련  제시문을  활용하여  전공적성  및  학업능력  평가
①~②
  ②  생명과학  관련  제시문을  활용하여  전공적성  및  학업능력  평가
  중  택  1",,,,,,,
26,,,,,,,,,,,
26,,조경․지역시스템공학부,,ㆍ수학(자연)  관련  제시문을  활용하여  전공적성  및  학업능력  평가,,,,,,,
26,,바이오시스템․소재학부,,,,,,,,,
26,,스마트시스템과학과,,"유형
  ①  수학(자연)  관련  제시문을  활용하여  전공적성  및  학업능력  평가
①~②
  ②  생명과학  관련  제시문을  활용하여  전공적성  및  학업능력  평가 
  중 택 1",,,,,,,
26,,,,,,,,,,,
26,"사범
대학",교육학과,,"ㆍ인문학,  사회과학  관련  제시문을  활용하여  전공적성  및  학업능력  평가
    (영어  또는  한자  활용  가능)",,"30분
내외",,,,,
26,,국어교육과,,,,,,,,,
26,,영어교육과,,,,,,,,,
26,,독어교육과,,,,,,,,,
26,,불어교육과,,,,,,,,,
26,,사회교육과,,,,,,,,,
26,,역사교육과,,,,,,,,,
26,,지리교육과,,,,,,,,,
26,,윤리교육과,,,,,,,,,
26,,체육교육과,,,,,,,,,
26,,수학교육과,,ㆍ수학(자연)  관련  제시문을  활용하여  전공적성  및  학업능력  평가,,"45분
내외",,,,,
26,,물리교육과,,ㆍ물리학  관련  제시문을  활용하여  전공적성  및  학업능력  평가,,,,,,,
26,,화학교육과,,ㆍ화학  관련  제시문을  활용하여  전공적성  및  학업능력  평가,,,,,,,
26,,생물교육과,,ㆍ생명과학  관련  제시문을  활용하여  전공적성  및  학업능력  평가,,,,,,,
26,,지구과학교육과,,ㆍ지구과학  관련  제시문을  활용하여  전공적성  및  학업능력  평가,,,,,,,
26,"생활
과학
대학","소비자
아동학부","소비자학
전공","ㆍ사회과학,  수학(인문)  관련  제시문을  활용하여  전공적성  및  학업능력  평가
    (영어  또는  한자  활용  가능)",,"30분
내외",,,,,
26,,,"아동가족학
전공","ㆍ인문학,  사회과학  관련  제시문을  활용하여  전공적성  및  학업능력  평가
    (영어  또는  한자  활용  가능)",,,,,,,
26,,식품영양학과,,"①  화학,  생명과학  관련  제시문을  활용하여  전공적성  및  학업능력  평가
유형
①~②
  ②  사회과학,  수학(인문)  관련  제시문을  활용하여  전공적성  및 
  중  택  1
학업능력  평가  (영어  또는  한자  활용  가능)",,"45분
내외",,,,,
26,,의류학과,,,,"30분
내외",,,,,
26,"약학
대학",약학계열,,ㆍ수학(자연)  관련  제시문을  활용하여  전공적성  및  학업능력  평가,,"45분
내외",,,,,
26,첨단융합학부,,,ㆍ수학(자연)  관련  제시문을  활용하여  전공적성  및  학업능력  평가,,"45분
내외",,,,,
26,"학부
대학",자유전공학부,,"유형
①~③
  중  택  1","①  인문학,  수학(인문)  관련  제시문을  활용하여  전공적성  및 
학업능력  평가(영어  또는  한자  활용  가능)","30분
내외",,,,,
26,,,,,"②  사회과학,  수학(인문)  관련  제시문을  활용하여  전공적성  및 
학업능력  평가(영어  또는  한자  활용  가능)",,,,,,
26,,,,,"③  수학(인문),  수학(자연)  관련  제시문을  활용하여  전공적성  및 
학업능력  평가",,,,,,
27,수학(인문),"수학,  수학Ⅰ,  수학Ⅱ,  확률과  통계",,,,,,,,,
27,수학(자연),"수학,  수학Ⅰ,  수학Ⅱ,  확률과  통계,  미적분,  기하",,,,,,,,,
27,물리학,"통합과학,  과학탐구실험,  물리학Ⅰ,  물리학Ⅱ",,,,,,,,,
27,화학,"통합과학,  과학탐구실험,  화학Ⅰ,  화학Ⅱ",,,,,,,,,
27,생명과학,"통합과학,  과학탐구실험,  생명과학Ⅰ,  생명과학Ⅱ",,,,,,,,,
27,지구과학,"통합과학,  과학탐구실험,  지구과학Ⅰ,  지구과학Ⅱ",,,,,,,,,
29,"서류구분
    지원자  유형","지원자
고교
①
②
④
③",,,,,,,,,
29,,"학생부
학생부 
실기능력  증빙서류
조기졸업예정자  명단(공문)
(온라인  제출)
(서면  제출)
(서면  제출)
(온라인  제출)",,,,,,,,,
29,"서류구분
    지원자  유형","지원자
고교
①
②
④
③",,,,,,,,,
29,,"학생부
학생부 
실기능력  증빙서류
조기졸업예정자  명단(공문)
(온라인  제출)
(서면  제출)
(서면  제출)
(온라인  제출)",,,,,,,,,
29,"학생부  온라인  제공  동의자
  2021학년도  졸업자(’22.2.졸업)  ~
  2025학년도  (조기)졸업예정자(’26.2.졸업)","○
×
△
△",,,,,,,,,
29,학생부  온라인  제공이  불가능한  자,"×
○
△
△",,,,,,,,,
30,"서류구분
    지원자  유형",①,②,③,,,,,,,
30,,"검정고시  합격증
(온라인  또는  서면  제출)","학생부  대체  서식
(온라인/서면  모두  제출)","실기능력  증빙서류
(서면  제출)",,,,,,,
30,"○
고등학교  졸업학력  검정고시  출신자",,△,△,,,,,,,
31,"서류구분
    지원자  유형",①,②,③,④,⑤,,,,,
31,,"졸업(예정)증명서
(서면  제출)","학생부  대체  서식
(온라인/서면 
모두  제출)","실기능력  증빙서류
(서면  제출)","학력조회동의서
(온라인  제출)","국내
학력인정  확인서
(서면  제출)",,,,,
31,"외국  소재  고등학교 
졸업(예정)자",○,△,△,○,×,,,,,
31,"국내  학력인정 
외국교육기관  졸업(예정)자",○,△,△,×,○,,,,,
33,지원서  인터넷  접수,2025.  9.  8.(월)  10:00  ~  9.  10.(수)  18:00,"․  https://admission.snu.ac.kr
․  접수절차  및  전형료는  9쪽  참고",,,,,,,,
33,1단계  실기평가,2025.  9.  17.(수)  ~  9.  20.(토),"․  실기곡목  및  1단계  실기평가  관련  안내사항은 
2025.  7.  25.(금)  18시  이후  음악대학  홈페이지
(https://music.snu.ac.kr)  「공지사항-입학」에서 
반드시  확인해야  함",,,,,,,,
33,1단계  합격자  발표,2025.  10.  10.(금)  18:00  이후,․  https://admission.snu.ac.kr,,,,,,,,
33,2단계  전형료  납부,2025.  10.  13.(월)  10:00  ~  10.  14.(화)  18:00,"․  https://admission.snu.ac.kr
․ 1단계  합격자에  한하며,  미납  시  2단계  전형(실기
평가)에  응시할  수  없음
․  지원자가  원서를  접수한  사이트에서만  납부  가능",,,,,,,,
33,"1단계  합격자 
서류제출(해당자)","2025.  10.  13(월)  ~  10.  14.(화)  10:00  ~  18:00
(서류제출  마감일자  우편  및  택배  소인까지  유효)","․  입학본부(우편,  택배,  방문)
  -  우편,  택배접수:  서울시  관악구  관악로  1 
서울대학교  입학본부  150동  401호,  우)08826
  -  방문접수:  서울대학교  입학본부  150동  1층
․ 제출서류는  발송용  봉투  겉표지(원서접수  후  출력)를 
부착한  서류  봉투에  넣어  제출
․  33~35쪽  제출서류  안내  참고",,,,,,,,
33,2단계  실기평가,2025.  11.  20.(목)  ~  11.  22.(토),"․  관련  안내사항은  11월  중순  음악대학  홈페이지 
(https://music.snu.ac.kr)  「공지사항-입학」에서 
반드시  확인",,,,,,,,
33,합격자  발표,2025.  12.  12.(금)  18:00  이후,"․  https://admission.snu.ac.kr 
․  합격  여부를  확인할  책임은  지원자  본인에게  있음
․  합격증은  합격자  발표  기간  내  본인이  직접  출력 
가능하며  별도  교부하지  않음",,,,,,,,
34,지원서  인터넷  접수,2025.  9.  8.(월)  10:00  ~  9.  10.(수)  18:00,"․  https://admission.snu.ac.kr
․  접수절차  및  전형료는  9쪽  참고",,,,,,,,
34,서류제출(해당자),"2025.  9.  8.(월)  ~  9.  11.(목)  10:00  ~  18:00
(서류제출  마감일자  우편  및  택배  소인까지  유효)","․  입학본부(우편,  택배,  방문)
  -  우편,  택배접수:  서울시  관악구  관악로  1 
서울대학교  입학본부  150동  401호,  우)08826
  -  방문접수:  서울대학교  입학본부  150동  1층
․ 제출서류는  발송용  봉투 겉표지(원서접수  후  출력)를 
부착한  서류  봉투에  넣어  제출
․  33~35쪽  제출서류  안내  참고",,,,,,,,
34,1단계  실기평가,2025.  9.  17.(수)  ~  9.  20.(토),"․  실기곡목  및  1단계  실기평가  관련  안내사항은 
2025.  7.  25.(금)  18시  이후  음악대학  홈페이지
(https://music.snu.ac.kr)  「공지사항-입학」에서 
반드시  확인해야  함",,,,,,,,
34,1단계  합격자  발표,2025.  10.  10.(금)  18:00  이후,․  https://admission.snu.ac.kr,,,,,,,,
34,2단계  전형료  납부,2025.  10.  13.(월)  10:00  ~  10.  14.(화)  18:00,"․  https://admission.snu.ac.kr
․ 1단계 합격자에  한하며,  미납  시  2단계  전형(면접  및 
구술고사  또는  실기평가)에  응시할  수  없음
․  지원자가  원서를  접수한  사이트에서만  납부  가능",,,,,,,,
34,2단계  실기평가,2025.  11.  20.(목)  ~  11.  22.(토),"․  관련  안내사항은  11월  중순  음악대학  홈페이지 
(https://music.snu.ac.kr)  「공지사항-입학」에서 
반드시  확인",,,,,,,,
34,면접  및  구술고사,2025.  11.  29.(토),"․  관련  안내사항은  면접  및  구술고사  일주일  전에 
음악대학  홈페이지  (https://music.snu.ac.kr) 
「공지사항-입학」에서  확인",,,,,,,,
34,합격자  발표,2025.  12.  12.(금)  18:00  이후,"․  https://admission.snu.ac.kr 
․  합격  여부를  확인할  책임은  지원자  본인에게  있음
․  합격증은  합격자  발표  기간  내  본인이  직접  출력 
가능하며  별도  교부하지  않음",,,,,,,,
36,피아노과,ㆍ지정된  곡목을  암보하여  기재된  순서대로  반복  없이  연주,,,,"지정된  곡목을  해석하고  연주하는 
능력과  표현력,  발전가능성  등을 
심층적으로  평가함",,,,,
36,관현악과,"ㆍ지정된  곡목을  암보하여  기재된  순서대로  연주
    -  특정  악기의  일부  곡은  피아노  반주자  동반
    -  특정  악기의  일부  곡은  악보  보며  연주  가능",,,,,,,,,
36,국악과,"ㆍ초견을  제외한  지정된  곡목을  암보하여  연주
  ※  특정  전공의  경우  필답고사  실시",,,,,,,,,
36,,,구분,내용,,,,,,,
36,,,기악,"초견연주,  정악(지정곡),  산조(지정곡)",,,,,,,
36,,,타악,"정악(지정곡  중  당일  제시),  산조․판소리  소리북(당일  제시), 
자유곡(설장고,  꽹과리),  초견연주(장고)",,,,,,,
36,,,성악,"-  정가:  초견시창,  가사(지정곡),  가곡(지정곡)
-  판소리:  초견시창,  단가(지정곡),  자유곡",,,,,,,
36,,,작곡,"초견시창,  국악기실기(자유곡),  화성학,  작곡실기,  피아노초견",,,,,,,
36,,,이론,"초견시창,  국악이론  및  국악사(필답고사),  국악기실기(자유곡)",,,,,,,
36,,,,,,,,,,,
37,"서류구분
      지원자  유형","지원자
고교
①
②
③",,,,,,,,,
37,,"학생부
학생부 
조기졸업예정자  명단(공문)
(온라인  제출)
(서면  제출)
(온라인제출)",,,,,,,,,
37,"서류구분
      지원자  유형","지원자
고교
①
②
③",,,,,,,,,
37,,"학생부
학생부 
조기졸업예정자  명단(공문)
(온라인  제출)
(서면  제출)
(온라인제출)",,,,,,,,,
37,"학생부  온라인  제공  동의자
  2021학년도  졸업자(’22.2.졸업)  ~
  2025학년도  (조기)졸업예정자(’26.2.졸업)","○
×
△",,,,,,,,,
37,학생부  온라인  제공이  불가능한  자,"×
○
△",,,,,,,,,
38,"서류구분
    지원자  유형",①,②,,,,,,,,
38,,"검정고시  합격증
(온라인  또는  서면  제출)","학생부  대체  서식
(온라인/서면  모두  제출)",,,,,,,,
38,"○
고등학교  졸업학력  검정고시  출신자",,△,,,,,,,,
39,"서류구분
    지원자  유형",①,②,③,④,,,,,,
39,,"졸업(예정)증명서
(서면  제출)","학생부  대체  서식
(온라인/서면  모두  제출)","학력조회동의서
(온라인  제출)","국내  학력인정  확인서
(서면  제출)",,,,,,
39,"외국  소재  고등학교 
졸업(예정)자",○,△,○,×,,,,,,
39,"국내  학력인정 
외국교육기관  졸업(예정)자",○,△,×,○,,,,,,
41,지원서  인터넷  접수,2025.  9.  8.(월)  10:00  ~  9.  10.(수)  18:00,"․  https://admission.snu.ac.kr
․  접수절차  및  전형료는  9쪽  참고",,,,,,,,
41,서류제출,"2025.  9.  8.(월)  ~  9.  11.(목)  10:00  ~  18:00
(서류제출  마감일자  우편  및  택배  소인까지  유효)","․  입학본부(우편,  택배,  방문)
  -  우편,  택배접수:  서울시  관악구  관악로  1 
서울대학교  입학본부  150동  401호,  우)08826
  -  방문접수:  서울대학교  입학본부  150동  1층
․  제출서류는  발송용  봉투  겉표지(원서접수  후  출력)를 
부착한  서류  봉투에  넣어  제출
․  42~48쪽  제출서류  안내  참고",,,,,,,,
41,1단계  합격자  발표,,2025.  11.  14.(금)  18:00  이후,․  https://admission.snu.ac.kr,,,,,,,
41,2단계  전형료  납부,,2025.  11.  17.(월)  10:00  ~  11.  18.(화)  18:00,"․  https://admission.snu.ac.kr
․ 1단계 합격자에 한하며, 미납 시 2단계 전형(면접 또는 
실기평가)에  응시할  수  없음
․  지원자가  원서를  접수한  사이트에서만  납부  가능",,,,,,,
41,"실기
평가","미술대학 
(동양화과, 
서양화과, 
조소과,  공예과)
음악대학",2025.  11.  20.(목)  ~  11.  22.(토),"․  미술대학  실기평가  및  포트폴리오  제출  관련  안내
사항은  2025.  6.  13.(금)  18시  이후  미술대학 
홈페이지 (https://art.snu.ac.kr) 「공지사항」에서 반드시 
확인해야  함
․ 음악대학  실기곡목  및  실기평가(포트폴리오 제출 포함) 
관련  안내사항은  모집단위별로  2025.  7.  25.(금) 
18시 이후 음악대학 홈페이지 (https://music.snu.ac.kr) 
「공지사항-입학」에서 반드시 확인해야  함(작곡과  실기
곡목은  2025.  3.  28.(금)  18시  이후  음악대학  홈페
이지에  발표함)",,,,,,,
41,면접,"전  모집단위
(수의과대학, 
음악대학,
의과대학  제외)",2025.  11.  28.(금),"․  관련  안내사항은  1단계  합격자  발표일에  입학본부 
홈페이지(https://admission.snu.ac.kr)  및  각  단과
대학  홈페이지에서  확인
․ 사범대학 교직적성·인성면접은 면접에 포함하여 실시함",,,,,,,
41,,"수의과대학
음악대학
의과대학",2025.  11.  29.(토),,,,,,,,
41,합격자  발표,,2025.  12.  12.(금)  18:00  이후,"․  https://admission.snu.ac.kr 
․  합격  여부를  확인할  책임은  지원자  본인에게  있음
․  합격증은  합격자  발표  기간  내  본인이  직접  출력 
가능하며  별도  교부하지  않음",,,,,,,
45,동양화과,"주어진  주제를  수묵,  채색  등  전공  관련  기법으로  표현","주어진  과제를  해결하는  역량과 
창의적  발상,  논리적  사고력, 
관찰력,  표현력,  발전가능성  등을 
심층적으로  평가함",4시간,,,,,,,
45,서양화과,주어진  주제를  제시된  재료로  표현,,,,,,,,,
45,조소과,,,,,,,,,,
45,공예과,,,,,,,,,,
45,성악과,"ㆍ지정된  곡목(이탈리아어와  독일어로  구성된  아리아  및  가곡)  중  고사 
당일  본인이  추첨한  곡을  암보하여  연주
    -  모든  지원자는  피아노  반주자  동반","지정된  곡목(또는  자유곡)을 
해석하고  연주하는  능력과 
표현력,  발전가능성  등을 
심층적으로  평가함",,,,,,,,
45,작곡과,"ㆍ작품  포트폴리오,  자유곡  연주  및  구술고사(청음,  건반화성)",,,,,,,,,
45,피아노과,ㆍ지정된  곡목을  암보하여  기재된  순서대로  반복  없이  연주,,,,,,,,,
45,관현악과,"ㆍ지정된  곡목을  암보하여  기재된  순서대로  연주
    -  일부  곡은  피아노  반주자  동반",,,,,,,,,
46,"서류구분
    지원자  유형","지원자
고교
①
②
④
③",,,,,,,,,
46,,"학생부
학생부 
실기능력  증빙서류
조기졸업예정자  명단(공문)
(온라인  제출)
(서면  제출)
(서면  제출)
(온라인  제출)",,,,,,,,,
46,"서류구분
    지원자  유형","지원자
고교
①
②
④
③",,,,,,,,,
46,,"학생부
학생부 
실기능력  증빙서류
조기졸업예정자  명단(공문)
(온라인  제출)
(서면  제출)
(서면  제출)
(온라인  제출)",,,,,,,,,
46,"학생부  온라인  제공  동의자
2021학년도  졸업자(’22.2.졸업)  ~
2025학년도  (조기)졸업예정자(’26.2.졸업)","○
×
△
△",,,,,,,,,
46,학생부  온라인  제공이  불가능한  자,"×
○
△
△",,,,,,,,,
47,"서류구분
    지원자  유형",①,②,③,,,,,,,
47,,"검정고시  합격증
(온라인  또는  서면  제출)","학생부  대체  서식
(온라인/서면  모두  제출)","실기능력  증빙서류
(서면  제출)",,,,,,,
47,"○
고등학교  졸업학력  검정고시  출신자",,△,△,,,,,,,
48,"서류구분
    지원자  유형",①,②,③,④,⑤,,,,,
48,,"졸업(예정)증명서
(서면  제출)","학생부  대체  서식
(온라인/서면 
모두  제출)","실기능력  증빙서류
(서면  제출)","학력조회동의서
(온라인  제출)","국내
학력인정  확인서
(서면  제출)",,,,,
48,"외국  소재  고등학교 
졸업(예정)자",○,△,△,○,×,,,,,
48,"국내  학력인정 
외국교육기관  졸업(예정)자",○,△,△,×,○,,,,,
50,다.,기초생활수급(권)자,"①  -
②  -
③  수급자  증명서(지원자)",,,,,,,,
50,라.,차상위  자활급여,"①  가족관계증명서(부  또는  모  기준)
②  주민등록등본
③  자활근로자  확인서",,,,,,,,
50,,차상위  장애수당,"①  가족관계증명서(부  또는  모  기준)
②  주민등록등본
③  장애(아동)수당  대상자  확인서",,,,,,,,
50,,차상위  장애인연금  부가급여,"①  가족관계증명서(부  또는  모  기준)
②  주민등록등본
③  장애인연금  대상자  확인서",,,,,,,,
50,,차상위  본인부담경감,"①  가족관계증명서(부  또는  모  기준)
②  주민등록등본
③  차상위  본인부담경감대상자  증명서",,,,,,,,
50,,차상위계층  확인서  발급  대상자,"①  가족관계증명서(부  또는  모  기준)
②  주민등록등본
③  차상위계층  확인서",,,,,,,,
50,마.,한부모가족지원,"①  -
②  -
③  한부모가족  증명서(지원자)",,,,,,,,
54,,"인문대학
사회과학대학
간호대학
경영대학
농업생명과학대학
농경제사회학부
사범대학
교육학과,  국어교육과,  영어교육과, 
독어교육과,  불어교육과,  사회교육과, 
역사교육과,  지리교육과,  윤리교육과
생활과학대학
소비자아동학부,  식품영양학과,  의류학과","국어,  수학,  영어, 
한국사,  탐구, 
제2외국어/한문","[수학  선택] 
ㆍ확률과  통계
ㆍ미적분
  중  택1
ㆍ기하
[탐구  선택] 
ㆍ사회탐구
  구분  없이  택2
ㆍ과학탐구",,,,,,,
54,  1,"자연과학대학
물리·천문학부  물리학전공, 
물리·천문학부  천문학전공,  화학부
공과대학
기계공학부,  전기·정보공학부,
에너지자원공학과,  항공우주공학과
농업생명과학대학
식물생산과학부,  식품·동물생명공학부, 
조경·지역시스템공학부,  바이오시스템·소재학부
사범대학
물리교육과,  화학교육과,  생물교육과
의과대학","국어,  수학,  영어, 
한국사,  탐구
<과학탐구영역  응시  기준>
ㆍⅠ+Ⅰ,  Ⅰ+Ⅱ,  Ⅱ+Ⅱ
3개  조합  중  선택
ㆍ단,  ‘물리학Ⅰ,  물리학Ⅱ, 
화학Ⅰ,  화학Ⅱ’  중 
1개  과목  이상 
반드시  응시해야  함","[수학  선택] 
ㆍ미적분
  중  택1
ㆍ기하
[탐구  선택] 
ㆍ과학탐구  8과목  중  택2
ㆍ단,  Ⅰ+Ⅱ  조합으로 
ㆍ응시할  경우  서로  다른 
ㆍ분야의  과목을  응시해야  함",,,,,,,
54,  2,"자연과학대학
수리과학부,  통계학과, 
생명과학부,  지구환경과학부
간호대학
공과대학
건설환경도시공학부,  재료공학부,  컴퓨터공학부, 
화학생물공학부,  건축학과,  산업공학과, 
원자핵공학과,  조선해양공학과
농업생명과학대학
산림과학부,  응용생물화학부,
스마트시스템과학과
사범대학
수학교육과,  지구과학교육과
생활과학대학
식품영양학과,  의류학과
수의과대학
약학대학
첨단융합학부
치의학대학원  치의학과","국어,  수학,  영어, 
한국사,  탐구
<과학탐구영역  응시  기준>
ㆍⅠ+Ⅰ,  Ⅰ+Ⅱ,  Ⅱ+Ⅱ
3개  조합  중  선택",,,,,,,,
54,,"미술대학
사범대학  체육교육과
학부대학  자유전공학부","국어,  수학,  영어, 
한국사,  탐구","[수학  선택] 
ㆍ확률과  통계
ㆍ미적분
  중  택1
ㆍ기하
[탐구  선택] 
ㆍ사회탐구
  구분  없이  택2
ㆍ과학탐구",,,,,,,
55,경영대학,"성공적인 
직업생활",상업  경제,,,,,,,,
55,공과대학,,"농업  기초  기술,  공업  일반,  상업  경제,  수산․해운  산업  기초,  인간  발달  중  택  1",,,,,,,,
55,농업생명과학대학,,"농업  기초  기술,  인간  발달  중  택  1",,,,,,,,
55,생활과학대학,,인간  발달,,,,,,,,
55,첨단융합학부,,"농업  기초  기술,  공업  일반,  상업  경제,  수산․해운  산업  기초,  인간  발달  중  택  1",,,,,,,,
55,학부대학,,"농업  기초  기술,  공업  일반,  상업  경제,  수산․해운  산업  기초,  인간  발달  중  택  1",,,,,,,,
55,지역균형전형,전  모집단위,"4개  영역(국어,  수학,  영어,  탐구)  중  3개  영역  등급  합이  7등급  이내",,,,,,,,
55,일반전형,미술대학  디자인과,"4개  영역(국어,  수학,  영어,  탐구)  중  3개  영역  등급  합이  7등급  이내",,,,,,,,
55,,사범대학  체육교육과,"4개  영역(국어,  수학,  영어,  탐구)  중  2개  영역  등급  합이  6등급  이내",,,,,,,,
56,수학,일반선택  4과목  또는  일반선택  3과목  +  진로선택  1과목,"2개  교과(군)
이상에서
충족",,,,,,,,
56,과학,일반선택  3과목  +  진로선택  2과목  또는  일반선택  2과목  +  진로선택  3과목,,,,,,,,,
56,사회*,일반선택  3과목  +  진로선택  1과목  또는  일반선택  2과목  +  진로선택  2과목,,,,,,,,,
60,학력정보,"☐   검 정 고 시   출 신 자
  ☐   외 국 소 재   고 등 학 교   및 
        국 내   학 력 인 정   외 국 교 육 기 관 
졸 업 (예 정 )자
  □   국내  고등학교  졸업(예정)자  중 
학생부  온라인  제출이  불가능한 
고교(외국소재고  등)  재학  경험이 
1학기  이상  있는  자","합격지역
합격일
          년      월      일",,,,,,,,
60,,,"소재국가
입학일               년      월      일 졸업(예정)일
          년      월      일
또는  전출일 
학교명",,,,,,,,
60,,,"소재국가
입학일               년      월      일 졸업(예정)일
          년      월      일
또는  전출일 
학교명",,,,,,,,
60,,,"소재국가
입학일               년      월      일 졸업(예정)일
          년      월      일
또는  전출일 
학교명",,,,,,,,
60,"<작성 유의사항>
1.  본  서식은  반드시  사실에  기초하여  본인이  작성하여야  하며,  제출한  서류는  반환하지  않습니다.
2.  기술된  사항에  대한  사실  확인을  요청하는  경우  지원자는  적극  협조하여야  합니다.
3.  활동에  대한  증빙서류를  제출하는  경우,  원본  제출이  원칙이며  사본  제출  시  원본대조필하여야  합니다.
4.  허위사실  기재,  기타  부정한  사실  등이  발견될  경우,  불합격  처리되며  합격  이후라도  입학이  취소될  수  있습니다.
5.  공인어학성적  및  수학・과학・외국어  교과에  대한  교외  수상실적을  기재할  경우  평가에서  불이익을  받을  수 
있으니,  작성을  금지합니다.
      가.  공인어학성적
영어(TOEIC, 
TOEFL, 
TEPS),  중국어(HSK),  일본어(JPT, 
JLPT),  프랑스어(DELF,  DALF),  독일어(ZD, 
TESTDAF,  DSH,  DSD),  러시아어(TORFL),  스페인어(DELE),  상공회의소한자시험,  한자능력검정,  실용한자, 
한자급수자격검정,  YBM  상무한검,  한자급수인증시험,  한자자격검정  등
      나.  수학・과학・외국어  교과에  대한  교외  수상실적(예시)
      ⦁위에서  열거된  항목  외에도,  대회  명칭에  수학·과학(물리,  화학,  생물,  지구과학,  천문)·외국어(영어  등) 
교과명이  명시된  학교  외  각종  대회(경시대회,  올림피아드  등)  수상실적을  작성했을  경우  “0점”(불합격)  처리
      ⦁‘교외  수상실적’이란  학교  외  기관이  개최한  대회  수상실적을  의미하며,  학교장의  참가  허락을  받은  교외 
수상실적이라도  작성  시  “0점”(불합격)  처리",,,,,,,,,,
60,,"수
학
과
학
외국어","한국수학올림피아드(KMO),  한국수학인증시험(KMC),  온라인  창의수학  경시대회,  도시대항  국제 
수학토너먼트,  국제수학올림피아드(IMO)  등
한국물리올림피아드(KPhO),  한국화학올림피아드(KChO),  한국생물올림피아드(KBO),  한국지구과학
올림피아드(KESO),  한국천문올림피아드(KAO),  한국뇌과학올림피아드(KBSO),  한국중등과학올림피아드
(KJSO),  국제물리올림피아드(IPhO),  국제화학올림피아드(IChO),  국제생물올림피아드(IBO),  국제지구
과학올림피아드(IESO),  국제천문올림피아드(IAO),  국제뇌과학올림피아드(IBB),  국제중등과학올림피아드
(IJSO)  등
전국  초중고  외국어(영어,  중국어,  일본어,  프랑스어,  독일어,  러시아어,  스페인어)  경시대회, 
IET  국제영어대회,  IEWC  국제영어글쓰기대회,  글로벌  리더십  영어  경연대회,  SIFEC  전국영어말하기대회, 
국제영어논술대회  등",,,,,,,,
60,,,,,,,,,,,
61,"6.  학교생활기록부  대체서식에는  고등학교  학교생활기록부에  기재할  수  없는  항목※과  「대입제도  공정성  강화방안」
(2019.11.28.)에  따른  학생부  주요항목  내  변경  사항※은  작성할  수  없고,  어학연수  등  사교육  유발요인이  큰 
교외  활동의  경우에도  작성이  제한됩니다.  이를  준수하지  않았을  경우  평가에서  불이익을  받을  수  있으니, 
작성을  금지합니다.
7.  지원자  성명,  출신고교,  부모(친인척  포함)의  실명을  포함한  사회적‧경제적  지위(직종명,  직업명,  직장명, 
직위명  등)를  암시하는  내용을  기재할  경우  평가에  불이익을  받을  수  있으니  작성을  금지합니다.",,,,,,,,,,
61,,"[※학교생활기록부에  기재할  수  없는  항목]
  가.  각종  공인어학시험  참여사실과  그  성적  및  수상실적
  나.  교과ㆍ비교과  관련  교내ㆍ외  대회  참여사실과  그  성적  및  수상실적
  다.  교외  기관ㆍ단체(장)등에게  수상한  교외상(표창장,  감사장,  공로상  등도  기재  불가함)
  라.  교내ㆍ외  인증시험  참여  사실이나  그  성적
  마.  모의고사ㆍ전국연합학력평가  성적(원점수,  석차,  석차등급,  백분위  등  성적관련  내용  일체)  및  관련 
교내  수상실적
  바.  논문을  학회지  등에  투고  또는  등재하거나  학회  등에서  발표한  사실
  사.  도서출간  사실
  아.  지식재산권(특허,  실용신안,  상표  디자인  등)  출원  또는  등록  사실
  자.  어학연수,  봉사활동  등  해외  활동실적  및  관련  내용
  차.  부모(친인척  포함)의  사회ㆍ경제적  지위(직종명,  직업명,  직장명,  직위명  등)  암시  내용
  카.  장학생ㆍ장학금  관련  내용
  타.  구체적인  특정  대학명,  기관명(기구,  단체,  조직  등  포함),  상호명,  강사명  등
  파.  자격증  명칭  및  취득사실
    *  위  내용은  「2025학년도  학교생활기록부  기재요령(고등학교)」을  발췌한  내용으로  이하  자세한  사항은 
교육부  「2025학년도  학교생활기록부  기재요령(고등학교)」  중  학교생활기록부  작성  시  유의사항  참조",,,,,,,,,
61,,,,,,,,,,,
61,,"[※「대입제도  공정성  강화방안」에  따른  학생부  주요항목  내  변경사항]
  가.  영재·발명교육  실적  대입  미반영
  나.  자율동아리  대입  미반영
  다.  청소년단체활동  미기재
  라.  개인봉사활동  실적  대입  미반영
  마.  독서활동  대입  미반영",,,,,,,,,
61,,,,,,,,,,,
61,"본인은  학교생활기록부  대체  서식  작성방법  및  유의사항을  숙지했으며, 
  해당사항  위반에  따른  조치에  대해서는  이의를  제기하지  않겠습니다. 
2025년        월        일
      지원자:                                            (서명  또는  인)
  서울대학교  총장  귀하",,,,,,,,,,
62,활동  목록,,,,,,,,,,
62,연번,활동(서류)명,"활동기간
(  년  월  일  ~    년  월  일)",활동내용,활동(발행)기관,,,,,,
62,1,▢▢▢▢,20**년  **월  **일,,**고등학교,,,,,,
62,2,△△△△,,,,,,,,,
62,3,◯◯◯,,,,,,,,,
62,4,▷▷▷,,,,,,,,,
62,5,◇◇◇◇,,,,,,,,,
62,6,,,,,,,,,,
62,7,,,,,,,,,,
62,8,,,,,,,,,,
62,9,,,,,,,,,,
62,10,,,,,,,,,,
63,구분,전형명,지원  모집단위,성명,생년월일,"긴급연락처
(담임  또는  진학담당교사
휴대전화  번호  기재요망)",,,,,
63,1,일반전형,"자연과학대학
물리‧천문학부 
물리학전공",홍길동,0000년  00월  00일,01x-xxxx-xxxx,,,,,
63,2,일반전형,"생활과학대학
소비자아동학부
아동가족학전공",김서울,0000년  00월  00일,01x-xxxx-xxxx,,,,,
63,3,,,,,,,,,,
63,계,명,,,,,,,,,
64,지원자,,"성
명",,,,접 수번 호,,,,
64,,,연 락 처   1,,,,연 락 처   2,,,,
64,,,전 형 구 분,,□  지역균형전형              □  일반전형              □  기회균형특별전형(사회통합),,,,,,
64,,,모 집 단 위,,대학(원)                                계열/학부/과                      전공,,,,,,
64,"귀  대학교  2026학년도  대학  신입학생  수시모집  원서접수  시  입력한  개인정보(성명, 
주민등록번호)  불일치  사항을  아래와  같이  정정합니다.
  ※  반드시  본  확인서와  함께  개인정보  변경  증빙자료(예:  주민등록초본,  외국인등록증  사본  등)를 
제출해야  함
상기  내용은  사실과  다름없음을  확인합니다.
2025년          월          일
                    지원자  :                                      (서명  또는  인)
              보호자  :                                      (서명  또는  인)
서울대학교  총장  귀하",,,,,,,,,,
64,,구분,,제출서류,,변경  전,,변경  후,,불일치  사유,
64,,성  명,,,,,,,,,
64,,주 민 등 록 번 호,,,,,,,,,
64,,,,,,,,,,,
65,지역,아포스티유  협약  가입  국가/지역명,,,,,,,,,
65,"아시아,  대양주","뉴질랜드,  니우에,  마샬군도,  모리셔스,  몽골,  바누아투,  방글라데시,  브루나이,  사모아,  싱가포르, 
오스트레일리아(호주),  인도,  인도네시아,  일본,  중국(마카오,  홍콩  포함),  쿡제도,  타지키스탄,  통가, 
파키스탄,  팔라우,  피지,  필리핀,  한국",,,,,,,,,
65,유럽,"그리스,  네덜란드,  노르웨이,  덴마크,  독일,  라트비아,  러시아,  루마니아,  룩셈부르크,  리투아니아, 
리히텐슈타인 ,  북마케도니아 ,  모나코,  몬테네그로 ,  몰도바 ,  몰타 ,  벨기에 ,  벨라루스 , 
보스니아  헤르체고비나 ,  불가리아 ,  산마리노 ,  세르비아 ,  스웨덴 ,  스위스 ,  스페인 ,  슬로바키아 , 
슬로베니아 ,  아르메니아,  아이슬란드,  아일랜드,  아제르바이잔,  안도라,  알바니아,  에스토니아,  영국, 
오스트리아,  우즈베키스탄,  우크라이나,  이탈리아,  조지아,  체코,  카자흐스탄,  코소보,  크로아티아, 
키르키즈스탄,  키프로스,  튀르키예,  포르투갈,  폴란드,  프랑스,  핀란드,  헝가리",,,,,,,,,
65,북미,"미국(괌,  마우리제도,  사이판,  푸에르토리코  포함),  캐나다",,,,,,,,,
65,중남미,"가이아나,  과테말라,  그라나다,  니카라과,  도미니카공화국,  도미니카연방,  멕시코,  바베이도스,  바하마, 
베네수엘라,  벨리즈,  볼리비아,  브라질,  세인트루시아,  세인트빈센트,  세인트키츠네비스,  수리남, 
아르헨티나,  앤티가바부다,  에콰도르,  엘살바도르,  온두라스,  우루과이,  칠레,  코스타리카,  콜롬비아, 
트리니다드토바고,  파나마,  페루,  파라과이,  자메이카",,,,,,,,,
65,아프리카,"나미비아,  남아프리카공화국,  라이베리아,  레소토,  말라위,  보츠와나,  상투메프린시페,  세네갈,  세이셸, 
에스와티니,  카보베르데,  브룬디,  튀니지,  르완다",,,,,,,,,
65,중동,"모로코,  바레인,  사우디아라비아,  오만,  이스라엘",,,,,,,,,
66,농어촌  학생  지원자격  및  재학사실  확인서,,,,,,,,,,
66,지원자,,성                  명,,연   락   처,,,,,,
66,,,생   년   월   일,,,,,,,,
66,,,모   집   단   위,,대학                                  계열/학부/과                    (전공),,,,,,
66,,,출   신   고   교,,(시/도)                    (시/군/구)                          고등학교  졸업(예정),,,,,,
66,"지원자격  확인 
(해당  항목에  표시하시오)",,,,,,,,,,
66,"①「지방자치법」제3조에  의한  읍·면(농어촌)  지역  또는「도서․벽지  교육진흥법」제2조에  따른  도서․벽지 
지역  소재  중·고등학교에서  전  교육과정을  이수하고  지원자와  부모  모두가  중학교  입학일부터  고등학교 
졸업일까지  읍·면(농어촌)  지역  또는  도서․벽지  지역에  거주한  자  □
②「지방자치법」제3조에  의한  읍·면(농어촌)  지역  또는「도서․벽지  교육진흥법」제2조에  따른  도서․벽지 
지역  소재  초·중·고등학교에서  전  교육과정을  이수하고  지원자  본인이  초등학교  입학일부터  고등학교 
졸업일까지  읍·면(농어촌)  지역  또는  도서․벽지  지역에  거주한  자  □",,,,,,,,,,
66,학교명,,,학교  주소,,재학  기간*,"농어촌  학교
(○  /  ×  표기)",,,,
66,초 등 학 교,,,"도(시)            시/군              읍·면
도(시)            시/군              읍·면
도(시)            시/군              읍·면",,"~
  ~
  ~",,,,,
66,중 학 교,,,"도(시)            시/군              읍·면
도(시)            시/군              읍·면
도(시)            시/군              읍·면",,"~
  ~
  ~",,,,,
66,고 등 학 교,,,"도(시)            시/군              읍·면
도(시)            시/군              읍·면
도(시)            시/군              읍·면",,"~
  ~
  ~",,,,,
66,"*  재학기간:  학생부에  기재된  일자로  작성하되,  졸업예정자의  경우  졸업식  예정일로  기재
※  학적변동  사항(휴학,  자퇴,  재입학  등)이  있을  경우  모두  기재
상기  내용은  사실과  같으며,  위  학생을  귀  대학교의  기회균형특별전형(사회통합)  농어촌  학생 
대상자로  확인합니다.
2025년          월          일
  지 원 자   성 명 :                                  (서명  또는  인)
                                                                                ○  ○  고등학교장    직인  
서울대학교  총장  귀하",,,,,,,,,,
67,서해  5도  학생  지원자격  및  재학사실  확인서,,,,,,,,,,
67,지원자,,성                  명,,연   락   처,,,,,,
67,,,생   년   월   일,,,,,,,,
67,,,모   집   단   위,,대학                                  계열/학부/과                    (전공),,,,,,
67,,,출   신   고   교,,인천광역시      옹진군                                        고등학교  졸업(예정),,,,,,
67,"지원자격  확인 
(해당  항목에  표시하시오)",,,,,,,,,,
67,"①  서해  5도에서  ｢민법｣  제909조에  따른  친권자  또는  같은  법  제928조에  따른  후견인과  함께  중학교 
입학일부터  고등학교  졸업일까지  거주하면서  서해  5도에  설립된  중학교  및  고등학교의  모든  교육과정을 
이수한  학생  □
②  초등학교  입학일부터  고등학교  졸업일까지  서해  5도에  거주하면서  서해  5도에  설립된  초등학교ㆍ중학교 
및  고등학교의  모든  교육과정을  이수한  학생  □",,,,,,,,,,
67,학교명,,,학교  주소,,재학  기간*,"서해  5도  학교
(○  /  ×  표기)",,,,
67,초 등 학 교,,,"도(시)            시/군              읍·면
도(시)            시/군              읍·면
도(시)            시/군              읍·면",,"~
  ~
  ~",,,,,
67,중 학 교,,,"도(시)            시/군              읍·면
도(시)            시/군              읍·면
도(시)            시/군              읍·면",,"~
  ~
  ~",,,,,
67,고 등 학 교,,,"도(시)            시/군              읍·면
도(시)            시/군              읍·면
도(시)            시/군              읍·면",,"~
  ~
  ~",,,,,
67,"*  재학기간:  학생부에  기재된  일자로  작성하되,  졸업예정자의  경우  졸업식  예정일로  기재
※  학적변동  사항(휴학,  자퇴,  재입학  등)이  있을  경우  모두  기재
상기  내용은  사실과  같으며,  위  학생을  귀  대학교의  기회균형특별전형(사회통합)  서해  5도  학생 
대상자로  확인합니다.
2025년          월          일
  지 원 자   성 명 :                                  (서명  또는  인)
                                                                                ○  ○  고등학교장    직인  
서울대학교  총장  귀하",,,,,,,,,,
68,농생명계열  고교  졸업예정자(농업생명과학대학)  지원자격  확인서,,,,,,,,,,
68,지원자,,성                  명,,연   락   처,,,,,,
68,,,생   년   월   일,,,,,,,,
68,,,모   집   단   위,,농업생명과학대학                                            학부/과,,,,,,
68,,,출   신   고   교,,(시/도)              (시/군/구)                        고등학교  졸업예정,,,,,,
68,지원자격  확인  (해당  항목에  표시하시오),,,,,,,,,,
68,"2026년  2월  고등학교  졸업예정자로서  아래의  ①  또는  ②에  해당하고  소속  고등학교장의  추천을  받은  자
  ①  동일계열  인정  기준학과의  교육과정  이수  □                                                                                             
        농업과,  원예과,  산림자원과,  동물자원과,  농업기계과,  농업토목과,  식품가공과,  조경과
※  지원자가  고등학교에서  실제  재학중인  학과를  기재하시오
이수학과
※  상기  <이수학과>의  교육과정상  기준학과를  기재하시오
기준학과
  ②  농림·수산  해양  및  식품  가공  교과(군)  전문교과Ⅱ  30학점(단위)  이상  이수  □
        ※  농림·수산  해양  교과(군)  중  수산  해양  관련  과목은  제외함",,,,,,,,,,
68,,학년,,학기,,과목명,단위수,,,,
68,,1,,,,,,,,,
68,,2,,,,,,,,,
68,,3,,,,,,,,,
68,,,,,,,,,,,
68,"상기  내용은  사실과  같으며,  위  학생을  귀  대학교의  기회균형특별전형(사회통합)  농생명계열 
고교  졸업예정자(농업생명과학대학)  대상자로  확인합니다.
2025년          월          일
  지 원 자   성 명 :                                  (서명  또는  인)
                                                                                ○  ○  고등학교장    직인  
서울대학교  총장  귀하",,,,,,,,,,
69,"접수번호  :
  접수일자  :",,,,,,,,,,
69,지원자,성                명,"본인  연락처
추가전화번호",,,,,,,,
69,,,,,,,,,,,
69,,생  년   월   일,,,,,,,,,
69,,모  집   단   위                                   대학(원)                            계열/학부/과                            (전공),,,,,,,,,
69,,전  형   구   분,"□  지역균형전형            □  일반전형              □  기회균형특별전형(사회통합) 
  ☞  기회균형특별전형(사회통합)으로  지원하는  경우  아래  해당되는  지원유형에  체크함 
  □  농어촌  학생                □  서해  5도  학생        □  농생명계열  고교  졸업예정자
  ※  기회균형특별전형(사회통합)  지원자  중  저소득,  국가보훈대상자,  자립지원대상자는  전형료가  면제
        되므로  환불신청  대상이  아님",,,,,,,,
69,환불  요청  사유,,"□  기초생활수급(권)자      □  차상위계층  대상  가구      □  한부모가족  지원대상자         
  □  국가보훈대상자            □  자립지원  대상자",,,,,,,,
69,환불  계좌  정보,,,,,,,,,,
69,"금융기관명
계좌주명",,,,,,,,,,
69,계좌번호,,,,,,,,,,
69,"※  보호자  명의  계좌  정보  입력  시,  지원자와  보호자의  관계가  나와  있는  서류(가족관계증명서  등)  1부  제출",,,,,,,,,,
69,"위  환불  요청  사유에  해당되어  아래와  같이  서류를  첨부하여  환불  신청합니다.
                  2025년                  월                일
지원자  :                                      (서명  또는  인)
                                                                           
    서울대학교  총장  귀하",,,,,,,,,,
69,"첨부
서류",,,,,,,,,,
69,,,환불자격,증빙서류,,비고,,,,,
69,,,,서류,발급기준,,,,,,
69,,,①  한부모가족지원대상자,한부모가족  증명서(주민센터  발급),"2025.  9.  1.  이후  발급된 
본인  명의  증명서
※  ⑤∼⑥의  경우,  차상
위계층  대상자가  지원자 
본인이  아닐  경우,  지원
자와의  관계를  증명할  수 
있는  주민등록등본  및  가
족관계증명서  제출","환불  계좌가
지원자  본인이 
아닌  보호자
명의 계좌 정보 
입력  시, 
지원자와  보호
자의  관계가 
명시된  서류
(가족관계
증명서 등) 제출",,,,,
69,,,②  국가보훈대상자,"대 학입학 특별전 형대상 자증명 서
(보 훈(지)청   발급 )",,,,,,,
69,,,③  자립지원  대상자,"입소사실  확인서(아동복지시설  발급) 
또는  가정위탁보호  확인서(주민센터 
발급)  또는  보호종료  확인서(주민센터 
발급)",,,,,,,
69,,,④  기초생활수급(권)자,"수급자  증명서(주민센터  발급)
※ 교육급여  수급자  증명서는  학교
(교육청)에서  발급",,,,,,,
69,,,"⑤  차상위  본인부담경감 
대상  가구","차상위  본인부담경감대상자  증명서
(국민건강보험공단  발급)",,,,,,,
69,,,"⑥  차상위  자활급여, 
      장애수당,  장애인연금
      부가급여,차상위계층
      확인서  발급  대상  가구","자활근로자  확인서,  장애(아동)수당  대
상자  확인서,  장애인연금  대상자  확인
서,  차상위계층  확인서(주민센터  발급)",,,,,,,
69,,,,,,,,,,,
69,"※  환불  대상(지원서  접수  마감일  기준)이  원서접수  기간  내에  원서접수  사이트에서  환불  신청  및  증빙서류  업로드를 
완료하면  2025년  12월  이내  전형료를  환불함 
  ※  환불자격:  ①∼④는  지원자  본인이  대상자인  경우  환불  가능하며  ⑤∼⑥는  지원자  본인  및  가구원인  경우  환불  가능함",,,,,,,,,,
70,접수번호  :,,,접수일자  :  2025.        .          .,,,,,,,
70,지원자,성              명,,본인  연락처,,,,,,,
70,,,,추가전화번호,,,,,,,
70,,생   년   월  일,,,,,,,,,
70,,모   집   단  위,대학(원)                          계열/학부/과                            전공,,,,,,,,
70,,전   형   구  분,□  지역균형전형          □  일반전형          □  기회균형특별전형(사회통합),,,,,,,,
70,반환  요청  사유,,□  착오과납      □  대학  귀책사유      □  천재지변      □  지원자의  입원·사망,,,,,,,,
70,반환  계좌  정보,,,,,,,,,,
70,"금융기관명
계좌주명",,,,,,,,,,
70,계좌번호,,,,,,,,,,
70,"※  보호자  명의  계좌  정보  입력  시,  지원자와  보호자의  관계가  나와  있는  서류(가족관계증명서  등)  1부  제출",,,,,,,,,,
70,"위  반환  요청  사유에  해당되어  아래와  같이  서류를  첨부하여  반환  신청합니다.
     
                  2025년              월                일
지원자  :                                  (서명  또는  인)
    서울대학교  총장  귀하",,,,,,,,,,
70,첨부서류,"증빙서류  ▢  의료기관  입원확인서
                            ▢  기타  (                                          )",,,,,,,,,
70,"[입학전형료  반환  안내]
  「고등교육법」제34조의4제4항에  따른  입학전형료의  반환  사유  및  금액은  다음과  같습니다.
      1.  입학전형에  응시한  사람이  착오로  과납한  경우:  과납한  금액
      2.  대학의  귀책사유로  입학전형에  응시하지  못한  경우:  납부한  입학전형료  전액
      3.  천재지변으로  인하여  입학전형에  응시하지  못한  경우:  납부한  입학전형료  전액
      4.  질병  또는  사고  등으로  의료기관에  입원하거나  본인의  사망으로  입학전형에  응시하지  못한  경우(해당  사항을 
증명할  수  있는  경우만  해당한다):  납부한  입학전형료  전액
  ※ 위의 반환사유에 해당되는 응시자는 반환신청서를 작성하여 증빙서류와 함께 본 전형의 합격자 발표일까지 제출하여 
주시기  바라며,  합격자  발표  이후  신청은  반환하지  않습니다.
  ※  원서접수(인터넷  접수  포함)시  유의사항  안내에  따른  지원자의  귀책사유에는  반환하지  않습니다.
  ※  반환  요청  사유를  심사하여  증빙서류가  합당하지  않을  경우  반환하지  않습니다.",,,,,,,,,,
71,대  학  명,배  정  대  상,배  정  원  칙,,,,,,,,
71,인문대학,"인문계열
:  입학  후  2학기  이상  등록하고 
    24학점  이상  취득한  학생
역사학부
:  입학  후  2학기  이상  등록하고
    24학점  이상  취득한  학생
*  전공예약  안내
  인문대학의  수시모집  일반전형  전  모집단위,  수시모집  지역균형전형  및  정시모집  일반전형  역사학부는 
전공예약으로  선발하며,  전공예약으로  입학한  자는  입학한  이후에  전과(부)가  불가함","1년  후  학생의  자유로운  선택을  최대한  존중하되,  경우에  따라  적성 
여부를  고려할  수  있음
1년  후  선발절차에  따라  소속  전공(한국사학전공,  동양사학전공, 
서양사학전공)을  선택할  수  있음",,,,,,,,
71,사회과학대학,"정치외교학부
  :  입학  후  2학기를  이수하고, 
      18학점  이상  취득한  학생","학생들은  3학기  진입  무렵  선발절차에  의해  자유롭게  자신의  소속  전공
(정치학전공,  외교학전공)을  결정할  수  있음",,,,,,,,
71,공과대학,"광역
  :  입학  후  1개  학기를  마친  학생
건축학과
  :  입학  후  4개  학기를  마친  학생","입학  후  1개  학기  경과  후  아래  학과(부)의  선택권을  보장함
  -  기계공학부,  전기· 정보공학부,  컴퓨터공학부,  화학생물공학부, 
산업공학과,  항공우주공학과
전공별(건축공학전공,  건축학전공)  학생선발은  학생의  희망에  따라  전공을 
배정하되,  각  전공별  배정인원은  전체  배정인원의  60%  이내로  함. 
배정기준은  건축학과  전공  배정  지침에  따름",,,,,,,,
71,"농업생명
과학대학",입학  후  27학점  이상을  이수한  모든  학생,"학부  내  전공별  학생  선발은  학생의  전공배정  신청에  의거  성적의 
평점평균  순으로  선발하되  학부  내  전공정원  비율에  따름",,,,,,,,
71,약학대학,"약학계열
  :  약학  기본과정(3년)을  이수한  학생","약학  기본과정(3년) 이수  후 4학년  진입  시에  학과지원  신청에  따라  우선 
배정. 단  학과지원  신청자가  학과정원을  초과할  경우  성적순으로  배정",,,,,,,,
71,첨단융합학부,"입학  후  3학기를  이수하고, 
24학점  이상  취득한  학생","4학기  진입  시  학생의  자유로운  선택에  따라  전공을  배정하되,  전공
적성을  고려함
  -  디지털헬스케어전공,  융합데이터과학전공,  지속가능기술전공, 
      차세대지능형반도체전공,  혁신신약전공
        (혁신신약전공의  경우  약사  국가시험  응시  자격이  부여되지  않음)",,,,,,,,
71,대  학  명,신  청  대  상,신  청  원  칙,,,,,,,,
71,학부대학,"광역
  :  입학  후  2개  학기를  이수한  학생","7개  단과대학  중  학과(부)·전공  선택  신청  및  승인
(인문대학,  사회과학대학,  자연과학대학,  경영대학,  공과대학, 
농업생명과학대학,  생활과학대학) 
※  전공  선택  후,  전공  소속  해당  학과(부)로  소속  변경",,,,,,,,
71,,"자유전공학부
  :  입학  후  2개  학기  이상을  이수  중인  학생","10개  단과대학  중  학과(부)·전공  선택  신청  및  승인
(인문대학,  사회과학대학,  자연과학대학,  경영대학,  공과대학, 
농업생명과학대학,  미술대학,  생활과학대학,  음악대학,  첨단융합학부) 
※  단,  자유전공학부  소속  유지",,,,,,,,
72,모집단위,,학과(부)ㆍ전공,,,,,,,,
72,인문대학,인문계열,"국어국문학과,  중어중문학과,  영어영문학과,  불어불문학과,  독어독문학과, 
노어노문학과,  서어서문학과,  언어학과,  아시아언어문명학부,  역사학부, 
고고미술사학과,  철학과,  종교학과,  미학과",,,,,,,,
72,,국어국문학과,단일학과(부)로  별도의  전공  배정  없음,,,,,,,,
72,,중어중문학과,,,,,,,,,
72,,영어영문학과,,,,,,,,,
72,,불어불문학과,,,,,,,,,
72,,독어독문학과,,,,,,,,,
72,,노어노문학과,,,,,,,,,
72,,서어서문학과,,,,,,,,,
72,,언어학과,,,,,,,,,
72,,아시아언어문명학부,,,,,,,,,
72,,역사학부*,"한국사학전공,  동양사학전공,  서양사학전공",,,,,,,,
72,,고고미술사학과,단일학과로  별도의  전공  배정  없음,,,,,,,,
72,,철학과,,,,,,,,,
72,,종교학과,,,,,,,,,
72,,미학과,,,,,,,,,
72,사회과학대학,정치외교학부,"정치학전공,  외교학전공",,,,,,,,
72,,경제학부,단일학과(부)로  별도의  전공  배정  없음,,,,,,,,
72,,사회학과,,,,,,,,,
72,,인류학과,,,,,,,,,
72,,심리학과,,,,,,,,,
72,,지리학과,,,,,,,,,
72,,사회복지학과,,,,,,,,,
72,,언론정보학과,,,,,,,,,
72,자연과학대학,수리과학부,단일학부로  별도의  전공  배정  없음,,,,,,,,
72,,통계학과,단일학과로  별도의  전공  배정  없음,,,,,,,,
72,,"물리학전공
물리·천문학부
천문학전공",입학  이후  별도의  전공  배정  없음,,,,,,,,
72,,,,,,,,,,,
72,,화학부,단일학부로  별도의  전공  배정  없음,,,,,,,,
72,,생명과학부,,,,,,,,,
72,,지구환경과학부,,,,,,,,,
72,간호대학,,단일학과(간호학과)로  별도의  전공  배정  없음,,,,,,,,
72,경영대학,,단일학과(경영학과)로  별도의  전공  배정  없음,,,,,,,,
72,공과대학,광역,"기계공학부,  전기·정보공학부,  컴퓨터공학부,  화학생물공학부, 
산업공학과,  항공우주공학과",,,,,,,,
72,,건설환경도시공학부,단일학부로  별도의  전공  배정  없음,,,,,,,,
72,,기계공학부,,,,,,,,,
72,,재료공학부,,,,,,,,,
72,,전기·정보공학부,,,,,,,,,
72,,컴퓨터공학부,,,,,,,,,
72,,화학생물공학부,,,,,,,,,
72,,건축학과,"건축학전공(5년제),  건축공학전공",,,,,,,,
72,,산업공학과,단일학과로  별도의  전공  배정  없음,,,,,,,,
72,,에너지자원공학과,,,,,,,,,
72,,원자핵공학과,,,,,,,,,
72,,조선해양공학과,,,,,,,,,
72,,항공우주공학과,,,,,,,,,
73,모집단위,,학과(부)ㆍ전공,,,,,,,,
73,"농업생명
과학대학",농경제사회학부,"농업․자원경제학전공,  지역정보학전공",,,,,,,,
73,,식물생산과학부,"작물생명과학전공,  원예생명공학전공,  산업인력개발학전공",,,,,,,,
73,,산림과학부,"산림환경학전공,  환경재료과학전공",,,,,,,,
73,,식품·동물생명공학부,"식품생명공학전공,  동물생명공학전공",,,,,,,,
73,,응용생물화학부,"응용생명화학전공,  응용생물학전공",,,,,,,,
73,,조경·지역시스템공학부,"조경학전공,  지역시스템공학전공",,,,,,,,
73,,바이오시스템·소재학부,"바이오시스템공학전공,  바이오소재공학전공",,,,,,,,
73,,스마트시스템과학과,단일학과로  별도의  전공  배정  없음,,,,,,,,
73,미술대학,동양화과,단일학과로  별도의  전공  배정  없음,,,,,,,,
73,,서양화과,,,,,,,,,
73,,조소과,,,,,,,,,
73,,공예과,,,,,,,,,
73,,디자인과,,,,,,,,,
73,사범대학,교육학과,단일학과로  별도의  전공  배정  없음,,,,,,,,
73,,국어교육과,,,,,,,,,
73,,영어교육과,,,,,,,,,
73,,독어교육과,,,,,,,,,
73,,불어교육과,,,,,,,,,
73,,사회교육과,,,,,,,,,
73,,역사교육과,,,,,,,,,
73,,지리교육과,,,,,,,,,
73,,윤리교육과,,,,,,,,,
73,,수학교육과,,,,,,,,,
73,,물리교육과,,,,,,,,,
73,,화학교육과,,,,,,,,,
73,,생물교육과,,,,,,,,,
73,,지구과학교육과,,,,,,,,,
73,,체육교육과,,,,,,,,,
73,생활과학대학,"소비자학전공
소비자아동학부
아동가족학전공",입학  이후  별도의  전공  배정  없음,,,,,,,,
73,,,,,,,,,,,
73,,식품영양학과,단일학과로  별도의  전공  배정  없음,,,,,,,,
73,,의류학과,,,,,,,,,
73,수의과대학,수의예과,단일학과로  별도의  전공  배정  없음,,,,,,,,
73,약학대학,약학계열,"약학과(6년제),  제약학과(6년제)",,,,,,,,
73,음악대학,성악과,단일학과로  별도의  전공  배정  없음,,,,,,,,
73,,작곡과,,,,,,,,,
73,,음악학과,,,,,,,,,
73,,피아노과,,,,,,,,,
73,,관현악과,,,,,,,,,
73,,국악과,,,,,,,,,
73,의과대학,의예과,단일학과로  별도의  전공  배정  없음,,,,,,,,
73,첨단융합학부,,"디지털헬스케어전공,  융합데이터과학전공,  지속가능기술전공, 
  차세대지능형반도체전공,  혁신신약전공",,,,,,,,
73,학부대학,광역,"인문대학,  사회과학대학,  자연과학대학,  경영대학,  공과대학, 
  농업생명과학대학,  생활과학대학의  학과(부)․전공",,,,,,,,
73,,자유전공학부,단일학부로  별도의  전공  배정  없음,,,,,,,,
73,치의학대학원,치의학과,"단일학과로  별도의  전공  배정  없음
7년제  학사·전문석사  통합과정(학사과정  3년,  석사과정  4년)",,,,,,,,
74,구분,안내부서,전화번호,홈페이지,,,,,,,
74,입학전형,입학본부,"02)  880-5022 
(서류제출  확인,  지원자격  관련  문의  등)
02)  880-6974~6976",https://admission.snu.ac.kr,,,,,,,
74,대학전공,인문대학,"02)  880-6010,  6008",https://humanities.snu.ac.kr,,,,,,,
74,,사회과학대학,"02)  880-6306,  6307",https://social.snu.ac.kr,,,,,,,
74,,자연과학대학,02)  880-6506,https://science.snu.ac.kr,,,,,,,
74,,간호대학,02)  740-8804,https://nursing.snu.ac.kr,,,,,,,
74,,경영대학,"02)  880-6908,  6906",https://cba.snu.ac.kr,,,,,,,
74,,공과대학,02)  880-7009,https://eng.snu.ac.kr,,,,,,,
74,,농업생명과학대학,02)  880-4507,https://cals.snu.ac.kr,,,,,,,
74,,미술대학,"02)  880-7454
(미술대학  실기  관련  안내)",https://art.snu.ac.kr,,,,,,,
74,,사범대학,"02)  880-7607
02)  880-7806
(체육교육과  실기  관련  안내)",https://edu.snu.ac.kr,,,,,,,
74,,생활과학대학,02)  880-6804,https://che.snu.ac.kr,,,,,,,
74,,수의과대학,02)  880-1208,https://vet.snu.ac.kr,,,,,,,
74,,약학대학,02)  880-7825,https://snupharm.snu.ac.kr,,,,,,,
74,,음악대학,"02)  880-7980
(음악대학  실기  관련  안내)",https://music.snu.ac.kr,,,,,,,
74,,의과대학,02)  740-8139,https://medicine.snu.ac.kr,,,,,,,
74,,첨단융합학부,02)  880-8105,https://snuti.snu.ac.kr,,,,,,,
74,,학부대학,02)  880-5694,https://snuc.snu.ac.kr,,,,,,,
74,,치의학대학원,02)  740-8790,https://dentistry.snu.ac.kr,,,,,,,
74,"장애학생
지원서비스",보건진료소,02)  880-5338,https://health4u.snu.ac.kr,,,,,,,
74,,장애학생지원센터,02)  880-8787,https://snudanbi.snu.ac.kr,,,,,,,
74,등록금  수납,사무국  재무과,02)  880-5107,,,,,,,,
74,장학금,학생처  장학복지과,"02)  880-5078,  5079","https://www.snu.ac.kr/academics
/resources/scholarships/internal-
scholarship
(서울대학교  장학금,  학자금  홈페이지)",,,,,,,
74,,,,"https://www.kosaf.go.kr
(한국장학재단)",,,,,,,
74,학적관리,교무처  학사과,02)  880-5035,휴학  관련  내용은  각  단과대학에  문의,,,,,,,
74,수강신청,교무처  학사과,02)  880-5042,https://sugang.snu.ac.kr,,,,,,,
74,학생생활관  입주,관악학생생활관,02)  880-5404,https://snudorm.snu.ac.kr,,,,,,,
