5,"▣  2027학년도  수시모집  예고사항  ▣
◯ 학생부종합전형  국제형(국내고)  2단계  평가  대상자  배수  확대
대상  전형
면접  배수
학생부종합전형
국제형(국내고)
2단계  평가  대상자를  모집  단위별  모집인원의  4배수에서  5배수로  확대
       
◯ 자연·통합계열  논술전형  과목  확대  및  출제형식  변경
    -  2028  대입제도개편  대응  및  융합적  인재선발을  위해  과학  제시문을  바탕으로  한  다면사고평가  신설
    -  수리적  사고력  평가의  비중을  축소하고,  과학  관련  제시문을  통한  서논술형  평가를  도입
◯ 상경대학  응용통계학과  선발  계열  변경:  인문계열에서  통합계열로  변경
    -  상경대학  응용통계학과  논술전형  시험유형을  자연계열  논술  방식과  동일하게  변경
    -  상경대학  응용통계학과  학생부교과전형[추천형]  및  학생부종합전형[활동우수형]의  수능  최저학력기준  변경
구분
국어,  수학,  탐구  2과목(사회탐구/과학탐구)
영어
한국사
인문  또는  자연계열(일반)의  대학수학능력시험  최저학력기준  중 
통합(응용통계학과)
3등급  이내
4등급  이내
하나를  만족하여야  함
[인문]  국어,  수학,  탐구  중  2개  과목  등급  합  4  이내(국어,  수학  중  1개  과목  포함)
            ※  수학:  공통+선택(확률과  통계,  미적분,  기하  중  택  1),  탐구:  사회탐구/과학탐구
       
[자연]  국어,  수학,  탐구  중  2개  과목  등급  합  5  이내(수학  포함)
            ※  수학:  공통+선택(미적분,  기하  중  택  1),  탐구:  과학탐구만  반영
◯ 치과대학  치의예과  논술전형  미선발
    -  치과대학  치의예과  논술전형  미선발에  따른  전형별  모집인원  변경
대학
       
치과대학
◯ 특기자전형[국제인재]의  전형유형  변경
    -  실기/실적위주의  특기자전형[국제인재]  전형을  학생부위주의  학생부종합전형[국제인재]로  전환
    -  전형방법(전형요소  및  반영비율),  지원자격  등은  동일
※  자세한  사항은  연세대학교  입학처  홈페이지  공지사항  「2027학년도  연세대학교(서울캠퍼스)  입학전형  시행계획」  참조","모집단위
치의예과","계열
자연","수시
모집
인원
33",정원  내,,,,,,,,,
5,,,,,,,,,,,,,,
5,,,,,학생부교과,학생부종합,"논술
실기/실적",,,,,,,
5,,,,,"추천형
10","활동우수형
기회균형
21
2","논술전형
특기자전형
-
-",,,,,,,
5,,,,,,,,,,,,,,
5,,,,,,,,,,,,,,
6,추천형  504명(25명),"활동우수형  677명(52명)
국제형  255명
기회균형  191명(5명)",논술전형  319명(16명),"국제인재  120명
체육인재  38명",특수교육대상자  13명,,,,,,,,,
6,504명(25명),"1,123명(57명)",319명(16명),158명,13명,,,,,,,,,
6,"수능
최저학력기준","적용
미적용",,,,,,,,,,,,
6,,"학생부교과전형[추천형]
Ÿ
학생부종합전형[활동우수형]
Ÿ
학생부종합전형[국제형(국내고)]
Ÿ","학생부종합전형[국제형(해외고/검정고시)]
Ÿ
학생부종합전형[기회균형]
Ÿ
논술전형
Ÿ
특기자전형[국제인재]
Ÿ
특기자전형[체육인재]
Ÿ
고른기회전형[특수교육대상자]
Ÿ",,,,,,,,,,,
6,"➊  학생부교과전형[추천형],  학생부종합전형[활동우수형]  중  택  1
➋  학생부종합전형[국제형]
➌  학생부종합전형[기회균형]
➍  논술전형
➎  특기자전형
➏  고른기회전형[특수교육대상자]",,,,,,,,,,,,,
7,추천형,"활동우수형
국제형
기회균형
특수교육대상자",논술전형,국제인재,체육인재,"중고교과정(2%)
전교육과정이수자
북한이탈주민",모든  전형,,,,,,,
7,지원자격  제한,정성평가,정량평가,정성평가,지원자격  제한,정성평가,정량평가,,,,,,,
7,모집단위,계열,"수시모집(115명)
정시모집(149명)
정원  내
정원  내
모집
수능
모집
학생부교과
학생부종합
논술
일반전형
인원
유형
인원
추천형
활동우수형
논술전형
‘가’군",,,,,,,,,,,
7,모집단위,계열,"수시모집
정시모집
정원  내
정원  내
모집
수능
모집
학생부교과
학생부종합
논술
일반전형
인원
유형
인원
추천형
활동우수형
기회균형
논술전형
‘가’군",,,,,,,,,,,
8,구분,,,,,"학생부
학생부종합전형
교과전형
국제형
활동
기회
추천형*
해외고
우수형
균형
국내고
검정고시",,,,,"논술
전형","고른기회
특기자전형
전형
국제
체육
특수교육
인재
인재
대상자",,
8,"지원
자격","고등학교
졸업(예정)자","고교
유형","국내
고등
학교","일반고
자율고
특목고
특성화고/
마이스터고
영재학교
국내  학력인정
외국교육기관* 
외국  소재  고등학교","◎
◎
◎
-
-
-
-","◎
◎
◎
◎
◎
◎
◎","◎
◎
◎
◎
◎
-
-","-
-
-
-
-
◎
◎","◎
◎
△
△
△
△
△","◎
◎
◎
◎
◎
◎
◎","◎
◎
◎
◎
◎
-
-","◎
◎
◎
◎
◎
◎
◎
◎
◎
◎
◎
◎
◎
◎",
8,,,"졸업
연도",,"2026년  2월
2025년  8월
및  그  이전","◎
-","◎
◎","◎
◎","◎
◎","◎
◎","◎
◎","◎
◎","◎
◎
◎
◎",
8,,고등학교  졸업학력  검정고시  합격자,,,,-,◎,-,◎,△,◎,-,"◎
◎",
8,구분,,,"학생부
학생부종합전형
교과전형
국제형
활동
기회
추천형
해외고
우수형
균형
국내고
검정고시",,,,,"논술
전형","고른기회
특기자전형
전형
국제
체육
특수교육
인재
인재
대상자",,,,
8,"전형
요소",학생부교과(정량평가),,◎,-,-,-,-,-,-,◎,-,,
8,,서류평가,"학생부
(교과성적  제외  비교과)
학생부
(교과성적  포함  전  영역)
비교과활동  기록표
경기실적  증빙서류","-
-
-
-","-
◎
△
-","-
◎
△
-","-
◎
△
-","-
◎
△
-","-
-
-
-","-
◎
△
-","◎
-
△
◎","-
◎
△
-",,
8,,면접평가,,-,◎,◎,◎,◎,-,◎,◎,-,,
8,,논술시험,,-,-,-,-,-,◎,-,-,-,,
8,,수능  최저학력기준,,◎,◎,◎,-,-,-,-,-,-,,
9,구분,,"학생부
학생부종합전형
교과전형
국제형
활동
기회
추천형
우수형
균형
해외고
국내고
검정고시",,,,,"논술
전형","특기자전형
고른기회전형
국제
체육
특수교육
인재
인재
대상자",,,,,
9,1단계,"학생부교과(정량평가)
학생부  등  서류평가","-
-","-
100%","-
100%","-
100%","-
100%","-
-","-
100%","18.75%
81.25%","-
-",,,
9,2단계,"1단계  성적
면접평가","-
-","60%
40%","60%
40%","60%
40%","60%
40%","-
-","60%
40%","80%
20%","-
-",,,
9,일괄합산,"학생부교과(정량평가)
학생부  등  서류평가
논술시험","100%
-
-","-
-
-","-
-
-","-
-
-","-
-
-","-
-
100%","-
-
-","-
-
-","-
100%
-",,,
9,전형명,"학생부
학생부종합전형
교과전형
국제형
추천형
활동우수형
기회균형
해외고
국내고
검정고시",논술전형,"고른기회
특기자전형
전형
특수교육
국제인재
체육인재
대상자",,,,,,,,,,
10,문과대학,국어국문학과†,인문,42,7,10,-,3,4,-,○,,,
10,,중어중문학과†,인문,31,5,7,-,2,4,-,,,,
10,,영어영문학과†,인문,68,12,15,-,5,5,-,,,,
10,,독어독문학과†,인문,30,5,6,-,2,4,-,,,,
10,,불어불문학과†,인문,31,6,7,-,2,4,-,,,,
10,,노어노문학과†,인문,30,5,6,-,2,4,-,,,,
10,,사학과†,인문,42,7,9,-,3,4,-,,,,
10,,철학과†,인문,33,6,7,-,2,4,-,,,,
10,,문헌정보학과†,인문,30,5,6,-,2,4,-,,,,
10,,심리학과†,인문,32,5,8,-,3,4,-,,,,
10,상경대학,경제학부,인문,113,24,32,-,11,5,-,○,,,
10,,응용통계학과,인문,38,7,11,-,4,2,-,,,,
10,경영대학,경영학과,인문,216,34,38,-,15,15,-,○,,,
10,이과대학,수학과†,자연,35,5,7,-,3,7,-,○,,,
10,,물리학과†,자연,31,5,6,-,2,7,-,,,,
10,,화학과†,자연,44,8,10,-,3,7,-,,,,
10,,지구시스템과학과†,자연,30,5,5,-,2,6,-,,,,
10,,천문우주학과,자연,27,5,5,-,2,6,-,,,,
10,,대기과학과,자연,27,5,5,-,2,6,-,,,,
10,공과대학,화공생명공학부,자연,73,14,16,-,6,14,-,○,,,
10,,전기전자공학부,자연,151,28,33,-,12,21,-,,,,
10,,건축공학과,자연,70,13,14,-,6,12,-,,,,
10,,도시공학과,자연,35,5,6,-,3,7,-,,,,
10,,사회환경시스템공학부,자연,75,13,14,-,5,15,-,,,,
10,,기계공학부,자연,105,20,21,-,8,19,-,,,,
10,,신소재공학부,자연,87,17,18,-,8,14,-,,,,
10,,산업공학과,자연,33,5,7,-,2,6,-,,,,
10,,시스템반도체공학과,자연,100,20,38,-,5,12,-,-,,,
10,,디스플레이융합공학과,자연,30,5,14,-,-,4,-,,,,
10,생명시스템대학,생명과학부†,자연,20,-,6,-,-,-,-,-,,,
10,,시스템생물학과†,자연,19,4,5,-,2,4,-,○,,,
10,,생화학과†,자연,17,4,4,-,2,3,-,,,,
10,,생명공학과,자연,48,10,10,-,4,8,-,,,,
10,인공지능융합대학,첨단컴퓨팅학부,자연,148,25,34,-,14,16,-,○,,,
10,,IT융합공학전공,자연,20,5,5,-,-,5,-,,,,
10,,지능형반도체전공,자연,35,6,8,-,1,5,-,,,,
10,,모빌리티시스템전공,자연,25,4,7,-,1,3,-,,,,
10,신과대학,신학과†,인문,47,10,12,-,3,-,-,○,,,
10,사회과학대학,정치외교학과,인문,71,13,16,-,6,6,-,○,,,
10,,행정학과,인문,69,12,16,-,6,6,-,,,,
10,,사회복지학과,인문,27,5,7,-,2,-,-,,,,
10,,사회학과†,인문,34,6,8,-,3,5,-,,,,
10,,문화인류학과,인문,14,4,4,-,1,-,-,,,,
10,,언론홍보영상학부,인문,38,6,8,-,3,5,-,,,,
10,생활과학대학,의류환경학과†,통합,26,5,10,-,2,-,-,○,,,
10,,식품영양학과†,통합,25,5,9,-,2,-,-,,,,
10,,실내건축학과,통합,25,5,9,-,2,-,-,,,,
10,,아동·가족학과†,통합,26,5,10,-,2,-,-,,,,
10,,통합디자인학과,통합,25,5,9,-,2,-,-,,,,
11,교육과학대학,교육학부†,인문,54,9,12,-,4,4,-,○,,,
11,,체육교육학과†,체능,46,-,-,-,-,-,19,-,,,
11,,스포츠응용산업학과,체능,43,-,-,-,-,-,19,,,,
11,언더우드국제대학,언더우드학부(인문·사회),국제,165,-,-,30,-,-,109,-,,,
11,,언더우드학부(생명과학공학),국제,,-,-,5,-,-,11,,,,
11,,아시아학전공,국제,168,-,-,20,-,-,-,,,,
11,,융합인문사회과학부(HASS),국제,,-,-,130,-,-,-,,,,
11,,융합과학공학부(ISE),국제,80,-,-,60,-,-,-,,,,
11,글로벌인재대학,글로벌인재학부,국제,10,-,-,10,-,-,-,-,,,
11,의과대학,의예과,자연,110,15,45,-,3,-,-,○,,,
11,치과대학,치의예과,자연,60,10,12,-,2,10,-,○,,,
11,간호대학,간호학과†,통합,73,10,24,-,3,-,-,○,,,
11,약학대학,약학과,자연,30,5,7,-,1,5,-,○,,,
11,진리자유학부,,인문,128,19,24,-,-,12,-,-,,,
11,,,자연,136,21,27,-,-,12,-,,,,
11,문과대학,독어독문학과,교육과학대학,전  모집단위,,,,,,,,,,
11,공과대학,"도시공학과,  사회환경시스템공학부,
시스템반도체공학과,  디스플레이융합공학과",언더우드국제대학,"언더우드학부(생명과학공학),  아시아학전공",,,,,,,,,,
11,인공지능융합대학,"인공지능학과,  인공지능시스템학과, 
IT융합공학전공,  지능형반도체전공, 
모빌리티시스템전공",의과대학,의예과,,,,,,,,,,
11,신과대학,신학과,치과대학,치의예과,,,,,,,,,,
11,사회과학대학,"사회복지학과,  문화인류학과",간호대학,간호학과,,,,,,,,,,
11,음악대학,전  모집단위,약학대학,약학과,,,,,,,,,,
12,인공지능융합대학,"IT융합공학전공,  지능형반도체전공, 
모빌리티시스템전공",전  교육과정  국제캠퍼스  이수,,,,,,,,,,,
12,언더우드국제대학,"융합인문사회과학부(HASS), 
융합과학공학부(ISE)",,,,,,,,,,,,
12,약학대학,약학과,,,,,,,,,,,,
12,음악대학,모든  학과,전  교육과정  신촌캠퍼스  이수,,,,,,,,,,,
12,교육과학대학,"체육교육학과,  스포츠응용산업학과","1학년  2학기  이후  과정  신촌캠퍼스  이수
(단,  특기자전형[체육인재]로  입학한  학생은  전  교육과정  신촌캠퍼스  이수)",,,,,,,,,,,
12,0~1,"997,600","536,000","461,600",,,,,,,,,,
12,2~8,,"124,000","873,600",,,,,,,,,,
12,9~10,,"92,000","905,600",,,,,,,,,,
13,구분,,,"학생부
학생부종합전형
교과전형
국제형
활동
기회
추천형
해외고
우수형
균형
국내고
검정고시",,,,,논술전형,"고른기회
특기자전형
전형
국제
체육
특수교육
인재
인재
대상자",,,,
13,원서,"인터넷
원서접수","2025.9.9.(화)  10:00
      ~  9.11.(목)  17:00",○,○,○,○,○,○,○,○,○,,
13,"서류
제출","서류
업로드","원서접수  사이트에  업로드
2025.9.9.(화)  10:00
      ~  9.12.(금)  17:00",-,△,△,○,○,△,△,○,○,,
14,"온라인
(제공  동의)","- 학교생활기록부
- 검정고시  합격증명서  및  성적증명서","2025.9.9.(화)  10:00
~  9.11.(목)  17:00",원서접수  시  온라인  제공  동의,,,,,,,,,,
14,"온라인
(업로드)",하단의  ‘나.  1)  온라인  업로드  제출서류’  참조,"2025.9.9.(화)  10:00
~  9.12.(금)  17:00",원서접수  사이트에  PDF  업로드,,,,,,,,,,
14,학교생활기록부,"①  국내  고등학교  출신자  중  2021년  2월  이전  졸업자[2004학년도  졸업자(‘05.2.졸업)  ~  2020학년
도  졸업자(’21.2.졸업)  중  대입전형자료  온라인  제공  신청자  제외]
②  온라인  미제공  고등학교  출신자
③  기타  온라인으로  제공할  수  없는  자
④  국내  고등학교  재학사실이  있는  외국  소재  고등학교,  국내  학력인정  외국교육기관,  검정고시  출신자",,,,,,,,,,,,
14,졸업(예정)증명서,"①  외국  소재  고등학교,  국내  학력인정  외국교육기관  졸업(예정)자
②  검정고시  출신자  중  대입전형자료  온라인  제공  미동의자",,,,,,,,,,,,
14,성적증명서,"①  외국  소재  고등학교,  국내  학력인정  외국교육기관  졸업(예정)자  또는  1학기  이상  이수한  자
②  검정고시  출신자  중  대입전형자료  온라인  제공  미동의자",,,,,,,,,,,,
14,표준화학력자료,"외국  소재  고등학교,  국내  학력인정  외국교육기관  졸업(예정)자  또는  1학기  이상  이수한  자",,,,,,,,,,,,
14,비교과활동  확인서,"외국  소재  고등학교,  국내  학력인정  외국교육기관  졸업(예정)자  또는  1학기  이상  이수한  자",,,,,,,,,,,,
14,"검정고시  비교과활동 
기록표/증빙서류",검정고시  출신자,,,,,,,,,,,,
14,지원자격  증빙서류,"학생부종합전형[기회균형],  특기자전형[체육인재],  고른기회전형[특수교육대상자]  지원자",,,,,,,,,,,,
14,기타서류,"아래의  서류제출  해당자에  한함
①  성명·주민등록번호  불일치  사항  확인서,  ②  전형료  환불신청서",,,,,,,,,,,,
15,학생부교과전형,추천형,◎,"원서접수  대행사이트  통한
추천명단  확인
[각  고등학교  담당교사]",-,,,,,,,,,
15,학생부종합전형,활동우수형,◎,-,△,,,,,,,,,
15,,"국내고
국제형
해외고
검정고시","◎
지원  불가",-,△,,,,,,,,,
15,,,,,,,,,,,,,,
15,,기회균형,◎,◎,△,,,,,,,,,
15,논술전형,,◎,-,△,,,,,,,,,
15,특기자전형,국제인재,◎,-,△,,,,,,,,,
15,,체육인재,◎,경기실적서류,△,,,,,,,,,
15,고른기회전형,특수교육대상자,◎,◎,△,,,,,,,,,
16,"학생부
교과전형",추천형,지원  불가,,,,,,,,,,,
16,"학생부
종합전형",활동우수형,"◎
◎
○
○
◎
-",,,,,,,,,,,
16,,"국내고
국제형
해외고
검정고시","지원  불가
◎",◎,○,"○
(해외고)","◎
(해외고)",-,,,,,,
16,,,,,,,,,,,,,,
16,,기회균형,◎,◎,○,○,◎,◎,,,,,,
16,논술전형,,◎,-,-,-,◎,-,,,,,,
16,"특기자
전형",국제인재,지원  불가,,,,,,,,,,,
16,,체육인재,"◎
◎
○
○
◎
경기실적",,,,,,,,,,,
16,"고른기회
전형",특수교육대상자,"◎
◎
○
○
◎
◎",,,,,,,,,,,
16,학생부교과전형,추천형,지원  불가,,,,,,,,,,,
16,학생부종합전형,활동우수형,"◎
◎
○
◎
△
△
-",,,,,,,,,,,
16,,"국내고
국제형
해외고
검정고시","지원  불가
◎",◎,○,◎,△,△,-,,,,,
16,,,,,,,,,,,,,,
16,,기회균형,◎,◎,○,◎,△,△,◎,,,,,
16,논술전형,,◎,-,-,◎,-,-,-,,,,,
16,특기자전형,국제인재,지원  불가,,,,,,,,,,,
16,,체육인재,"◎
◎
○
◎
△
△
경기실적",,,,,,,,,,,
16,고른기회전형,특수교육대상자,"◎
◎
○
◎
△
△
◎",,,,,,,,,,,
17,전형  구분,,,"검정고시  출신자
학교생활
비교과활동 
지원자격
합격증명서
성적증명서
기록부
기록표/증빙서류
증빙서류",,,,,,,,,,
17,학생부교과전형,추천형,,지원  불가,,,,,,,,,,
17,학생부종합전형,활동우수형,,"◎
◎
△
○
-",,,,,,,,,,
17,,국제형,국내고,지원  불가,,,,,,,,,,
17,,,"해외고
검정고시",◎,◎,△,○,-,,,,,,
17,,기회균형,,◎,◎,△,○,◎,,,,,,
17,논술전형,,,◎,-,△,-,-,,,,,,
17,특기자전형,국제인재,,지원  불가,,,,,,,,,,
17,,체육인재,,"◎
◎
△
○
경기실적",,,,,,,,,,
17,고른기회전형,특수교육대상자,,"◎
◎
△
○
◎",,,,,,,,,,
18,학생부교과전형[추천형],,,"9.9.(화)
10:00
~
9.11.(목) 
17:00",-,-,-,12.12.(금),,,,,,
18,"학생부
종합전형",활동우수형(인문·통합),,,,11.10.(월),11.15.(토),,,,,,,
18,,활동우수형(자연),,,,,11.16.(일),,,,,,,
18,,국제형,"국내고
해외고
/검정고시",,,11.17.(월),11.22.(토),,,,,,,
18,,기회균형,,,,10.27.(월),11.1.(토),,,,,,,
18,논술전형,,,,9.27.(토),-,-,,,,,,,
18,특기자전형,국제인재,,,-,10.27.(월),11.2.(일),,,,,,,
18,,체육인재,,,,,,,,,,,,
18,고른기회전형,특수교육대상자,,,-,-,-,,,,,,,
19,학생부교과전형,추천형,"2025.12.12.(금)
18:00","2025.12.18.(목)
10:00","2025.12.20.(토)
10:00","2025.12.22.(월)
10:00","2025.12.23.(화)
14:00",,,,,,,
19,학생부종합전형,활동우수형,,,,,,,,,,,,
19,,국제형,,,,,,,,,,,,
19,,기회균형,,,,,,,,,,,,
19,논술전형,,,,,,,,,,,,,
19,특기자전형,국제인재,,,,,,,,,,,,
19,,체육인재,,,,,,,,,,,,
19,고른기회전형,특수교육대상자,,,,,,,,,,,,
19,최초  합격자  등록,,,"2025.12.15.(월)  10:00  ~ 
12.17.(수)  16:00",,,,,,,,,,
19,미등록  충원,1차,충원  합격자  발표,2025.12.18.(목)  10:00,"인터넷  발표만  실시
(연세대학교  입학처  홈페이지)",,,,,,,,,
19,,,등록,2025.12.18.(목)  ~  12.19.(금)  14:00,,,,,,,,,,
19,,2차,충원  합격자  발표,2025.12.20.(토)  10:00,,,,,,,,,,
19,,,등록,2025.12.20.(토)  ~  12.21.(일)  14:00,,,,,,,,,,
19,,3차,충원  합격자  발표,2025.12.22.(월)  10:00,,,,,,,,,,
19,,,등록,2025.12.22.(월)  16:00까지,,,,,,,,,,
19,,4차,충원  합격자  발표,2025.12.23.(화)  14:00,,,,,,,,,,
19,,,등록,2025.12.23.(화)  ~  12.24.(수)  16:00,,,,,,,,,,
19,최종  등록금  고지서  출력  및  납부  (본등록),,,2026.2.3.(화)  ~  2.5.(목)  16:00,합격자  발표  시  상세  안내,,,,,,,,,
20,추천형,"65,000",-,"64,000",일괄합산  전형,,,,,,,,,
20,"활동우수형,  국제형,  국제인재,  체육인재","95,000","30,000","94,000",단계별  전형,,,,,,,,,
20,기회균형1),"65,000","15,000","64,000",,,,,,,,,,
20,논술전형,"75,000",-,"74,000",일괄합산  전형,,,,,,,,,
20,고른기회[특수교육대상자],"65,000",-,"64,000",일괄합산  전형,,,,,,,,,
24,대학,모집단위,계열,모집인원,,,,,,,,,,
24,생명시스템대학,시스템생물학과†,자연,4,,,,,,,,,,
24,,생화학과†,자연,4,,,,,,,,,,
24,,생명공학과,자연,10,,,,,,,,,,
24,인공지능융합대학,첨단컴퓨팅학부,자연,25,,,,,,,,,,
24,,IT융합공학전공,자연,5,,,,,,,,,,
24,,지능형반도체전공,자연,6,,,,,,,,,,
24,,모빌리티시스템전공,자연,4,,,,,,,,,,
24,신과대학,신학과†,인문,10,,,,,,,,,,
24,사회과학대학,정치외교학과,인문,13,,,,,,,,,,
24,,행정학과,인문,12,,,,,,,,,,
24,,사회복지학과,인문,5,,,,,,,,,,
24,,사회학과†,인문,6,,,,,,,,,,
24,,문화인류학과,인문,4,,,,,,,,,,
24,,언론홍보영상학부,인문,6,,,,,,,,,,
24,생활과학대학,의류환경학과†,통합,5,,,,,,,,,,
24,,식품영양학과†,통합,5,,,,,,,,,,
24,,실내건축학과,통합,5,,,,,,,,,,
24,,아동ㆍ가족학과†,통합,5,,,,,,,,,,
24,,통합디자인학과,통합,5,,,,,,,,,,
24,교육과학대학,교육학부†,인문,9,,,,,,,,,,
24,의과대학,의예과,자연,15,,,,,,,,,,
24,치과대학,치의예과,자연,10,,,,,,,,,,
24,간호대학,간호학과†,통합,10,,,,,,,,,,
24,약학대학,약학과,자연,5,,,,,,,,,,
24,진리자유학부,,인문,19,,,,,,,,,,
24,,,자연,21,,,,,,,,,,
24,합계,,,529,,,,,,,,,,
24,대학,모집단위,계열,모집인원,,,,,,,,,,
24,문과대학,국어국문학과†,인문,7,,,,,,,,,,
24,,중어중문학과†,인문,5,,,,,,,,,,
24,,영어영문학과†,인문,12,,,,,,,,,,
24,,독어독문학과†,인문,5,,,,,,,,,,
24,,불어불문학과†,인문,6,,,,,,,,,,
24,,노어노문학과†,인문,5,,,,,,,,,,
24,,사학과†,인문,7,,,,,,,,,,
24,,철학과†,인문,6,,,,,,,,,,
24,,문헌정보학과†,인문,5,,,,,,,,,,
24,,심리학과†,인문,5,,,,,,,,,,
24,상경대학,경제학부,인문,24,,,,,,,,,,
24,,응용통계학과,인문,7,,,,,,,,,,
24,경영대학,경영학과,인문,34,,,,,,,,,,
24,이과대학,수학과†,자연,5,,,,,,,,,,
24,,물리학과†,자연,5,,,,,,,,,,
24,,화학과†,자연,8,,,,,,,,,,
24,,지구시스템과학과†,자연,5,,,,,,,,,,
24,,천문우주학과,자연,5,,,,,,,,,,
24,,대기과학과,자연,5,,,,,,,,,,
24,공과대학,화공생명공학부,자연,14,,,,,,,,,,
24,,전기전자공학부,자연,28,,,,,,,,,,
24,,건축공학과,자연,13,,,,,,,,,,
24,,도시공학과,자연,5,,,,,,,,,,
24,,사회환경시스템공학부,자연,13,,,,,,,,,,
24,,기계공학부,자연,20,,,,,,,,,,
24,,신소재공학부,자연,17,,,,,,,,,,
24,,산업공학과,자연,5,,,,,,,,,,
24,,시스템반도체공학과,자연,20,,,,,,,,,,
24,,디스플레이융합공학과,자연,5,,,,,,,,,,
24,공통과목,"국어,  수학,  영어,  사회,  과학  교과영역에서  각  교과  당  1과목  이상  이수
Ÿ
해당  이수과목은  원점수,  평균,  표준편차,  석차등급이  모두  기재되어야  함
Ÿ",5  과목,,,,,,,,,,,
24,일반선택과목,"국어,  수학,  영어,  사회,  과학  교과영역에서  5과목  이상  이수
Ÿ
해당  이수과목은  원점수,  평균,  표준편차,  석차등급이  모두  기재되어야  함
Ÿ",5  과목,,,,,,,,,,,
24,진로선택과목,"국어,  수학,  영어,  사회,  과학  교과영역에서  1과목  이상  이수
Ÿ",1  과목,,,,,,,,,,,
25,추천형,인문,,"국어,  수학  중  1개  과목을  포함하여  2개  과목  등급  합  4  이내",3등급  이내,4등급  이내,,,,,,,,
25,,자연,일반,수학을  포함하여  2개  과목  등급  합  5  이내,,,,,,,,,,
25,,,의예/치의예/약학,"국어,  수학  중  1개  과목을  포함하여  1등급  2개  이상",,,,,,,,,,
25,,"통합
(생활과학대학,  간호대학)",,"인문  또는  자연계열(일반)의  수능  최저학력기준  중  하나를  만족
해야  함",,,,,,,,,,
25,지원자,인터넷  원서접수(온라인),9.9.(화)  10:00  ~  9.11.(목)  17:00,입학처  홈페이지,,,,,,,,,,
25,각  고등학교,"추천대상자  명단  확인
[추천/비추천  여부  체크]",9.15.(월)  09:00  ~  9.19.(금)  18:00,"고등학교별  지정  담당교사가  해당  기간에  추천/비추천  확인
[자세한  사항은  홈페이지  안내  예정]",,,,,,,,,,
25,지원자,최종합격자  발표,12.12.(금)  18:00,"등록  및  충원  일정은  14쪽  ‘Ⅳ_2.  합격자  발표  및 
등록일정’  참조",,,,,,,,,,
26,구분,,"지원자
고교
①
②
③
학생부
학생부 
추천대상자  명단
(일괄  다운로드)
(온라인  업로드)",,,,,,,,,,,
26,"국내
고등학교","학생부  온라인
제공  동의자",◎,-,"각  고등학교  담당교사가
원서접수  대행  사이트에서
추천여부  확인",,,,,,,,,
26,,"학생부  온라인
제공  불가한  자",-,◎,,,,,,,,,,
27,대학,모집단위,계열,모집인원,,,,,,,,,,
27,생명시스템대학,생명과학부†,자연,6,,,,,,,,,,
27,,시스템생물학과†,자연,5,,,,,,,,,,
27,,생화학과†,자연,4,,,,,,,,,,
27,,생명공학과,자연,10,,,,,,,,,,
27,인공지능융합대학,첨단컴퓨팅학부,자연,34,,,,,,,,,,
27,,IT융합공학전공,자연,5,,,,,,,,,,
27,,지능형반도체전공,자연,8,,,,,,,,,,
27,,모빌리티시스템전공,자연,7,,,,,,,,,,
27,신과대학,신학과†,인문,12,,,,,,,,,,
27,사회과학대학,정치외교학과,인문,16,,,,,,,,,,
27,,행정학과,인문,16,,,,,,,,,,
27,,사회복지학과,인문,7,,,,,,,,,,
27,,사회학과†,인문,8,,,,,,,,,,
27,,문화인류학과,인문,4,,,,,,,,,,
27,,언론홍보영상학부,인문,8,,,,,,,,,,
27,생활과학대학,의류환경학과†,통합,10,,,,,,,,,,
27,,식품영양학과†,통합,9,,,,,,,,,,
27,,실내건축학과,통합,9,,,,,,,,,,
27,,아동ㆍ가족학과†,통합,10,,,,,,,,,,
27,,통합디자인학과,통합,9,,,,,,,,,,
27,교육과학대학,교육학부†,인문,12,,,,,,,,,,
27,의과대학,의예과,자연,45,,,,,,,,,,
27,치과대학,치의예과,자연,12,,,,,,,,,,
27,간호대학,간호학과†,통합,24,,,,,,,,,,
27,약학대학,약학과,자연,7,,,,,,,,,,
27,진리자유학부,,인문,24,,,,,,,,,,
27,,,자연,27,,,,,,,,,,
27,합계,,,729,,,,,,,,,,
27,대학,모집단위,계열,모집인원,,,,,,,,,,
27,문과대학,국어국문학과†,인문,10,,,,,,,,,,
27,,중어중문학과†,인문,7,,,,,,,,,,
27,,영어영문학과†,인문,15,,,,,,,,,,
27,,독어독문학과†,인문,6,,,,,,,,,,
27,,불어불문학과†,인문,7,,,,,,,,,,
27,,노어노문학과†,인문,6,,,,,,,,,,
27,,사학과†,인문,9,,,,,,,,,,
27,,철학과†,인문,7,,,,,,,,,,
27,,문헌정보학과†,인문,6,,,,,,,,,,
27,,심리학과†,인문,8,,,,,,,,,,
27,상경대학,경제학부,인문,32,,,,,,,,,,
27,,응용통계학과,인문,11,,,,,,,,,,
27,경영대학,경영학과,인문,38,,,,,,,,,,
27,이과대학,수학과†,자연,7,,,,,,,,,,
27,,물리학과†,자연,6,,,,,,,,,,
27,,화학과†,자연,10,,,,,,,,,,
27,,지구시스템과학과†,자연,5,,,,,,,,,,
27,,천문우주학과,자연,5,,,,,,,,,,
27,,대기과학과,자연,5,,,,,,,,,,
27,공과대학,화공생명공학부,자연,16,,,,,,,,,,
27,,전기전자공학부,자연,33,,,,,,,,,,
27,,건축공학과,자연,14,,,,,,,,,,
27,,도시공학과,자연,6,,,,,,,,,,
27,,사회환경시스템공학부,자연,14,,,,,,,,,,
27,,기계공학부,자연,21,,,,,,,,,,
27,,신소재공학부,자연,18,,,,,,,,,,
27,,산업공학과,자연,7,,,,,,,,,,
27,,시스템반도체공학과,자연,38,,,,,,,,,,
27,,디스플레이융합공학과,자연,14,,,,,,,,,,
28,구분,의과대학  의예과,의예과  外  모집단위,,,,,,,,,,,
28,면접평가유형,대면  면접,현장  녹화  면접,,,,,,,,,,,
28,면접평가방법,"지원자  1명을  대상으로 
복수의  평가위원이  평가함","면접  당일  지원자가 
현장에서  녹화한  영상을 
복수의  평가위원이  평가함",,,,,,,,,,,
28,면접평가내용,제시문  기반  인·적성  면접,"제시문  기반  논리적  사고력 
및  의사소통  능력  평가",,,,,,,,,,,
28,단계별  전형,1단계,400%,100,-,"∙  서류평가자료:  학교생활기록부
∙  서류평가방법:  복수의  평가위원에  의한  종합평가
∙  서류평가내용:  제출서류를  바탕으로  학업역량,  진로역량,  공동체역량  등을  종합
평가함
    -  비교과영역은  학교생활기록부에  기록되어  있는  내용만  평가에  반영함(비교과
에  관한  증빙서류  및  기타서류는  제출  불가)
※  학교폭력예방  및  대책에  관한  법률  제17조에  따른  처분을  받은  자는  1단계  서
류평가에서  정성평가로  반영함",,,,,,,,
28,,2단계,100%,60,40,"∙  2단계  평가대상자에  한하여  면접평가를  실시하고  1단계  점수와  합산하여  최종
합격자를  선발함
구분
면접평가유형
면접평가방법
면접평가내용","의과대학  의예과
대면  면접
지원자  1명을  대상으로 
복수의  평가위원이  평가함
제시문  기반  인·적성  면접","의예과  外  모집단위
현장  녹화  면접
면접  당일  지원자가 
현장에서  녹화한  영상을 
복수의  평가위원이  평가함
제시문  기반  논리적  사고력 
및  의사소통  능력  평가",,,,,,
28,,,,,,,,,,,,,,
28,,,,,,,,,,,,,,
28,,,,,,,,,,,,,,
28,,,,,,,,,,,,,,
28,,,,,,,,,,,,,,
28,활동우수형,인문,,"국어,  수학  중  1개  과목을  포함하여  2개  과목  등급  합  4  이내",3등급  이내,4등급  이내,,,,,,,,
28,,자연,일반,수학을  포함하여  2개  과목  등급  합  5  이내,,,,,,,,,,
28,,,의예/치의예/약학,"국어,  수학  중  1개  과목을  포함하여  1등급  2개  이상",,,,,,,,,,
28,,"통합
(생활과학대학,  간호대학)",,"인문  또는  자연계열(일반)의  수능  최저학력기준  중  하나를  만족
해야  함",,,,,,,,,,
29,인터넷  원서접수(온라인),9.9.(화)  10:00  ~  9.11.(목)  17:00,입학처  홈페이지,,,,,,,,,,,
29,서류제출(온라인  업로드),9.9.(화)  10:00  ~  9.12.(금)  17:00,원서접수  사이트에  업로드,,,,,,,,,,,
29,1단계  합격자  발표,11.10.(월)  17:00,입학처  홈페이지,,,,,,,,,,,
29,면접평가,"인문·통합계열:  11.15.(토)
자연계열:  11.16.(일)","장소  및  시간은  1단계  합격자  발표  시  안내
(모집단위별  면접  일정은  ‘활동우수형  면접평가  상세  일정’  참조)",,,,,,,,,,,
29,최종합격자  발표,12.12.(금)  18:00,등록  및  충원  일정은  14쪽  ‘Ⅳ_2.  합격자  발표  및  등록일정’  참조,,,,,,,,,,,
29,오전,"-  문과대학(국어국문학과,  중어중문학과,  영어영문학과, 
독어독문학과,  불어불문학과,  노어노문학과,  사학과, 
철학과,  문헌정보학과,  심리학과)
  -  생활과학대학(의류환경학과,  식품영양학과, 
실내건축학과,  아동·가족학과,  통합디자인학과)","-  의과대학(의예과)
  -  이과대학(수학과,  물리학과,  화학과,  지구시스템과학과, 
천문우주학과,  대기과학과)
  -  생명시스템대학(생명과학부,  시스템생물학과,  생화학과, 
생명공학과)
  -  인공지능융합대학(첨단컴퓨팅학부,  IT융합공학전공,  지능형반도
체전공,  모빌리티시스템전공)
  -  치과대학(치의예과)",,,,,,,,,,,
29,오후,"-  상경대학(경제학부,  응용통계학과)
  -  경영대학(경영학과)
  -  신과대학(신학과)
  -  사회과학대학(정치외교학과,  행정학과,  사회복지학과, 
      사회학과,  문화인류학과,  언론홍보영상학부)
  -  교육과학대학(교육학부)
  -  간호대학(간호학과)
  -  진리자유학부(인문)","-  의과대학(의예과)
  -  공과대학(화공생명공학부,  전기전자공학부,  건축공학과,  도시공
학과,  사회환경시스템공학부,  기계공학부,  신소재공학부,  산업
공학과,  시스템반도체공학과,  디스플레이융합공학과)
  -  약학대학(약학과)
  -  진리자유학부(자연)",,,,,,,,,,,
30,구분,"지원자
고교
①
②
③
④
⑤
⑥
⑦
⑧
⑨
⑩
비교과
학생부
학생부
졸업
비교과
수학
해외학교
국내
조기졸업
성적
활동
(일괄 
(온라인 
(예정)
활동
기간 
관련사항
학력인정
예정자
기록표
증명서
다운로드)
업로드)
증명서
확인서
기록표*
기록표*
확인서**
명단**
/증빙서류",,,,,,,,,,,,
30,"학생부  온라인
제공  동의자
국내
고등학교
학생부  온라인
제공  불가한  자","◎
-","-
◎","-
-","△
△","△
△","-
-","△
△","△
△","-
-","△
△",,,
30,,,,,,,,,,,,,,
30,외국  소재  고등학교,-,△,◎,◎,○,-,○,◎,-,△,,,
30,국내  학력인정  외국교육기관,-,△,◎,◎,○,-,△,△,◎,△,,,
30,검정고시,-,△,"◎
(합격증명서)",◎,-,○,-,-,-,-,,,
32,대학,모집단위,모집인원,,,,,,,,,,,
32,,,국내고,해외고/검정고시,,,,,,,,,,
32,언더우드국제대학,언더우드학부(인문·사회),-,30,,,,,,,,,,
32,,언더우드학부(생명과학공학),-,5,,,,,,,,,,
32,,아시아학전공,20,-,,,,,,,,,,
32,,융합인문사회과학부(HASS),100,30,,,,,,,,,,
32,,융합과학공학부(ISE),40,20,,,,,,,,,,
32,글로벌인재대학,글로벌인재학부,-,10,,,,,,,,,,
32,합계,,160,95,,,,,,,,,,
33,단계별  전형,1단계,국내고,400%,100,-,"∙  서류평가자료
    -  국내고:  학교생활기록부
    -  해외고/검정고시:  성적증명서,  비교과활동  확인서(기록표)
∙  서류평가방법:  복수의  평가위원에  의한  종합평가
∙  서류평가내용:  제출서류를  바탕으로  학업역량,  진로역량,  공동체역량  등
을  종합평가함
    -  국내고:  비교과영역은  학교생활기록부에  기록되어  있는  내용만  평가
에  반영함(비교과에  관한  증빙서류  및  기타서류는  제출  불가.  단,  외
국  소재  고등학교,  국내  학력인정  외국교육기관을  1학기  이상  이수한 
경우  국내  고교  학교생활기록부의  비교과부분에  상응하는  자료를  비
교과활동  확인서로  제출할  수  있음)
    -  해외고/검정고시:  비교과영역은  비교과활동  확인서(기록표)에  기록되
어  있는  내용만  평가에  반영함.  제출  시  공인어학성적  및  수학/과학
/외국어  교과  관련  교외  수상  서류는  제출할  수  없음(자세한  사항은 
‘6.  제출서류’  참조)
※  학교폭력예방  및  대책에  관한  법률  제17조에  따른  처분을  받은  자는 
1단계  서류평가에서  정성평가로  반영함",,,,,,,
33,,,"해외고
검정고시",300%,,,,,,,,,,
33,,2단계,100%,,60,40,"∙  2단계  평가대상자에  한하여  면접평가를  실시하고  1단계  점수와  합산하
여  최종합격자를  선발함
∙  면접평가유형:  현장  녹화  면접
∙  면접평가방법:  면접  당일  지원자가  현장에서  녹화한  영상을  복수의  평
가위원이  평가함
∙  면접평가내용
    -  제시문  기반  논리적  사고력  및  의사소통  능력을  평가함
    -  제시문이  영어로  출제될  수  있음",,,,,,,
33,국제형,국내고,"국어,  수학  중  1개  과목을  포함하여  2개  과목  등급  합  5  이내 
2등급  이내
4등급  이내",,,,,,,,,,,
33,,해외고/검정고시,수능최저학력기준  적용하지  않음,,,,,,,,,,,
34,인터넷  원서접수(온라인),9.9.(화)  10:00  ~  9.11.(목)  17:00,입학처  홈페이지,,,,,,,,,,,
34,서류제출(온라인  업로드),9.9.(화)  10:00  ~  9.12.(금)  17:00,원서접수  사이트에  업로드,,,,,,,,,,,
34,1단계  합격자  발표,11.17.(월),입학처  홈페이지,,,,,,,,,,,
34,면접평가,11.22.(토),장소  및  시간은  1단계  합격자  발표  시  안내,,,,,,,,,,,
34,최종합격자  발표,12.12.(금)  18:00,등록  및  충원  일정은  14쪽  ‘Ⅳ_2.  합격자  발표  및  등록일정’  참조,,,,,,,,,,,
34,구분,"지원자
고교
①
②
③
④
⑤
⑥
⑦
⑧
⑨
⑩
비교과
학생부
학생부
졸업
비교과
수학
해외학교
국내
조기졸업
성적
활동
(일괄 
(온라인 
(예정)
활동
기간 
관련사항
학력인정
예정자
기록표
증명서
다운로드)
업로드)
증명서 
확인서
기록표*
기록표*
확인서**
명단**
/증빙서류",,,,,,,,,,,,
34,"학생부  온라인
제공  동의자
국내
고등학교
학생부  온라인
제공  불가한  자","◎
-","-
◎","-
-","△
△","△
△","-
-","△
△","△
△","-
-","△
△",,,
34,,,,,,,,,,,,,,
34,외국  소재  고등학교,-,△,◎,◎,○,-,○,◎,-,△,,,
34,국내  학력인정  외국교육기관,-,△,◎,◎,○,-,△,△,◎,△,,,
34,검정고시,-,△,"◎
(합격증명서)",◎,-,○,-,-,-,-,,,
37,"언더우드학부
(Underwood  Division)","인문·사회
생명과학공학","비교문학과문화전공 
Comparative  Literature  and  Culture
경제학전공 
Economics
국제학전공 
International  Studies
정치외교학전공 
Political  Science  and  International  Relations
생명과학공학전공 
Life  Science  and  Biotechnology",,,,,,,,,,,
37,"융합인문사회과학부
(HASS:  Humanities,  Arts  and
Social  Sciences  Division)","아시아학전공 
Asian  Studies
문화·디자인경영전공 
Culture  and  Design  Management
정보·인터랙션디자인전공 
Information  and  Interaction  Design
창의기술경영전공 
Creative  Technology  Management
사회정의리더십전공 
Justice  and  Civil  Leadership
계량위험관리전공 
Quantitative  Risk  Management
과학기술정책전공 
Science,  Technology  and  Policy
지속개발협력전공 
Sustainable  Development  and  Cooperation",,,,,,,,,,,,
37,"융합과학공학부
(ISE:  Integrated  Science  and 
Engineering  Division)","나노과학공학전공 
Nano  Science  and  Engineering
에너지환경융합전공 
Energy  and  Environmental  Science  and  Engineering
바이오융합전공 
Bio-Convergence",,,,,,,,,,,,
38,대학,모집단위,계열,모집인원,,,,,,,,,,
38,생명시스템대학,시스템생물학과†,자연,2,,,,,,,,,,
38,,생화학과†,자연,2,,,,,,,,,,
38,,생명공학과,자연,4,,,,,,,,,,
38,인공지능융합대학,첨단컴퓨팅학부,자연,14,,,,,,,,,,
38,,지능형반도체전공,자연,1,,,,,,,,,,
38,,모빌리티시스템전공,자연,1,,,,,,,,,,
38,신과대학,신학과†,인문,3,,,,,,,,,,
38,사회과학대학,정치외교학과,인문,6,,,,,,,,,,
38,,행정학과,인문,6,,,,,,,,,,
38,,사회복지학과,인문,2,,,,,,,,,,
38,,사회학과†,인문,3,,,,,,,,,,
38,,문화인류학과,인문,1,,,,,,,,,,
38,,언론홍보영상학부,인문,3,,,,,,,,,,
38,생활과학대학,의류환경학과†,통합,2,,,,,,,,,,
38,,식품영양학과†,통합,2,,,,,,,,,,
38,,실내건축학과,통합,2,,,,,,,,,,
38,,아동ㆍ가족학과†,통합,2,,,,,,,,,,
38,,통합디자인학과,통합,2,,,,,,,,,,
38,교육과학대학,교육학부†,인문,4,,,,,,,,,,
38,의과대학,의예과,자연,3,,,,,,,,,,
38,치과대학,치의예과,자연,2,,,,,,,,,,
38,간호대학,간호학과†,통합,3,,,,,,,,,,
38,약학대학,약학과,자연,1,,,,,,,,,,
38,합계,,,196,,,,,,,,,,
38,대학,모집단위,계열,모집인원,,,,,,,,,,
38,문과대학,국어국문학과†,인문,3,,,,,,,,,,
38,,중어중문학과†,인문,2,,,,,,,,,,
38,,영어영문학과†,인문,5,,,,,,,,,,
38,,독어독문학과†,인문,2,,,,,,,,,,
38,,불어불문학과†,인문,2,,,,,,,,,,
38,,노어노문학과†,인문,2,,,,,,,,,,
38,,사학과†,인문,3,,,,,,,,,,
38,,철학과†,인문,2,,,,,,,,,,
38,,문헌정보학과†,인문,2,,,,,,,,,,
38,,심리학과†,인문,3,,,,,,,,,,
38,상경대학,경제학부,인문,11,,,,,,,,,,
38,,응용통계학과,인문,4,,,,,,,,,,
38,경영대학,경영학과,인문,15,,,,,,,,,,
38,이과대학,수학과†,자연,3,,,,,,,,,,
38,,물리학과†,자연,2,,,,,,,,,,
38,,화학과†,자연,3,,,,,,,,,,
38,,지구시스템과학과†,자연,2,,,,,,,,,,
38,,천문우주학과,자연,2,,,,,,,,,,
38,,대기과학과,자연,2,,,,,,,,,,
38,공과대학,화공생명공학부,자연,6,,,,,,,,,,
38,,전기전자공학부,자연,12,,,,,,,,,,
38,,건축공학과,자연,6,,,,,,,,,,
38,,도시공학과,자연,3,,,,,,,,,,
38,,사회환경시스템공학부,자연,5,,,,,,,,,,
38,,기계공학부,자연,8,,,,,,,,,,
38,,신소재공학부,자연,8,,,,,,,,,,
38,,산업공학과,자연,2,,,,,,,,,,
38,,시스템반도체공학과,자연,5,,,,,,,,,,
39,국가보훈대상자,,"∙  국가보훈대상자로서  아래의  보훈관계법령에  따른  교육지원  대상자  중  보훈(지)청장이  발급하는  대학입학특별전형
대상자증명서를  제출할  수  있는  자",,,,,,,,,,,
39,,"독립유공자
국가유공자
5·18민주유공자
고엽제후유의증 
유공자
특수임무유공자
보훈보상대상자","∙  「독립유공자예우에  관한  법률」  제15조  제2항에  해당하는  자
∙  「국가유공자  등  예우  및  지원에  관한  법률」  제22조  제1항에  해당하는  자  및  해당  법률을  준용하는  자
∙  「5·18민주유공자예우  및  단체설립에  관한  법률」  제12조  제1항에  해당하는  자
∙  「고엽제후유의증  등  환자지원  및  단체설립에  관한  법률」  제7조의5  제1항에  해당하는  자
∙  「특수임무유공자  예우  및  단체설립에  관한  법률」  제11조  제1항에  해당하는  자
∙  「보훈보상대상자  지원에  관한  법률」  제25조  제1항에  해당하는  자",,,,,,,,,,,
39,국민기초생활수급자,,"∙  「국민기초생활  보장법」  제2조  제1호(수급권자),  제2호(수급자)에  따른  국민기초생활수급자
    -  지원자  본인이  수급(권)자일  경우만  인정",,,,,,,,,,,
39,차상위계층,,"∙  「국민기초생활  보장법」  제2조  제10호(차상위계층)  중  복지급여를  받고  있는  가구의  세대  구성원  또는  차상위계
층  확인서  발급  대상  가구의  세대  구성원",,,,,,,,,,,
39,한부모가족,,∙  「한부모가족지원법」  제5조  또는  제5조의2에  따른  지원  대상  가구의  세대  구성원,,,,,,,,,,,
39,"농어촌학생
[초·중·고  전  교육과정]
[중·고  전  교육과정]",,"∙  초·중·고  전  교육과정  농어촌  이수자:  「지방자치법」  제3조에  의한  읍·면(광역시,  도,  도·농  통합시의  관할구역  안
에  두는  읍·면)  또는  「도서·벽지  교육진흥법  시행규칙」  제2조에  따른  도서·벽지  소재  초·중·고등학교에  입학하여 
전  교육과정을  이수한  졸업(예정)자로서,  초·중·고등학교  재학  기간  중  읍·면·도서·벽지  지역에서  거주한  자
    ※  고교  졸업  시까지  본인의  농어촌  거주요건을  충족시켜야  함
∙  중·고  전  교육과정  농어촌  이수자:  「지방자치법」  제3조에  의한  읍·면(광역시,  도,  도·농  통합시의  관할구역  안에 
두는  읍·면)  또는  「도서·벽지  교육진흥법  시행규칙」  제2조에  따른  도서·벽지  소재  중·고등학교에  입학하여  전  교
육과정을  이수한  졸업(예정)자로서,  중·고등학교  재학  기간  중  본인과  그의  부·모  모두가  읍·면·도서·벽지  지역에
서  거주한  자
    ※  고교  졸업  시까지  본인  및  부·모의  농어촌  거주요건을  충족시켜야  함 
∙  농어촌학생  세부  기준  사항
    -  고등학교(중학교,  초등학교)  재학  기간  중  행정구역  개편  등으로  읍·면·도서·벽지  지역이  도서·벽지  해제  지역 
또는  동  지역으로  변경된  경우  고등학교(중학교,  초등학교)  재학  기간  중  해당  지역을  읍·면·도서·벽지  지역으
로  인정함
    -  1학년  과정이  시작되는  당해  학년도의  입학일까지  농어촌  지역  학교  전입  및  주소  이전을  완료한  자만  지원
자격을  인정함
    -  읍·면  소재  영재학교,  과학고,  외국어고,  국제고,  예술고,  체육고,  특성화고/마이스터고  등에  재학한  사실이  있
는  자와  검정고시  합격자는  지원할  수  없음
    -  부  또는  모의  사망,  이혼  등의  사유가  발생한  경우  우리대학교의  입학사정관위원회가  정하는  바에  따라  지원
자격을  부여함",,,,,,,,,,,
40,단계별  전형,1단계,300%,100,-,"∙  서류평가자료:  학교생활기록부
∙  서류평가방법:  복수의  평가위원에  의한  종합평가
∙  서류평가내용:  제출서류를  바탕으로  학업역량,  진로역량,  공동체역량  등을  종합
평가함
    -  비교과영역은  학교생활기록부에  기록되어  있는  내용만  평가에  반영함(비교과
에  관한  증빙서류  및  기타서류는  제출  불가)
※  학교폭력예방  및  대책에  관한  법률  제17조에  따른  처분을  받은  자는  1단계  서
류평가에서  정성평가로  반영함",,,,,,,,
40,,2단계,100%,60,40,"∙  2단계  평가대상자에  한하여  면접평가를  실시하고  1단계  점수와  합산하여  최종
합격자를  선발함
∙  면접평가유형:  현장  녹화  면접
∙  면접평가방법:  면접  당일  지원자가  현장에서  녹화한  영상을  복수의  평가위원이 
평가함
∙  면접평가내용:  제시문  기반  논리적  사고력  및  의사소통  능력을  평가함",,,,,,,,
40,인터넷  원서접수(온라인),9.9.(화)  10:00  ~  9.11.(목)  17:00,입학처  홈페이지,,,,,,,,,,,
40,서류제출(온라인  업로드),9.9.(화)  10:00  ~  9.12.(금)  17:00,원서접수  사이트에  업로드,,,,,,,,,,,
40,1단계  합격자  발표,10.27.(월)  17:00,입학처  홈페이지,,,,,,,,,,,
40,면접평가,11.1.(토),장소  및  시간은  1단계  합격자  발표  시  안내,,,,,,,,,,,
40,최종합격자  발표,12.12.(금)  18:00,등록  및  충원  일정은  14쪽  ‘Ⅳ_2.  합격자  발표  및  등록일정’  참조,,,,,,,,,,,
41,구분,"지원자
고교
①
②
③
④
⑤
⑥
⑦
⑧
⑨
⑩
비교과
학생부
학생부
졸업
비교과
수학
해외학교
국내
조기졸업
성적
활동
(일괄 
(온라인 
(예정)
활동
기간 
관련사항
학력인정
예정자
기록표
증명서
다운로드)
업로드)
증명서 
확인서
기록표*
기록표*
확인서**
명단**
/증빙서류",,,,,,,,,,,,
41,"학생부  온라인
제공  동의자
국내
고등학교
학생부  온라인
제공  불가한  자","◎
-","-
◎","-
-","△
△","△
△","-
-","△
△","△
△","-
-","△
△",,,
41,,,,,,,,,,,,,,
41,외국  소재  고등학교,-,△,◎,◎,○,-,○,◎,-,△,,,
41,국내  학력인정  외국교육기관,-,△,◎,◎,○,-,△,△,◎,△,,,
41,검정고시,-,△,"◎
(합격증명서)",◎,-,○,-,-,-,-,,,
43,국가보훈대상자,"∙  대학입학특별전형대상자증명서(보훈번호와  대상구분)  1부
∙  [국가보훈대상자]  개인정보수집·이용·처리위탁  동의서(우리대학교  서식)  1부",,,,,,,,,,,,
43,국민기초생활수급자,∙  지원자  기준  국민기초생활수급자  증명서  1부,,,,,,,,,,,,
43,차상위계층,"∙  자격별  제출서류:  아래  서류  중  택  1
    -  차상위  건강보험본인부담금  경감대상자:  차상위  본인부담  경감대상자  증명서  1부
    -  차상위  자활근로자:  자활근로자  확인서  1부
    -  차상위  장애수당  수급자:  장애(아동)수당  대상자  확인서  1부
    -  차상위  장애인연금  부가급여  수급자:  장애인연금  대상자  확인서  1부
    -  차상위계층  확인서  발급가구(구  우선돌봄  차상위):  차상위계층  확인서  1부
∙  추가서류(차상위계층  대상자가  지원자  본인이  아닐  경우에  한함)
    -  차상위계층  대상자와  지원자의  관계를  증명할  수  있는  가족관계증명서  1부
    -  차상위계층  대상자  명의  주민등록표  등본  1부(지원자가  세대원으로  포함되어  있어야  함)",,,,,,,,,,,,
43,한부모가족,"∙  한부모가족  증명서  1부
∙  추가서류(한부모가족  지원  대상자가  지원자  본인이  아닐  경우에  한함)
    -  한부모가족  지원  대상자와  지원자의  관계를  증명할  수  있는  가족관계증명서  1부
    -  한부모가족  지원  대상자  명의  주민등록표  등본  1부(지원자가  세대원으로  포함되어  있어야  함)",,,,,,,,,,,,
43,"농어촌학생
[초·중·고  전  교육과정]
[중·고  전  교육과정]","∙  초·중·고  전  교육과정  농어촌  이수자
    -  학교장  지원자격  확인서  1부(우리대학교  서식)
    -  초등학교  및  중학교  학교생활기록부  각  1부
    -  지원자  주민등록표  초본  1부(주소  변동  내역  포함)
∙  중·고  전  교육과정  농어촌  이수자
    -  학교장  지원자격  확인서  1부(우리대학교  서식)
    -  중학교  학교생활기록부  1부
    -  지원자,  부,  모  주민등록표  초본  각  1부(주소  변동  내역  포함)
    -  지원자  기준  가족관계증명서  1부
    -  아래는  해당자에  한하여  제출
        ·  부모가  이혼한  경우
            ­  지원자  기준  기본증명서(상세)
            ­  지원자와  함께  거주하고  있는  부  또는  모  기준의  혼인관계증명서(상세)
        ·  부모가  사망한  경우
            ­  사망한  부  또는  모의  기본증명서(상세)  또는  제적등본
    -  부모의  실거주  요건  확인을  위해  별도  서류(직장  관련  서류  등)를  요청할  수  있음
[농어촌학생  최종등록자  추가  제출서류]
∙  농어촌학생  자격을  갖춘  최종등록자  중  2026년  2월  졸업예정자는  고등학교  졸업  시까지  농어촌 
지역에  거주해야  하며  이를  입증하기  위한  서류를  추가로  제출해야  함
    -  제출서류
        ·  공통서류:  졸업증명서(졸업일자가  기재되어  있어야  함)  1부
        ·  초·중·고  전  교육과정  농어촌  이수자:  지원자  주민등록표  초본  1부
        ·  중·고  전  교육과정  농어촌  이수자:  지원자,  부,  모  주민등록표  초본  각  1부
    -  증명서  발급  기준일:  지원자  본인의  고등학교  졸업일  이후
    -  제출  방법:  방문  또는  등기우편(백주년기념관  3층  입학전형실로  2026.3.2.(월)까지  제출)",,,,,,,,,,,,
44,대학,모집단위,계열,모집인원,,,,,,,,,,
44,생명시스템대학,시스템생물학과†,자연,4,,,,,,,,,,
44,,생화학과†,자연,3,,,,,,,,,,
44,,생명공학과,자연,8,,,,,,,,,,
44,인공지능융합대학,첨단컴퓨팅학부,자연,16,,,,,,,,,,
44,,IT융합공학전공,자연,5,,,,,,,,,,
44,,지능형반도체전공,자연,5,,,,,,,,,,
44,,모빌리티시스템전공,자연,3,,,,,,,,,,
44,사회과학대학,정치외교학과,인문,6,,,,,,,,,,
44,,행정학과,인문,6,,,,,,,,,,
44,,사회학과†,인문,5,,,,,,,,,,
44,,언론홍보영상학부,인문,5,,,,,,,,,,
44,교육과학대학,교육학부†,인문,4,,,,,,,,,,
44,치과대학,치의예과,자연,10,,,,,,,,,,
44,약학대학,약학과,자연,5,,,,,,,,,,
44,진리자유학부,,인문,12,,,,,,,,,,
44,,,자연,12,,,,,,,,,,
44,합계,,,335,,,,,,,,,,
44,대학,모집단위,계열,모집인원,,,,,,,,,,
44,문과대학,국어국문학과†,인문,4,,,,,,,,,,
44,,중어중문학과†,인문,4,,,,,,,,,,
44,,영어영문학과†,인문,5,,,,,,,,,,
44,,독어독문학과†,인문,4,,,,,,,,,,
44,,불어불문학과†,인문,4,,,,,,,,,,
44,,노어노문학과†,인문,4,,,,,,,,,,
44,,사학과†,인문,4,,,,,,,,,,
44,,철학과†,인문,4,,,,,,,,,,
44,,문헌정보학과†,인문,4,,,,,,,,,,
44,,심리학과†,인문,4,,,,,,,,,,
44,상경대학,경제학부,인문,5,,,,,,,,,,
44,,응용통계학과,인문,2,,,,,,,,,,
44,경영대학,경영학과,인문,15,,,,,,,,,,
44,이과대학,수학과†,자연,7,,,,,,,,,,
44,,물리학과†,자연,7,,,,,,,,,,
44,,화학과†,자연,7,,,,,,,,,,
44,,지구시스템과학과†,자연,6,,,,,,,,,,
44,,천문우주학과,자연,6,,,,,,,,,,
44,,대기과학과,자연,6,,,,,,,,,,
44,공과대학,화공생명공학부,자연,14,,,,,,,,,,
44,,전기전자공학부,자연,21,,,,,,,,,,
44,,건축공학과,자연,12,,,,,,,,,,
44,,도시공학과,자연,7,,,,,,,,,,
44,,사회환경시스템공학부,자연,15,,,,,,,,,,
44,,기계공학부,자연,19,,,,,,,,,,
44,,신소재공학부,자연,14,,,,,,,,,,
44,,산업공학과,자연,6,,,,,,,,,,
44,,시스템반도체공학과,자연,12,,,,,,,,,,
44,,디스플레이융합공학과,자연,4,,,,,,,,,,
45,일괄합산,100%,100,"∙  논술시험  성적  100%로  합격자를  선발함
∙  학교폭력예방  및  대책에  관한  법률  제17조에  따른  처분을  받은  자는  다음  각  호에  따라  처리함
조치사항
1호
2호
3호
4호
5호
6호
7호
8호
9호
감점
5
10
25
50
   
(100점  만점  기준)
    -  복수의  학교폭력조치사항이  확인될  경우  가장  높은  호수를  기준으로  적용함",,,,,,,,,,
45,구분,교육과정  과목명,,,,,,,,,,,,
45,국어,"국어,  화법과  작문,  독서,  언어와  매체, 
문학,  실용  국어,  심화  국어,  고전  읽기",,,,,,,,,,,,
45,영어,"영어,  영어  회화,  영어Ⅰ,  영어  독해와  작문, 
영어Ⅱ,  실용  영어,  영어권  문화,  진로  영어, 
영미  문학  읽기",,,,,,,,,,,,
45,"사회
(역사,  도덕 
포함)","통합사회,  한국지리,  세계지리,  세계사, 
동아시아사,  경제,  정치와  법,  사회・문화, 
생활과  윤리,  윤리와  사상,  여행지리, 
사회문제  탐구,  고전과  윤리,  한국사",,,,,,,,,,,,
45,시험일,2025.9.27.(토),,,,,,,,,,,,
45,시험시간,09:30~11:00  (90분),14:00~16:00  (120분),,,,,,,,,,,
45,"논술유형 
및  출제형식","○  논술유형
    -  대학  수학에  필요한  기본  학업역량  및  논리력,  창의력, 
종합적  사고능력  등을  평가하기  위한  논술시험","○  논술유형
    -  논리력,  창의력,  종합적  사고능력을  평가하기  위한  다면 
사고형  논술시험
    -  인문・사회  교과목의  통합형  문제
    -  영어  제시문이  포함될  수  있음
    -  수리・통계자료  또는  과학  관련  제시문이  포함될  수  있음",,,,,,,,,,,
45,"출제 
교육과정 
과목명","구분
교육과정  과목명
수학,  수학Ⅰ,  수학Ⅱ,  미적분,  확률과  통계, 
수학
실용  수학,  기하,  경제  수학,  수학과제  탐구","구분
국어
영어
사회
(역사,  도덕 
포함)","교육과정  과목명
국어,  화법과  작문,  독서,  언어와  매체, 
문학,  실용  국어,  심화  국어,  고전  읽기
영어,  영어  회화,  영어Ⅰ,  영어  독해와  작문, 
영어Ⅱ,  실용  영어,  영어권  문화,  진로  영어, 
영미  문학  읽기
통합사회,  한국지리,  세계지리,  세계사, 
동아시아사,  경제,  정치와  법,  사회・문화, 
생활과  윤리,  윤리와  사상,  여행지리, 
사회문제  탐구,  고전과  윤리,  한국사",,,,,,,,,,
45,,,,,,,,,,,,,,
45,,,,,,,,,,,,,,
45,,,,,,,,,,,,,,
45,,,,,,,,,,,,,,
45,,,,,,,,,,,,,,
45,,"2015  개정  교육과정  보통교과(공통과목,  일반선택,  진로선택)
2015  개정  교육과정  내의  타  교과(군)의  보통교과  내용이  포함될  수  있음",,,,,,,,,,,,
46,인터넷  원서접수(온라인),9.9.(화)  10:00  ~  9.11.(목)  17:00,입학처  홈페이지,,,,,,,,,,,
46,서류제출(온라인  업로드),9.9.(화)  10:00  ~  9.12.(금)  17:00,원서접수  사이트에  업로드,,,,,,,,,,,
46,논술시험  장소  공지,9.24.(수)  17:00,입학처  홈페이지,,,,,,,,,,,
46,논술시험,9.27.(토),고사장은  논술시험  장소  공지  시  안내,,,,,,,,,,,
46,최종합격자  발표,12.12.(금)  18:00,등록  및  충원  일정은  14쪽  ‘Ⅳ_2.  합격자  발표  및  등록일정’  참조,,,,,,,,,,,
46,구분,,"지원자
고교
①
②
③
④
⑤
⑥
학생부
학생부
해외학교
졸업(예정)
국내  학력인정
조기졸업
(일괄 
(온라인 
관련사항
증명서 
확인서**
예정자  명단**
다운로드)
업로드)
기록표*",,,,,,,,,,,
46,"국내
고등학교","학생부  온라인
제공  동의자",◎,-,-,-,-,△,,,,,,
46,,"학생부  온라인
제공  불가한  자",-,◎,△,-,-,△,,,,,,
46,외국  소재  고등학교,,-,△,◎,◎,-,△,,,,,,
46,국내  학력인정  외국교육기관,,-,△,◎,-,◎,△,,,,,,
46,검정고시,,-,△,"◎
(합격증명서)",-,-,-,,,,,,
48,대학,모집단위,모집인원,,,,,,,,,,,
48,언더우드국제대학,언더우드학부(인문·사회),109,,,,,,,,,,,
48,,언더우드학부(생명과학공학),11,,,,,,,,,,,
48,합계,,120,,,,,,,,,,,
48,단계별  전형,1단계,300%,100,-,"∙  서류평가자료:  학교생활기록부
∙  서류평가방법:  복수의  평가위원에  의한  종합평가
∙  서류평가내용:  제출서류를  바탕으로  학업역량,  진로역량,  공동체역량  등을  종합
평가함
    -  비교과영역은  학교생활기록부에  기록되어  있는  내용만  평가에  반영함(비교과
에  관한  증빙서류  및  기타서류는  제출  불가)
※  학교폭력예방  및  대책에  관한  법률  제17조에  따른  처분을  받은  자는  1단계  서
류평가에서  정성평가로  반영함",,,,,,,,
48,,2단계,100%,60,40,"∙  2단계  평가대상자에  한해  면접평가를  실시하고  1단계  점수와  합산하여  최종합
격자를  선발함
∙  면접평가유형:  현장  녹화  면접
∙  면접평가방법:  면접  당일  지원자가  현장에서  녹화한  영상을  복수의  평가위원이 
평가함
∙  면접평가내용
    -  제시문  기반  논리적  사고력  및  의사소통  능력을  평가하기  위한  영어구술  면
접을  실시함
    -  제시문이  영어로  출제될  수  있음
    -  언더우드학부(인문·사회)와  언더우드학부(생명과학공학)  면접  문항은  계열과 
관계  없이  동일함",,,,,,,,
49,인터넷  원서접수(온라인),9.9.(화)  10:00  ~  9.11.(목)  17:00,입학처  홈페이지,,,,,,,,,,,
49,서류제출(온라인  업로드),9.9.(화)  10:00  ~  9.12.(금)  17:00,원서접수  사이트에  업로드,,,,,,,,,,,
49,1단계  합격자  발표,10.27.(월)  17:00,입학처  홈페이지,,,,,,,,,,,
49,면접평가,11.2.(일),장소  및  시간은  1단계  합격자  발표  시  안내,,,,,,,,,,,
49,최종합격자  발표,12.12.(금)  18:00,등록  및  충원  일정은  14쪽  ‘Ⅳ_2.  합격자  발표  및  등록일정’  참조,,,,,,,,,,,
49,구분,,"지원자
고교
①
②
③
④
⑤
⑥
⑦
학생부
학생부
비교과
수학
해외학교
조기졸업
성적
(일괄 
(온라인 
활동
기간 
관련사항
예정자
증명서
다운로드)
업로드)
확인서
기록표*
기록표*
명단**",,,,,,,,,,,
49,"국내
고등학교","학생부  온라인
제공  동의자",◎,-,△,△,△,△,△,,,,,
49,,"학생부  온라인
제공  불가한  자",-,◎,△,△,△,△,△,,,,,
51,종목,모집단위  및  모집인원,,,,,,,,,,,,
51,,체육교육학과†,스포츠응용산업학과,,,,,,,,,,,
51,"축구
농구
야구
아이스하키
럭비","센터백[CB(2)],  라이트백[RB(1)], 
레프트윙포워드[LWF(1)]
가드(2)
우투수(2),  좌투수(2)
포워드(4)
플랭커  6번(1),  플랭커  7번(1),  스크럼  하프(1),  풀백(2)","레프트백[LB(1)],  미드필더[MF(2)],
센터포워드[CF(2)]
포워드(1),  센터(1)
유격수(2),  포수(1),  중견수(1)
디펜스(2),  골리(1)
프롭3번(2),  록4번(1),  넘버에이트(1),  센터12번(1)",,,,,,,,,,,
51,합계,19,19,,,,,,,,,,,
51,축구,"-  고교재학  중  국가대표  또는  청소년대표
-  고교재학  중  전국대회  8강  이상  진출한  팀의  선수
-  고등학교  3학년  주말리그  또는  전국대회에서  소속팀  총  경기  시간의  50%  이상  출전한  자",,,,,,,,,,,,
51,농구,"-  고교재학  중  국가대표  또는  청소년대표 
-  고교재학  중  전국대회  8강  이상  진출한  팀의  선수
-  고등학교  2학년  주말리그  또는  전국대회에서  소속팀  총  경기  시간의  50%  이상  출전한  자
-  고등학교  3학년  주말리그  또는  전국대회에서  소속팀  총  경기  시간의  50%  이상  출전한  자",,,,,,,,,,,,
51,야구,"-  고교재학  중  국가대표  또는  청소년대표
- 고등학교  2,3학년  중  소속  고교가  전국대회  16강  이상의  성적을  거둔  기록이  있으며,  해당  대회에서  출전 
기록이  1경기  이상  있는  자
-  고등학교  2,3학년  합산  주말리그  또는  전국대회에서  타자  40타석  또는  투수  20이닝  이상  출전한  자
    (단,  타자는  주  수비  포지션*에서  50이닝  이상  출전한  자이어야  하며,  주  포지션으로  지원해야  함)
    *주  수비  포지션:  경기실적증명서  기준으로  가장  많은  이닝을  출전한  포지션",,,,,,,,,,,,
51,아이스하키,"- 고교재학  중  국가대표  또는  U-18대표 
-  고교재학  중  전국대회  8강  이상  진출한  팀의  선수",,,,,,,,,,,,
51,럭비,"- 고교재학  중  국가대표  또는  청소년대표 
- 고교재학  중  전국대회  8강  이상  진출한  팀의  선수",,,,,,,,,,,,
52,단계별  전형,1단계,300%,"15점
5점
60점",-,"∙  학생부교과(15점):  정량평가(4. 
‘학교생활기록부  교과영역  반
영방법’  참조)
∙  학생부  비교과(5점):  복수의  평가위원에  의한  종합평가
∙  경기실적(60점):  정량평가",,,,,,,,
52,,2단계,100%,80점,20점,"∙  2단계  평가대상자에  한해  면접평가를  실시하고  1단계  점수와 
합산하여  최종합격자를  선발함
∙  면접평가유형:  대면  면접
∙  면접평가방법:  지원자  1명을  대상으로  복수의  평가위원이  면
접을  실시함
∙  면접평가내용:  지원자의  논리적  사고력과  의사  표현  능력,  체
육인으로서의  전문성  및  경기력  등을  평가",,,,,,,,
52,축구,"-  대표경력
-  대한축구협회  발급  리그실적증명서  상  표기된  2025년도  경기  출전  시간  비율
- 대한축구협회  발급  경기실적증명서  상  표기된  2025년도  경기  출전  시간  비율
- 대한축구협회  발급  경기실적증명서  상  표기된  2025년도  소속  팀  대회  최고  성적
- 대한축구협회  주최  2025년도  대회  개인  수상  실적",,,,,,,,,,,,
52,농구,"-  대표경력
- 전국대회  실적  및  기록
- 포지션  적격  여부",,,,,,,,,,,,
52,야구,"-  대표경력
- 전국대회  실적
- 주말리그  실적
- 개인  수상  실적",,,,,,,,,,,,
52,아이스하키,"-  대표경력
- 국제대회  실적  및  기록
- 국내대회  실적  및  기록",,,,,,,,,,,,
52,럭비,"- 대표경력
- 개인  수상  실적
- 출전  시간
- 대회  실적",,,,,,,,,,,,
53,인터넷  원서접수(온라인),9.9.(화)  10:00  ~  9.11.(목)  17:00,입학처  홈페이지,,,,,,,,,,,
53,서류제출(온라인  업로드),9.9.(화)  10:00  ~  9.12.(금)  17:00,원서접수  사이트에  업로드,,,,,,,,,,,
53,1단계  합격자  발표,10.27.(월)  17:00,입학처  홈페이지,,,,,,,,,,,
53,면접평가,11.2.(일),장소  및  시간은  1단계  합격자  발표  시  안내,,,,,,,,,,,
53,최종합격자  발표,12.12.(금)  18:00,등록  및  충원  일정은  14쪽  ‘Ⅳ_2.  합격자  발표  및  등록일정’  참조,,,,,,,,,,,
54,구분,"지원자
고교
①
②
③
④
⑤
⑥
⑦
⑧
⑨
⑩
비교과
학생부
학생부
졸업
비교과
수학
해외학교
국내
조기졸업
성적
활동
(일괄 
(온라인 
(예정)
활동
기간 
관련사항
학력인정
예정자
기록표
증명서
다운로드)
업로드)
증명서 
확인서
기록표*
기록표*
확인서**
명단**
/증빙서류",,,,,,,,,,,,
54,"학생부  온라인
제공  동의자
국내
고등학교
학생부  온라인
제공  불가한  자","◎
-","-
◎","-
-","△
△","△
△","-
-","△
△","△
△","-
-","△
△",,,
54,,,,,,,,,,,,,,
54,외국  소재  고등학교,-,△,◎,◎,○,-,○,◎,-,△,,,
54,국내  학력인정  외국교육기관,-,△,◎,◎,○,-,△,△,◎,△,,,
54,검정고시,-,△,"◎
(합격증명서)",◎,-,○,-,-,-,-,,,
56,각종  경기실적증명서,온라인  업로드,"∙  선수등록확인서,  경기실적증명서,  개인기록증명서,  경기출전확인서,  각급  대표확인서,  출전시간확
인서  등
    -  고교  재학  기간(해외고는  10학년[13학년제는  11학년]  이후)  또는  검정고시  합격일로부터  과거 
3년  이내의  경기실적에  한함
    -  대한체육회  인터넷  경기실적발급시스템  및  각  종목  국내협회에서  발급하는  증명서만  인정함
    ※  경기력  증빙서류제출과  관련한  자세한  안내는  추후  입학처  홈페이지  공지  참조",,,,,,,,,,,
56,기타  경기력  증빙  자료,온라인  업로드,∙  개인상  수상  상장  사본(소속  고교에서  원본  대조  후  제출)  등,,,,,,,,,,,
57,대학,모집단위,계열,특수교육대상자,,,,,,,,,,
57,생명시스템대학,시스템생물학과†,자연,○,,,,,,,,,,
57,,생화학과†,자연,,,,,,,,,,,
57,,생명공학과,자연,,,,,,,,,,,
57,인공지능융합대학,첨단컴퓨팅학부,자연,○,,,,,,,,,,
57,,IT융합공학전공,자연,,,,,,,,,,,
57,,지능형반도체전공,자연,,,,,,,,,,,
57,,모빌리티시스템전공,자연,,,,,,,,,,,
57,신과대학,신학과†,인문,○,,,,,,,,,,
57,사회과학대학,정치외교학과,인문,○,,,,,,,,,,
57,,행정학과,인문,,,,,,,,,,,
57,,사회복지학과,인문,,,,,,,,,,,
57,,사회학과†,인문,,,,,,,,,,,
57,,문화인류학과,인문,,,,,,,,,,,
57,,언론홍보영상학부,인문,,,,,,,,,,,
57,생활과학대학,의류환경학과†,통합,○,,,,,,,,,,
57,,식품영양학과†,통합,,,,,,,,,,,
57,,실내건축학과,통합,,,,,,,,,,,
57,,아동ㆍ가족학과†,통합,,,,,,,,,,,
57,,통합디자인학과,통합,,,,,,,,,,,
57,교육과학대학,교육학부†,인문,○,,,,,,,,,,
57,의과대학,의예과,자연,○,,,,,,,,,,
57,치과대학,치의예과,자연,○,,,,,,,,,,
57,간호대학,간호학과†,통합,○,,,,,,,,,,
57,약학대학,약학과,자연,○,,,,,,,,,,
57,합계,,,13,,,,,,,,,,
57,대학,모집단위,계열,특수교육대상자,,,,,,,,,,
57,문과대학,국어국문학과†,인문,○,,,,,,,,,,
57,,중어중문학과†,인문,,,,,,,,,,,
57,,영어영문학과†,인문,,,,,,,,,,,
57,,독어독문학과†,인문,,,,,,,,,,,
57,,불어불문학과†,인문,,,,,,,,,,,
57,,노어노문학과†,인문,,,,,,,,,,,
57,,사학과†,인문,,,,,,,,,,,
57,,철학과†,인문,,,,,,,,,,,
57,,문헌정보학과†,인문,,,,,,,,,,,
57,,심리학과†,인문,,,,,,,,,,,
57,상경대학,경제학부,인문,○,,,,,,,,,,
57,,응용통계학과,인문,,,,,,,,,,,
57,경영대학,경영학과,인문,○,,,,,,,,,,
57,이과대학,수학과†,자연,○,,,,,,,,,,
57,,물리학과†,자연,,,,,,,,,,,
57,,화학과†,자연,,,,,,,,,,,
57,,지구시스템과학과†,자연,,,,,,,,,,,
57,,천문우주학과,자연,,,,,,,,,,,
57,,대기과학과,자연,,,,,,,,,,,
57,공과대학,화공생명공학부,자연,○,,,,,,,,,,
57,,전기전자공학부,자연,,,,,,,,,,,
57,,건축공학과,자연,,,,,,,,,,,
57,,도시공학과,자연,,,,,,,,,,,
57,,사회환경시스템공학부,자연,,,,,,,,,,,
57,,기계공학부,자연,,,,,,,,,,,
57,,신소재공학부,자연,,,,,,,,,,,
57,,산업공학과,자연,,,,,,,,,,,
58,일괄합산,인문·자연·통합,100%,100,"∙  서류평가자료:  학교생활기록부
∙  서류평가방법:  복수의  평가위원에  의한  종합평가
∙  서류평가내용:  제출서류를  바탕으로  학업역량,  진로역량,  공동체역량  등을  종합평가함
    -  비교과영역은  학교생활기록부에  기록되어  있는  내용만  평가에  반영함(비교과에  관한 
증빙서류  및  기타서류는  제출  불가)
※  학교폭력예방  및  대책에  관한  법률  제17조에  따른  처분을  받은  자는  서류평가  시  정
성평가로  반영함",,,,,,,,,
58,인터넷  원서접수(온라인),9.9.(화)  10:00  ~  9.11.(목)  17:00,입학처  홈페이지,,,,,,,,,,,
58,서류제출(온라인  업로드),9.9.(화)  10:00  ~  9.12.(금)  17:00,원서접수  사이트에  업로드,,,,,,,,,,,
58,최종합격자  발표,12.12.(금)  18:00,등록  및  충원  일정은  14쪽  ‘Ⅳ_2.  합격자  발표  및  등록일정’  참조,,,,,,,,,,,
58,구분,"지원자
고교
①
②
③
④
⑤
⑥
⑦
⑧
⑨
⑩
비교과
학생부
학생부
졸업
비교과
수학
해외학교
국내
조기졸업
성적
활동
(일괄 
(온라인 
(예정)
활동
기간 
관련사항
학력인정
예정자
기록표
증명서
다운로드)
업로드)
증명서 
확인서
기록표*
기록표*
확인서**
명단**
/증빙서류",,,,,,,,,,,,
58,"학생부  온라인
제공  동의자
국내
고등학교
학생부  온라인
제공  불가한  자","◎
-","-
◎","-
-","△
△","△
△","-
-","△
△","△
△","-
-","△
△",,,
58,,,,,,,,,,,,,,
58,외국  소재  고등학교,-,△,◎,◎,○,-,○,◎,-,△,,,
58,국내  학력인정  외국교육기관,-,△,◎,◎,○,-,△,△,◎,△,,,
58,검정고시,-,△,"◎
(합격증명서)",◎,-,○,-,-,-,-,,,
62,3.0,0.0013,1.5,0.0668,0.0,0.5000,-1.5,0.9332,,,,,,
62,2.9,0.0019,1.4,0.0808,-0.1,0.5398,-1.6,0.9452,,,,,,
62,2.8,0.0026,1.3,0.0968,-0.2,0.5793,-1.7,0.9554,,,,,,
62,2.7,0.0035,1.2,0.1151,-0.3,0.6179,-1.8,0.9641,,,,,,
62,2.6,0.0047,1.1,0.1357,-0.4,0.6554,-1.9,0.9713,,,,,,
62,2.5,0.0062,1.0,0.1587,-0.5,0.6915,-2.0,0.9772,,,,,,
62,2.4,0.0082,0.9,0.1841,-0.6,0.7257,-2.1,0.9821,,,,,,
62,2.3,0.0107,0.8,0.2119,-0.7,0.7580,-2.2,0.9861,,,,,,
62,2.2,0.0139,0.7,0.2420,-0.8,0.7881,-2.3,0.9893,,,,,,
62,2.1,0.0179,0.6,0.2743,-0.9,0.8159,-2.4,0.9918,,,,,,
62,2.0,0.0228,0.5,0.3085,-1.0,0.8413,-2.5,0.9938,,,,,,
62,1.9,0.0287,0.4,0.3446,-1.1,0.8643,-2.6,0.9953,,,,,,
62,1.8,0.0359,0.3,0.3821,-1.2,0.8849,-2.7,0.9965,,,,,,
62,1.7,0.0446,0.2,0.4207,-1.3,0.9032,-2.8,0.9974,,,,,,
62,1.6,0.0548,0.1,0.4602,-1.4,0.9192,-2.9,0.9981,,,,,,
62,,,,,,,-3.0,0.9987,,,,,,
63,국어,공통과목,"국어,  국어Ⅰ,  국어Ⅱ",,,,,,,,,,,
63,,일반선택,"화법과  작문,  독서와  문법,    문학","화법과  작문Ⅰ/Ⅱ,  독서와  문법Ⅰ/Ⅱ,   
문학Ⅰ/Ⅱ  포함",,,,,,,,,,
63,,진로선택,기타  과목,,,,,,,,,,,
63,수학,공통과목,"기초수학,  수학,  수학Ⅰ",,,,,,,,,,,
63,,일반선택,"수학Ⅱ,  미적분Ⅰ,  미적분Ⅱ,  확률과  통계",,,,,,,,,,,
63,,진로선택,기타  과목,,,,,,,,,,,
63,영어,공통과목,"기초영어,  영어",,,,,,,,,,,
63,,일반선택,"영어Ⅰ,  영어Ⅱ,  실용영어Ⅰ,  실용영어Ⅱ, 
영어회화,  영어독해와  작문,  실용  영어회화, 
실용  영어독해와  작문",,,,,,,,,,,
63,,진로선택,기타  과목,,,,,,,,,,,
63,"사회
(역사·도덕
포함)",공통과목,"사회,  도덕,  한국사",한국사Ⅰ/Ⅱ  포함,,,,,,,,,,
63,,일반선택,"한국지리,  세계지리,  세계사,  동아시아사,  경제,  법과 
정치,  사회·문화,  생활과  윤리,  윤리와  사상",,,,,,,,,,,
63,,진로선택,기타  과목,,,,,,,,,,,
63,과학,공통과목,과학,과학Ⅰ/Ⅱ  포함,,,,,,,,,,
63,,일반선택,"물리Ⅰ,  화학Ⅰ,  생명과학Ⅰ,  지구과학Ⅰ",,,,,,,,,,,
63,,진로선택,기타  과목,,,,,,,,,,,
64,학생부종합전형[기회균형],서류평가점수,,,,,,,,,,,,
64,고른기회전형,,,,,,,,,,,,,
64,논술전형,논술점수,,,,,,,,,,,,
64,특기자전형[체육인재],1단계  경기실적점수,,,,,,,,,,,,
68,"학생부
종합
전형","활동우수형
(의예과  外)",11.10.(월),"인문·통합  11.15.(토)
자연  11.16.(일)","지원자가  면접일에  현장에서 
녹화한  영상을  복수의  평가위
원이  평가함
(답변  준비  8분,  면접  5분)","-  제시문을  바탕으로  논리적  사고력  및 
의사소통  능력을  평가함
-  국제형의  경우  제시문이  영어로  출제될 
수  있음",,,,,,,,
68,,국제형,11.17.(월),11.22.(토),,,,,,,,,,
68,,기회균형,10.27.(월),11.1.(토),,,,,,,,,,
68,"특기자
전형",국제인재,10.27.(월),11.2.(일),,"-  영어  제시문을  바탕으로  논리적  사고력 
및  의사소통  능력을  평가하기  위한  영
어구술면접을  실시함
- 언더우드학부(인문·사회)와 
언더우드학
부(생명과학공학)  면접  문항은  계열과 
관계  없이  동일함",,,,,,,,
68,"학생부
종합
전형","활동우수형
(의예과)",11.10.(월),11.16.(일),"지원자  1명을  대상으로  복수
의  평가위원이  평가함
(20분  내외)","- 제시문을  바탕으로  의학  전공에  필요한 
인·적성을  평가함
- 제시문  기반  면접을  복수의  면접실에서 
진행함",,,,,,,,
68,"특기자
전형",체육인재,10.27.(월),11.2.(일),"지원자  1명을  대상으로  복수
의  평가위원이  평가함
(10분  내외)","지원자의  논리적  사고력과  의사  표현  능
력,  체육인으로서의  전문성  및  경기력  등
을  평가함",,,,,,,,
71,외국  소재  고등학교,재외한국학교,학교생활기록부*,온라인  업로드,,,,,,,,,,
71,,,졸업(예정)증명서*,,,,,,,,,,,
71,,,비교과활동  확인서,,,,,,,,,,,
71,,,수학기간  기록표*,온라인  입력,,,,,,,,,,
71,,,해외학교  관련사항  기록표*,,,,,,,,,,,
71,,외국  현지  고등학교,Transcript*,온라인  업로드,,,,,,,,,,
71,,,표준화학력자료,,,,,,,,,,,
71,,,졸업(예정)증명서*,,,,,,,,,,,
71,,,비교과활동  확인서,,,,,,,,,,,
71,,,수학기간  기록표*,온라인  입력,,,,,,,,,,
71,,,해외학교  관련사항  기록표*,,,,,,,,,,,
71,국내  학력인정  외국교육기관  출신자,,Transcript*,온라인  업로드,,,,,,,,,,
71,,,표준화학력자료,,,,,,,,,,,
71,,,졸업(예정)증명서*,,,,,,,,,,,
71,,,비교과활동  확인서,,,,,,,,,,,
71,,,수학기간  기록표(해당자),온라인  입력,,,,,,,,,,
71,,,해외학교  관련사항  기록표(해당자),,,,,,,,,,,
71,,,국내  학력인정  확인서*,공문  또는  공식  서신,,,,,,,,,,
71,"검정고시  합격자
(검정고시  합격한  국내  학력미인정  교육기관 
출신자  포함)",,검정고시  합격증명서/성적증명서*,"온라인  제공  동의
또는  온라인  업로드",,,,,,,,,,
71,,,검정고시  비교과활동  기록표/증빙서류,온라인  업로드,,,,,,,,,,
71,,,Transcript,"온라인  업로드
(국내  학력미인정  교육기관 
출신자  제출  권장)",,,,,,,,,,
71,,,표준화학력자료,,,,,,,,,,,
72,졸업(예정)증명서,"◾  졸업(예정)일이  정확히  기재되어  있어야  함
◾  교육부  인가  재외한국학교는  졸업(예정)일이  기재되어  있는  학교생활기록부로  대체  가능",,,,,,,,,,,,
72,Transcript,◾  모든  학년/학기의  성적을  제출해야  함,,,,,,,,,,,,
72,표준화학력자료,◾  고교  교육과정에  해당하는  표준화학력자료만  제출  가능,,,,,,,,,,,,
72,비교과활동  확인서,"◾  해당  기관  소속  교사  또는  학교관계자가  내용을  확인하고  서명  또는  직인  날인한  원본을  원서
접수  사이트에  업로드해야  함
1)  비교과활동
      ◾  교내에서  참여한  탐구  활동,  자율/자치  활동,  진로  탐색  활동  등을  기재함
      ◾  재학  기간  3년간  6건의  활동을  기재  가능
2)  봉사활동실적
      ◾  본인이  소속된  고등학교에서  주관하여  재학  중  참여한  대표적인  봉사활동을  6개  이내로  기
록할  수  있음",,,,,,,,,,,,
72,검정고시  비교과활동  기록표,"◾  비교과활동  기록표와  증빙서류를  1개의  PDF  파일로  병합하여  원서접수  사이트에  업로드해야  함
1)  비교과활동
      ◾  검정고시  출신자의  경우,  활동기관  제한  없이  검정고시  합격일로부터  과거  3년  이내  기간 
동안의  6건의  활동을  기재  가능
2)  봉사활동실적
      ◾  검정고시  출신자의  경우,  검정고시  합격일로부터  과거  3년  이내  기간  동안의  봉사활동을  기
재할  수  있음",,,,,,,,,,,,
72,검정고시  비교과활동  증빙서류,"◾  원본(원본  제출이  불가할  경우  발급기관에서  원본대조  받은  사본)을  PDF  파일로  변환하는  것을 
원칙으로  하며,  최종합격자는  온라인으로  업로드한  모든  증빙서류의  원본  또는  원본대조  받은 
사본을  2026.2.6.(금)까지  서울캠퍼스  입학처(백주년기념관  3층  입학전형실)로  직접  제출  또는 
등기우편으로  제출해야  함
◾  비교과활동  기록표의  연번을  증빙서류  우측  상단에  기재하고  순서대로  정리하여  제출함
◾  증빙서류에  연번을  제대로  기재하지  않아  해당  활동을  확인할  수  없을  경우,  평가에  반영되지 
않을  수  있음
◾  비교과활동  기록표의  내용에  대한  증빙이  없는  경우,  인정하지  않음
◾  증빙서류에  성명,  일시(학년,  기간),  활동명  등이  기재되어  있어야  함 
      (해당  사항을  형광펜이나  색이  있는  볼펜으로  표시한  후  제출해야  함)",,,,,,,,,,,,
73,"아시아,  대양주","뉴질랜드,  니우에,  마샬군도,  모리셔스,  몽골,  바누아투,  방글라데시,  브루나이,  사모아,  싱가포르,  오스트레일리아(호주),  인도,  인도네시아, 
일본,  중국(마카오,  홍콩  포함),  쿡아일랜드(쿠크군도),  타지키스탄,  통가,  파키스탄,  팔라우,  피지,  필리핀,  한국",,,,,,,,,,,,
73,유럽,"그루지아/조지아,  그리스,  네덜란드,  노르웨이,  덴마크,  독일,  라트비아,  러시아,  루마니아,  룩셈부르크,  리투아니아,  리히텐슈타인,  북마케도
니아,  모나코,  몬테네그로,  몰도바,  몰타,  벨기에,  벨라루스,  보스니아  헤르체고비나,  불가리아,  사이프러스/키프로스,  산마리노,  세르비아,  스
웨덴,  스위스,  스페인,  슬로바키아,  슬로베니아,  아르메니아,  아이슬란드,  아일랜드,  아제르바이잔,  안도라,  알바니아,  에스토니아,  영국,  오스
트리아,  우즈베키스탄,  우크라이나,  이탈리아,  체코,  카자흐스탄,  코소보,  크로아티아,  키르키즈스탄,  튀르키예,  포르투갈,  폴란드,  프랑스,  핀
란드,  헝가리",,,,,,,,,,,,
73,북미,"미국(괌,  마우리제도,  사이판,  푸에르토리코  포함),  캐나다",,,,,,,,,,,,
73,중남미,"가이아나,  과테말라,  그레나다,  니카라과,  도미니카공화국,  도미니카연방,  멕시코,  바베이도스,  바하마,  베네수엘라,  벨리즈,  볼리비아,  브라질, 
세인트루시아,  세인트빈센트,  세인트키츠네비스,  수리남,  아르헨티나,  앤티가바부다,  에콰도르,  엘살바도르,  온두라스,  우루과이,  칠레,  코스타리
카,  콜롬비아,  트리니다드토바고,  파나마,  페루,  파라과이,  자메이카",,,,,,,,,,,,
73,아프리카,"나미비아,  남아프리카공화국,  라이베리아,  레소토,  말라위,  보츠와나,  상투메프린시페,  세네갈,  세이셸,  에스와티니,  카보베르데,  브룬디,  튀니
지,  르완다",,,,,,,,,,,,
73,중동,"모로코,  바레인,  사우디아라비아,  오만,  이스라엘",,,,,,,,,,,,
74,"입학
성적
우수","연세특별
장학금","∙  등록금  전액,  정규  2개  학기  동안  지원
∙  계속수혜조건:  직전학기  15학점  이상  이수,  평량평균  3.5  이상
(단,  이수학점이나  평량평균  미달  시  장학금을  지급하지  않고 
장학생  자격  상실됨)","∙  선발인원:  입학정원  3%  이내
∙  수시모집  및  정시모집  신입생을  대상으로  서류평가,  논술
시험,  전형  총점,  대학수학능력시험,  기타  특기  적성  등의 
측면에서  지원자의  잠재력을  종합적으로  고려하여  최우수
학생을  선발(예·체능계열,  의예과,  치의예과,  간호학과,  언
더우드국제대학,  글로벌인재대학  소속학과  제외)",,,,,,,,,,
74,,"연세
우수학생
프로그램
장학금","∙ 등록금  전액,  8학기  지원
∙ 기숙사  입사  시  기숙사비  지원
∙ 개인별  지도교수  배정
∙ 계속수혜조건:  직전학기  평량평균  3.5  이상(단,  총3회  미달 
시  장학생  자격  상실됨)","∙ 일정한  분야에서  탁월한  능력이나  소질을  가진  학생이  각자의 
소질과  능력을  최대한  계발할  수  있도록  교육하고  지원
∙ 입학성적  우수자  중  별도의  과정을  거쳐  선발",,,,,,,,,,
74,"입학
전형","연세한마음
장학금","∙  등록금  전액,  정규학기  지원
∙  매  학기  생활비  지원  [단,  총지원액에는  한국장학재단에서  지
원하는  국가장학금 
I·II  유형이  포함되며,  연세한마음  장학생
은  매  학기  국가장학금을  신청해야  함]
∙  계속수혜조건:  가계경제  상황이  차상위계층  이하로  유지되며, 
직전학기  12학점  이상  이수,  평량평균  1.75  이상이고,  국가
장학금 
I유형  신청한  자(단,  이수학점이나  평량평균  미달  시 
다음  학기  장학금을  지급하지  않고  총  3회  미달  시  장학생  자
격  상실됨)","∙  수시모집  기회균형(국민기초생활수급자에  한함)  및  정시모
집  연세한마음  전형  입학자
∙  매  학기  국가장학금을  신청하여야  하며  미신청  시  지원불가
  ※  수시  및  정시  모집에서  위  해당  전형  외로  합격한  국민
기초생활수급자의  경우  「연세장학금」을  통한  장학금  수
혜  가능",,,,,,,,,,
74,,보훈장학금,"∙  등록금  전액
∙  계속수혜조건:  직전학기  백분위  성적  70점  이상(단,  백분위 
성적  미달  시  다음  학기  장학금을  지급하지  않음)","∙ 
'국가유공자  등  예우  및  지원에  관한  법률'이  규정하는  요
건을  충족하는  국가유공자  본인,  자녀  및  독립유공자  손자
녀(단,  보훈청에서 
‘대학수업료등면제자증명서’를  발급받아 
학생복지처  학생지원팀에  제출한  자에  한함)",,,,,,,,,,
74,,"북한이탈
주민지원
장학금","∙  등록금  전액
∙  계절학기  3학점  수강료  및  매학기  교재비  20만원  추가  지원
∙  계속수혜조건:  직전학기  백분위  성적  70점  이상(단,  북한이
탈주민  자녀의  경우  1회,  본인의  경우  연속  2회  백분위  성
적  미달  시  다음  학기  장학금을  지급하지  않음)","∙  '북한이탈주민의  보호  및  정착지원에  관한  법률'이  규정하
는  요건을  충족하는  북한이탈주민에게  등록금  전액  지원
(단,  관할  구청에서  ‘교육보호대상자증명서’를  발급받아  학
생복지처  학생지원팀에  제출한  자에  한함)",,,,,,,,,,
75,"한국
장학
재단
연계","국가장학금
I·II  유형","∙  매  학기  한국장학재단(http://www.kosaf.go.kr)의  국가장학
금(I·II  유형)  신청  후  소득분위  결과에  따라  일정금액의  장학
금  지원","Ÿ 경제적인  이유로  중도에  학업을  포기하는  것을  방지하여 
소외계층의  고등교육기회를  보장하고자  한국장학재단에서 
지원
Ÿ 선발기준  :  매  학기  사업안내  참조  확인
Ÿ 신청  필수(한국장학재단에서  신청)",,,,,,,,,,
75,,"연세
장학금","∙  매  학기  한국장학재단(http://www.kosaf.go.kr)  국가장학금
을  신청한  학생으로  소득분위에  따라  국가장학금Ⅰ․Ⅱ유형을 
포함하여  일정액  지원","Ÿ 한국장학재단의  국가장학금  성적기준을  충족한  일정  소득
분위  이하인  자
Ÿ 신청  불필요(국가장학금  신청자  중  학교  자체  선발)",,,,,,,,,,
75,,"국가우수
장학금
(인문100년)","∙  등록금  전액,  정규학기  지원
∙  계속수혜조건:  매  학기  사업안내  참조  확인","Ÿ 한국장학재단에서  선발하여  정규학기  동안의  등록금  전액
(입학금  포함)  및  교재비  지원
Ÿ 신청  필수(한국장학재단에서  신청)",,,,,,,,,,
75,,"국가우수
장학금
(이공계)","∙  등록금  전액,  정규학기  지원
∙  계속수혜조건:  매  학기  사업안내  참조  확인","Ÿ 수능성적우수자와  수시입학성적우수자에게  한국장학재단
에서  선발하여  정규학기  동안의  등록금  전액(입학금  포
함)  지원
Ÿ 신청  불필요(학교  자체  선발)",,,,,,,,,,
75,,"주거안정
장학금","∙  주거  관련  비용  월  20만원  내  지원,  정규학기  지원
∙  계속수혜조건:  매  학기  사업안내  참조  확인","Ÿ 한국장학재단에서  선발하며  교내  우선선발  및  지원제외 
기준  적용
Ÿ 신청  필수(한국장학재단에서  신청)",,,,,,,,,,
75,"단과
대학","대학배정
장학금
(진리/자유
장학금)","∙  매  학기  대학배정  장학금을  신청한  재학생으로  등록금  전액, 
반액,  1/3,  기타  금액  등  각  학과에  배분된  예산에  맞춰 
지급","∙ 진리장학금:  직전  학기  이수학점이  12학점  이상이며  학업
성적이  평량평균  2.5  이상인  성적이  우수한  학생으로서  각 
대학에서  추천된  자
∙  자유장학금:  직전  학기  이수학점이  12학점  이상이며  학업
성적이  평량평균  2.5  이상인  경제적으로  어려운  학생으로
서  각  대학에서  추천된  자",,,,,,,,,,
75,,"블루
버터플라이
장학금","∙  등록금  전액,  정규학기  지원
∙  교환학생  파견  시  최대  1년간  1천만원  지원 
∙  계속수혜조건
  1)  직전학기  12학점  이상  이수,  평량평균  3.3  이상(단,  이수
학점이나  평량평균  미달  시  경고  조치,  재발생  시  다음  학
기부터  장학금  미지급)
  2)  한국장학재단  국가장학금  신청  후  신청  지원서  제출
        (제출처:  상경대학/경영대학  행정팀)","∙  수시  및  정시모집  경영학과,  경제학부  및  응용통계학과  합
격자  가운데  각  대학  행정팀으로  해당  장학금을  신청한 
학생  중  학비마련에  재정적  도움이  필요한  학생  선발",,,,,,,,,,
75,기타,"신문고
장학금",∙  학생복지처장이  정하는  금액,"∙  장학신문고  제도를  이용한  학생  중  경제적  어려움  등의 
사유로  학생복지처장이  추천하는  자",,,,,,,,,,
75,,"우수선수
장학금",∙ 체육위원장이  정한  금액  지원,∙  우수한  체육선수  중  체육위원장이  추천하는  자,,,,,,,,,,
75,,근로장학금,"∙  교내  각  부서에  배치되어  근무한  자에게  장학위원회에서  정
한  금액을  지급(단,  근로장학생은  배정된  부서에서  학기  중
에  120시간의  근무를  해야  함)","∙  교내근로장학금을  신청한  직전학기  학업성적이  평량평균 
1.75  이상인  재적생으로서  학생복지처장이  선발(단,  의/
치/간호대  소속학생  제외)",,,,,,,,,,
75,,"국가고시
장학금",∙  장학위원회에서  정하는  금액,"∙  재적  중  국가고시(5급공개  경쟁채용시험  등,  입법고시,  외
교관후보자  선발시험)의  1차  시험에  합격한  자와  공인회계
사시험,  변리사시험에  최종  합격한  자  중  국가고시  지원센
터  소장이  추천하는  자에게  고시  종류  및  횟수와  관계없
이  재학  중  1회  지급(단,  합격증  사본을  학생복지처  경력
개발팀  국가고시  지원센터에  제출해야  함)",,,,,,,,,,
75,,봉사장학금,∙  학생복지처장이  정하는  금액,"∙  총학생회  및  학생자치기구에서  봉사활동을  통해  학교발전
에  기여하고  있는  학생으로서  학업성적이  평량평균  1.75
이상인  자(단,  의/치/간호대  소속학생  제외)",,,,,,,,,,
76,,평화장학금,∙  신문방송편집인이  정하는  금액,"∙  대학언론사에서  활동하는  학생  중  신문방송편집인이  추천
하는  학생으로서  직전학기  학업성적이  평량평균  2.0  이상
인  자(단,  의/치/간호대  소속학생  제외)",,,,,,,,,,
76,,"국가근로
장학금",∙  한국장학재단이  정하는  금액,"∙  대한민국  국적자로서  직전학기  백분위  성적  70점  이상이
며  한국장학재단에서  정한  일정  소득분위  이하인  국가근로
장학금을  신청한  학생을  학생복지처  학생지원팀에서  선발",,,,,,,,,,
76,,기금장학금,∙  장학기금을  재원으로  지급하는  장학금으로  대학배정장학금  지급기준에  준하여  지급,,,,,,,,,,,
76,,교외장학금,"∙  용운장학재단,  일주학술문화재단  등  교외장학재단으로부터  학교  추천이나  장학재단  지정에  따라  장학금을  지급",,,,,,,,,,,
79,"단과
대학","반도체
특성화대학
사업장학금","∙  '지능형반도체전공'  입학  후  첫학기에는  일괄  450만원이  지
급되며,  두번째  학기부터는  직전  학기  성적에  따라서  300만
원~600만원  사이에서  차등  지급  (타  등록금  장학금  수혜액
과  합산하여  등록금을  초과하지  않는  범위  내에서  지급)
∙  당해학기  20학점  이상  수강,  직전학기  20학점  이상  이수, 
직전학기  성적  3.0/4.3  이상일  경우  지급  (첫학기에는  수강
학점  기준만  적용)","∙  장학금  수혜조건을  만족하는  첨단융합공학부  지능형반도체
전공  26학번  입학생  전원에게  반도체특성화대학사업  기간 
중(2027-2학기까지)  지급
대한민국  국적  보유자인  전일제  학생에게만  지급하며  기
Ÿ
타  자세한  사항은  인공지능융합대학  첨단융합공학부
(sit@yonsei.ac.kr)에  문의
사업  조기  종료시에는  사업  종료시점까지만  지급하며,  사
Ÿ
업비  조정시에는  장학금액도  동일  비율로  조정될  수  있음",,,,,,,,,,
83,문과대학,독어독문학과,교육과학대학,전  모집단위,,,,,,,,,,
83,공과대학,"도시공학과,  사회환경시스템공학부, 
시스템반도체공학과,  디스플레이융합공학과",언더우드국제대학,"언더우드학부(생명과학공학),  아시아학전공",,,,,,,,,,
83,인공지능융합대학,"인공지능학과,  인공지능시스템학과, 
IT융합공학전공,  지능형반도체전공, 
모빌리티시스템전공",의과대학,의예과,,,,,,,,,,
83,신과대학,신학과,치과대학,치의예과,,,,,,,,,,
83,사회과학대학,"사회복지학과,  문화인류학과",간호대학,간호학과,,,,,,,,,,
83,음악대학,전  모집단위,약학대학,약학과,,,,,,,,,,
85,지원  모집단위,,학과(학부/전공),,,,,,,,,,,
85,"전형구분  및
지원자격  요건",,"※  해당  자격  요건에  ∨  표시함  (아래의  자격  요건을  모두  충족시킬  경우  “초·중·고  전  교육과정  농어촌  이수자”  지원
자격에  ∨  하고  해당  지원자격  서류를  제출하는  것을  원칙으로  함)
  ☑  학생부종합전형[기회균형]
      [      ]  초·중·고  전  교육과정  농어촌  이수자  [아래의  ②의  ‘(1)항’  지원자격]
      [      ]  중·고  전  교육과정  농어촌  이수자  [아래의  ②의  ‘(2)항’  지원자격]",,,,,,,,,,,
85,성명,,"주민등록번호
―",,,,,,,,,,,
85,지 원 자 격 확 인,"지원자격(①,  ②  내용을  모두  충족해야  함)",,,,,,,,,,,,
85,,"①  국내  정규  고등학교  졸업자  또는  2026년  2월  졸업예정자
②  아래의  (1)항~(2)항  중  어느  하나에  해당하는  자
  (1)  ｢지방자치법｣  제3조에  의한  읍·면(광역시,  도,  도·농  통합시의  관할구역  안에  두는  읍·면)  또는  ｢도서·벽지  교육진흥법  시행규칙｣ 
제2조에  따른  도서·벽지  소재  초·중·고등학교의  전  교육과정을  이수하고  초·중·고등학교  재학  기간  중  본인이  읍·면·도서·벽지에서 
거주한  자
  (2)  ｢지방자치법｣  제3조에  의한  읍·면(광역시,  도,  도·농  통합시의  관할구역  안에  두는  읍·면)  또는  ｢도서·벽지  교육진흥법  시행규칙｣ 
제2조에  따른  도서·벽지  소재  중·고등학교의  전  교육과정을  이수하고  중·고등학교  재학  기간  중  본인과  그의  부·모  모두가  읍·면·
도서·벽지에서  거주한  자",,,,,,,,,,,,
85,재 학 사 항,재학  기간,,학교명,학교  주소,,,,,,,,,
85,,~,,,도(시)                군(구)                읍ㆍ면(동),,,,,,,,,
85,,~,,,도(시)                군(구)                읍ㆍ면(동),,,,,,,,,
85,,~,,,도(시)                군(구)                읍ㆍ면(동),,,,,,,,,
85,,~,,,도(시)                군(구)                읍ㆍ면(동),,,,,,,,,
85,,~,,,도(시)                군(구)                읍ㆍ면(동),,,,,,,,,
85,,"※  작성  방법:  재학  기간은  초등학교  1학년  ~  고등학교  3학년  전  교육과정에  대하여  학교생활기록부에  기재된  날짜  기준으로  년,  월,  일  단위로  정확하게  작
성하고  학교  주소를  읍ㆍ면  단위까지  기재한다.",,,,,,,,,,,,
85,"상기  내용은  사실과  같으며,  위  학생을  귀  대학교의  농어촌학생  지원  대상자로  확인합니다. 
2025년          월            일
지원자  성명:                            (인  또는  서명)
                고등학교장    [직  인]
  연세대학교  총장  귀하",,,,,,,,,,,,,
86,지원  모집단위,학과(학부/전공),,,,,,,,,,,,
86,전형,☑  학생부종합전형[기회균형]  국가보훈대상자,,,,,,,,,,,,
86,지원자격  요건,"∙  국가보훈대상자로서  아래의  보훈관계법령  따른  교육지원  대상자로서  보훈(지)청장이  발급하는  대학입학특별전형
대상자증명서를  제출할  수  있는  자
-  「독립유공자예우에  관한  법률」  제15조  제2항에  해당하는  자
-  「국가유공자  등  예우  및  지원에  관한  법률」  제22조  제1항에  해당하는  자  및  해당  법률을  준용하는  자
-  「5ㆍ18민주유공자예우  및  단체설립에  관한  법률」  제12조  제1항에  해당하는  자 
-  「고엽제후유의증  등  환자지원  및  단체설립에  관한  법률」  제7조의5  제1항에  해당하는  자
-  「특수임무유공자  예우  및  단체설립에  관한  법률」  제11조  제1항에  해당하는  자
-  「보훈보상대상자  지원에  관한  법률」  제25조  제1항  해당하는  자",,,,,,,,,,,,
86,"지원자격  증빙 
제출서류",∙  대학입학특별전형대상자증명서(보훈번호와  대상구분)  1부,,,,,,,,,,,,
86,"개인정보
수집·이용","∙  목적:  지원자격  충족  여부  확인
  ∙  항목:  지원자  본인이  제출한  ‘지원자격  증빙  제출서류’에  기재된  개인정보  항목  전체
  ∙  보유기간:  개인정보  보호법에  의거  법률로  정한  목적  이외의  다른  어떠한  목적으로도  사용되지  않으며  내부 
규정에  의해  지원자격  확인이  종료되는  시점까지  보관·이용됨
                        (단,  지원자격  증빙  제출서류의  보존  기간은  대학  기록물  보존기간  책정기준  가이드에  따름)
  ※  개인정보수집·이용에  동의하지  않을  수  있으나,  동의하지  않아  지원자격  충족  여부가  확인되지  않을  시  합격 
또는  입학이  취소될  수  있습니다.
☑  동의함        ☐  동의  안  함",,,,,,,,,,,,
86,"개인정보 
처리위탁","∙  수탁자:  국가보훈부
  ∙  목적:  지원자격  충족  여부  확인
  ∙  항목:  지원자  본인이  제출한  ‘지원자격  증빙  제출서류’에  기재된  개인정보  항목  전체
  ∙  보유기간:  개인정보  보호법에  의거  법률로  정한  목적  이외의  다른  어떠한  목적으로도  사용되지  않으며  내부 
규정에  의해  지원자격  확인이  종료되는  시점까지  보관·이용됨
  ※  개인정보  처리위탁에  동의하지  않을  수  있으나,  동의하지  않아  지원자격  충족  여부가  확인되지  않을  시  합격 
또는  입학이  취소될  수  있습니다. 
☑  동의함        ☐  동의  안  함",,,,,,,,,,,,
86,"위의  개인정보수집·이용  및  처리위탁에  동의하였음을  확인합니다.
2025년          월            일
지원자:                              (서명)
유공자※:                              (서명)
  연세대학교  총장  귀하",,,,,,,,,,,,,
87,유의사항,,,,,,,,,,,,,
87,"n 비교과활동  확인서  작성  시  유의사항
외국  소재  고등학교‧국내  학력인정  외국교육기관  졸업(예정)자  또는  1학기  이상  이수한  자(검정고시  출신자  제외)의  경우  비교과활동 
Ÿ
확인서에  기재된  내용을  바탕으로  평가가  진행되므로  내용을  정확히  기재해야  함
비교과활동  확인서는  지원자를  식별할  수  있는  개인정보(지원자  성명,  출신고교  등)가  포함되지  않도록  기재해야  함
Ÿ
해당  기관  소속  교사  또는  학교관계자가  교내  비교과  활동  및  봉사활동  내용을  확인하고  서명  또는  직인을  날인해야  함
Ÿ
      (비교과활동  확인서  하단에  해당  기관  소속  교사  또는  학교관계자의  서명  또는  직인이  누락된  경우  평가에  반영하지  않을  수  있음)
비교과활동  관련  별도  증빙서류는  제출하지  않음
Ÿ",,,,,,,,,,,,,
87,,"▶ 비교과활동은  고교  재학  기간(10학년[13학년제는  11학년]~졸업)  동안  발생한  사항과  관련된  내용(국내  고등학교  학생부  세부항목에  해당하는 
탐구활동,  자율/자치활동,  봉사활동,  진로탐색활동  등)에  한하여  작성하며,  고교  재학  기간  이외  참여한  활동은  평가에  반영하지  않음
▶ 다음의  내용이  포함되지  않도록  유의해야  하며,  기재  시  불이익에  대한  책임은  지원자  본인에게  있음     
- 학교생활기록부에  기재할  수  없는  주요  항목
 
- 대입제도  공정성  강화방안에  따라  다음의  가~마  항목은  비교과활동  확인서에  기록하더라도  반영하지  않음
  가.  영재·발명교육  실적    나.  자율동아리    다.  청소년단체활동    라.  개인봉사활동  실적    마.  독서활동
 
▶ 창의적  체험활동(탐구활동,  자율/자치활동,  봉사활동,  진로탐색활동)은  6개  이내로  작성
- 본인의  활동  경험의  중요도에  따라  선택하며,  6개를  초과하여  작성할  수  없음",,,,,,,,,,,,
87,,,"가.  각종  공인어학시험  참여  사실과  그  성적  및  수상실적
  나.  교과ㆍ비교과  관련  교내·외  대회  참여  사실과  그  성적  및  수상  실적
        (학교장의  참가  허락을  받아  참여한  교외대회에서의  수상  실적도  기재할  수  없음)
  다.  교외  기관ㆍ단체(장)등에게  수상한  교외상(표창장,  감사장,  공로상  등도  기재  불가함)
  라.  교내ㆍ외  인증시험  참여  사실이나  그  성적
  마.  모의고사ㆍ전국연합학력평가  성적(원점수,  석차,  석차등급,  백분위  등  성적  관련  내용  일체)  및  관련  교내  수상실적
  바.  논문을  학회지  등에  투고  또는  등재하거나  학회  등에서  발표한  사실
  사.  도서출간  사실
  아.  지식재산권(특허,  실용신안,  상표  디자인)  출원  또는  등록  사실
  자.  어학연수,  봉사활동  등  해외  활동실적  및  관련  내용
  차.  부모(친인척  포함)의  사회ㆍ경제적  지위(직종명,  직업명,  직장명,  직위명  등)  암시  내용
  카.  장학생ㆍ장학금  관련  내용
  타.  구체적인  특정  대학명,  기관명(기구,  단체,  조직  등  포함),  상호명,  강사명  등
  파.  자격증  명칭  및  취득사실",,,,,,,,,,,
87,,,,,,,,,,,,,,
87,,,,,,,,,,,,,,
87,확인자  성명,,,확인자  소속  기관,,,,,,,,,,
87,직위,,,E-mail,,,,,,,,,,
87,서명  또는  직인,,,,,,,,,,,,,
88,연번,활동  분야,활동명,활동  내용,,,,,,,,,,
88,1-1,□탐구  □자율/자치  □진로  □기타,,50자 이내(띄어쓰기 포함),,,,,,,,,,
88,1-2,□탐구  □자율/자치  □진로  □기타,,50자 이내(띄어쓰기 포함),,,,,,,,,,
88,1-3,□탐구  □자율/자치  □진로  □기타,,50자 이내(띄어쓰기 포함),,,,,,,,,,
88,1-4,□탐구  □자율/자치  □진로  □기타,,50자 이내(띄어쓰기 포함),,,,,,,,,,
88,1-5,□탐구  □자율/자치  □진로  □기타,,50자 이내(띄어쓰기 포함),,,,,,,,,,
88,1-6,□탐구  □자율/자치  □진로  □기타,,50자 이내(띄어쓰기 포함),,,,,,,,,,
88,연번,일자  또는  기간,활동  내용,,,,,,,,,,,
88,2-1,,50자 이내(띄어쓰기 포함),,,,,,,,,,,
88,2-2,,50자 이내(띄어쓰기 포함),,,,,,,,,,,
88,2-3,,50자 이내(띄어쓰기 포함),,,,,,,,,,,
88,2-4,,50자 이내(띄어쓰기 포함),,,,,,,,,,,
88,2-5,,50자 이내(띄어쓰기 포함),,,,,,,,,,,
88,2-6,,50자 이내(띄어쓰기 포함),,,,,,,,,,,
89,유의사항,,,,,,,,,,,,,
89,"n 비교과활동  기록표  작성  시  유의사항
검정고시  출신자의  경우  비교과활동  기록표에  기재된  내용을  바탕으로  평가가  진행되므로  내용을  정확히  기재해야  함
Ÿ
비교과활동  기록표는  지원자를  식별할  수  있는  개인정보(지원자  성명,  출신고교  등)가  포함되지  않도록  기재해야  함
Ÿ
 
n 활동증빙서류제출  관련  유의사항
본  비교과활동  기록표에  기재한  항목에  한하여  증빙서류를  제출해야  함
Ÿ
- 증빙서류는  비교과활동  기록표  기재사항에  대한  사실  및  진위확인에  활용하며  평가자에게  제공되지  않음
- 비교과활동  기록표  상의  연번과  일치하도록  제출하는  각  서류의  우측  상단에  해당  연번과  수험번호,  성명을  표기하여  서류제출 
기간  내에  원서접수  사이트에  업로드해야  함
- 학교에서  발행한  비교과활동  내역  서류에  기재  내용이  포함되어  있는  경우  이를  증빙으로  제출할  수  있음
- 비교과활동  기록표에  기재한  내용이  원본  내용과  불일치할  경우  불이익을  받을  수  있음
증빙서류는  원본(원본  제출이  불가할  경우  발급기관에서  원본대조  받은  사본)을  PDF  파일로  변환하는  것을  원칙으로  하되, 
Ÿ
최종합격자는  온라인으로  제출한  증빙서류의  원본  또는  원본대조  받은  사본을  2026.2.6.(금)까지  본교  입학처로  제출해야  함",,,,,,,,,,,,,
89,,"▶ 비교과활동은  검정고시  합격일로부터  과거  3년  이내의  기간  동안  발생한  사항과  관련된  내용(국내  고등학교  학생부  세부항목에  해당하는  탐구
활동,  자율/자치활동,  봉사활동,  진로탐색활동  등)에  한하여  작성하며,  이외  기간에  참여한  활동은  평가에  반영하지  않음
▶ 다음의  내용이  포함되지  않도록  유의해야  하며,  기재  시  불이익에  대한  책임은  지원자  본인에게  있음     
- 학교생활기록부에  기재할  수  없는  주요  항목
 
- 대입제도  공정성  강화방안에  따라  다음의  가~마  항목은  비교과활동  기록표에  기록하더라도  반영하지  않음
  가.  영재·발명교육  실적    나.  자율동아리    다.  청소년단체활동    라.  개인봉사활동  실적    마.  독서활동
 
▶ 창의적  체험활동(탐구활동,  자율/자치활동,  봉사활동,  진로탐색활동)은  6개  이내로  작성
- 본인의  활동  경험의  중요도에  따라  선택하며,  6개를  초과하여  작성할  수  없음",,,,,,,,,,,,
89,,,"가.  각종  공인어학시험  참여  사실과  그  성적  및  수상실적
  나.  교과ㆍ비교과  관련  교내·외  대회  참여  사실과  그  성적  및  수상  실적
        (학교장의  참가  허락을  받아  참여한  교외대회에서의  수상  실적도  기재할  수  없음)
  다.  교외  기관ㆍ단체(장)등에게  수상한  교외상(표창장,  감사장,  공로상  등도  기재  불가함)
  라.  교내ㆍ외  인증시험  참여  사실이나  그  성적
  마.  모의고사ㆍ전국연합학력평가  성적(원점수,  석차,  석차등급,  백분위  등  성적  관련  내용  일체)  및  관련  교내  수상실적
  바.  논문을  학회지  등에  투고  또는  등재하거나  학회  등에서  발표한  사실
  사.  도서출간  사실
  아.  지식재산권(특허,  실용신안,  상표  디자인)  출원  또는  등록  사실
  자.  어학연수,  봉사활동  등  해외  활동실적  및  관련  내용
  차.  부모(친인척  포함)의  사회ㆍ경제적  지위(직종명,  직업명,  직장명,  직위명  등)  암시  내용
  카.  장학생ㆍ장학금  관련  내용
  타.  구체적인  특정  대학명,  기관명(기구,  단체,  조직  등  포함),  상호명,  강사명  등
  파.  자격증  명칭  및  취득사실",,,,,,,,,,,
89,,,,,,,,,,,,,,
89,,,,,,,,,,,,,,
90,연번,활동  분야,활동명,활동  내용,,,,,,,,,,
90,1-1,□탐구  □자율/자치  □진로  □기타,,50자 이내(띄어쓰기 포함),,,,,,,,,,
90,1-2,□탐구  □자율/자치  □진로  □기타,,50자 이내(띄어쓰기 포함),,,,,,,,,,
90,1-3,□탐구  □자율/자치  □진로  □기타,,50자 이내(띄어쓰기 포함),,,,,,,,,,
90,1-4,□탐구  □자율/자치  □진로  □기타,,50자 이내(띄어쓰기 포함),,,,,,,,,,
90,1-5,□탐구  □자율/자치  □진로  □기타,,50자 이내(띄어쓰기 포함),,,,,,,,,,
90,1-6,□탐구  □자율/자치  □진로  □기타,,50자 이내(띄어쓰기 포함),,,,,,,,,,
90,연번,일자  또는  기간,활동  내용,,,,,,,,,,,
90,2-1,,50자 이내(띄어쓰기 포함),,,,,,,,,,,
90,2-2,,50자 이내(띄어쓰기 포함),,,,,,,,,,,
90,2-3,,50자 이내(띄어쓰기 포함),,,,,,,,,,,
90,2-4,,50자 이내(띄어쓰기 포함),,,,,,,,,,,
90,2-5,,50자 이내(띄어쓰기 포함),,,,,,,,,,,
90,2-6,,50자 이내(띄어쓰기 포함),,,,,,,,,,,
91,학교,,,,,재학  기간,,,,,,,,
91,연번,학교명,학제(년제),소재국가,소재도시,학년/학기,기간,,,,,,,
91,1,,,,,"학년        학기  ~
학년        학기",년        월        일  ~          년      월      일,,,,,,,
91,2,,,,,"학년        학기  ~
학년        학기",년        월        일  ~          년      월      일,,,,,,,
91,3,,,,,"학년        학기  ~
학년        학기",년        월        일  ~          년      월      일,,,,,,,
91,4,,,,,"학년        학기  ~
학년        학기",년        월        일  ~          년      월      일,,,,,,,
91,5,,,,,"학년        학기  ~
학년        학기",년        월        일  ~          년      월      일,,,,,,,
91,기간,학년/학기,사유,,,,,,,,,,,
91,,,,,,,,,,,,,,
91,,,,,,,,,,,,,,
91,,,,,,,,,,,,,,
91,,,,,,,,,,,,,,
91,,,,,,,,,,,,,,
92,학교명,학교정보,,,,,,,,,,,,
92,,주소,,,,,,,,,,,,
92,,전화번호,,,,,,,,,,,,
92,,팩스번호,,,,,,,,,,,,
92,,홈페이지  URL,,,,,,,,,,,,
92,,이메일  주소*,,,,,,,,,,,,
92,,주소,,,,,,,,,,,,
92,,전화번호,,,,,,,,,,,,
92,,팩스번호,,,,,,,,,,,,
92,,홈페이지  URL,,,,,,,,,,,,
92,,이메일  주소*,,,,,,,,,,,,
92,,주소,,,,,,,,,,,,
92,,전화번호,,,,,,,,,,,,
92,,팩스번호,,,,,,,,,,,,
92,,홈페이지  URL,,,,,,,,,,,,
92,,이메일  주소*,,,,,,,,,,,,
92,,주소,,,,,,,,,,,,
92,,전화번호,,,,,,,,,,,,
92,,팩스번호,,,,,,,,,,,,
92,,홈페이지  URL,,,,,,,,,,,,
92,,이메일  주소*,,,,,,,,,,,,
92,,주소,,,,,,,,,,,,
92,,전화번호,,,,,,,,,,,,
92,,팩스번호,,,,,,,,,,,,
92,,홈페이지  URL,,,,,,,,,,,,
92,,이메일  주소*,,,,,,,,,,,,
94,지원  모집단위,학과(학부/전공),,,,,,,,,,,,
94,수험번호,집전화번호,,,,,,,,,,,,
94,성명,"(서명  혹은  날인)
휴대전화번호",,,,,,,,,,,,
94,고등학교,고등학교                              년                  월  졸업(예정),,,,,,,,,,,,
94,"※  이  수정요청서는  원서접수  시  학교생활기록부  온라인  제공에  동의한  지원자  중  학교생활기록부  전산자료에  입력된  내용의  추
가  및  수정이  필요한  경우  제출할  수  있으며,  학교생활기록부  작성기준일(2025.8.31.)까지의  내용에  한하여  수정  요청할  수 
있으며,  2025.9.12.(금)까지  전자문서로  제출해야  함
전산자료  수정  요청  내용
[붙임]  학교생활기록부  1부(학교장  직인  날인  필)  -  수정  사항을  형광펜  등으로  표시하여  제출
2025년          월            일
연세대학교  총장  귀하",,,,,,,,,,,,,
95,지원모집단위,,학과(학부/전공),,,,,,,,,,,
95,수험번호,,,,,집전화번호,,,,,,,,
95,성명,,(자필  서명  또는  날인),,,휴대전화번호,,,,,,,,
95,고등학교,,고등학교                년        월  졸업(예정),,,,,,,,,,,
95,"1.  이  서식은  개명,  외국인  등록  등으로  인하여  입학원서,  학교생활기록부  및  대학수학능력시험  성적표에  기재된  성명  또는  주
민등록번호가  서로  일치하지  않는  지원자에  한하여  작성합니다.
2.  해당자는  다음의  서식에  입학원서,  학교생활기록부  및  대학수학능력시험  성적표에  등재된  성명  및  주민등록번호와  성명·주민
등록번호  불일치  사유를  기재하시기  바랍니다.
[지원자  성명  주민등록번호  불일치  현황]
2025년          월            일
연세대학교  총장  귀하
붙임:  관련  증빙서류  1부  [주민등록표  초본(개명사실  포함),  외국인등록  사실증명  등]",,,,,,,,,,,,,
95,,구분,,입학원서,학교생활기록부,,대학수학능력시험  성적표,,,,,,,
95,,성명,,,,,,,,,,,,
95,,주민등록번호,,,,,,,,,,,,
95,,불일치  사유,,,,,,,,,,,,
95,,,,,,,,,,,,,,
96,성명,(자필  서명  또는  날인),연락처,,,,,,,,,,,
96,수험번호,,모집단위,학과(학부/전공),,,,,,,,,,
96,전형명,,,,,,,,,,,,,
96,환불  요청  사유,"□  국가보훈대상자 
□  국민기초생활수급자
□  차상위계층
□  한부모가족",,,,,,,,,,,,
96,환불  계좌  정보,,,,,,,,,,,,,
96,"금융기관명
예금주명",,,,,,,,,,,,,
96,계좌번호,,,,,,,,,,,,,
96,"위  환불  요청  사유에  해당되어  아래와  같이  서류를  첨부하여  환불  신청합니다.
2025년          월            일
연세대학교  총장  귀하",,,,,,,,,,,,,
96,"첨부
서류","※  환불대상자가  여러  전형에  복수  지원한  경우  전형료  환불신청서를  전형별로  작성  후  1개의  PDF  파일로  제출해야  함
※  증빙서류는  원본을  PDF  파일로  변환하는  것을  원칙으로  하되,  진위확인을  위해  증빙서류  원본의  우편  발송을  추가로 
요청할  수  있음
1.  반환금  수령할  통장  사본(원서접수  시  기재한  은행  및  계좌번호로  수령할  경우  제출  불필요)
2.  자격별  증빙서류(모든  서류는  2025년  9월  1일  이후  발급된  서류이어야  함)
    ∙  국가보훈대상자
        -  대학입학특별전형대상자증명서(보훈번호와  대상구분)  1부
    ∙  국민기초생활수급자
        -  국민기초생활수급자(지원자  또는  부모  명의)  증명서  1부
        -  (부모  명의의  증명서를  제출  시)국민기초생활수급자와  지원자  간의  관계를  확인할  수  있는  가족관계증명서  1부
    ∙  차상위계층/한부모가족
        -  자격별  서류  1부:  차상위  본인부담  경감대상자  증명서,  자활근로자  확인서,  장애(아동)수당  대상자  확인서,  장애인연금
            대상자  확인서,  한부모가족  증명서,  우선돌봄  차상위  확인서  중  차상위계층/한부모가족임을  증명할  수  있는  서류
        -  차상위계층/한부모가족  대상자가  지원자  본인이  아닐  경우:  차상위계층/한부모가족  대상자  명의의  가족관계증명서 
            1부,  차상위계층/한부모가족  대상자  명의의  주민등록표  등본  1부",,,,,,,,,,,,
97,입학  안내,입학처  입학안내실,"TEL
(02)2123-4131",,,,,,,,,,,
97,,,"FAX
(02)2123-8614",,,,,,,,,,,
97,등록금  수납  및  환불,총무처  재무회계팀,"TEL
(02)2123-4500",,,,,,,,,,,
97,장학금  문의,학생복지처  학생지원팀,"TEL
(02)2123-8191~2",,,,,,,,,,,
97,"기숙사  안내
-  신촌:  무악학사
-  국제:  송도학사",[신촌]  생활관,"TEL
(02)2123-3601~2",,,,,,,,,,,
97,,[국제]  종합행정센터  기숙사운영팀,"TEL
(032)749-2991~2",,,,,,,,,,,
