0,1,2,3,4,5,6,7,8,9,10,11,12,13,14,15,16,17,18,19,20,21,22,23
1,없음,없음,없음,없음,없음,,,,,,,,,,,,,,,,,,
1,1,없음,없음,없음,없음,,,,,,,,,,,,,,,,,,
1,1,1,없음,없음,없음,,,,,,,,,,,,,,,,,,
1,1,1,1,없음,없음,,,,,,,,,,,,,,,,,,
1,1,1,1,1,없음,,,,,,,,,,,,,,,,,,
1,1,1,1,1,1,,,,,,,,,,,,,,,,,,
1,1,1,1,1,1,,,,,,,,,,,,,,,,,,
1,1,1,1,1,1,,,,,,,,,,,,,,,,,,
2,1,1,,,,,,,,,,,,,,,,,,,,,
2,2,1,,,,,,,,,,,,,,,,,,,,,
2,2,2,,,,,,,,,,,,,,,,,,,,,
2,2,2,,,,,,,,,,,,,,,,,,,,,
5,전형명,2,정원 구분,계열,"전형방법
(반영요소 및 반영비율)",모집인원,,,,,,,,,,,,,,,,,
5,학생부교과,KU지역균형,내,공통,·학생부(교과정량) 70% + 학생부(교과정성) 30%,"전형방법
(반영요소 및 반영비율)",,,,,,,,,,,,,,,,,
5,학생부종합,KU자기추천,내,공통,"·1단계: 서류 100%(3배수)
·2단계: 1단계 성적 70% + 면접 30%",·학생부(교과정량) 70% + 학생부(교과정성) 30%,,,,,,,,,,,,,,,,,
5,5,특수교육대상자,외,공통,공통,"·1단계: 서류 100%(3배수)
·2단계: 1단계 성적 70% + 면접 30%",,,,,,,,,,,,,,,,,
5,5,사회통합,내,공통,·서류 70% + 학생부(교과정량) 30%,공통,,,,,,,,,,,,,,,,,
5,5,특성화고교졸업자,외,공통,공통,·서류 70% + 학생부(교과정량) 30%,,,,,,,,,,,,,,,,,
5,5,특성화고졸재직자,외,공통,공통,공통,,,,,,,,,,,,,,,,,
5,논술,KU논술우수자,내,공통,·논술 100%(수능최저학력기준 적용),공통,,,,,,,,,,,,,,,,,
5,실기/실적,KU연기우수자,내,예체능,"·1단계: 학생부(교과정량) 100%(25배수)
·2단계: 실기 100%",·논술 100%(수능최저학력기준 적용),,,,,,,,,,,,,,,,,
5,5,KU체육특기자,내,예체능,"·1단계: 경기실적 100%(6배수)
·2단계: 1 단계 성적 50% + 학생부(교과정량) 15% +
학생부(출결정량) 5% + 면접 30%","·1단계: 학생부(교과정량) 100%(25배수)
·2단계: 실기 100%",,,,,,,,,,,,,,,,,
5,총계,5,KU체육특기자,내,예체능,"1,975",,,,,,,,,,,,,,,,,
6,구분,총계,"학생부
교과",학생부종합,내,예체능,"1,975",없음,논술,실기/실적,없음,,,,,,,,,,,,
6,6,구분,"KU
지역
균형","KU
자기
추천","사회
통합","특성화
고교
졸업자","특성화
고졸
재직자","특수
교육
대상자","KU
논술
우수자","KU
연기
우수자","KU
체육
특기자",,,,,,,,,,,,
6,"국내
고교",일반고,O,O,O,X,X,O,O,O,"KU
연기
우수자",,,,,,,,,,,,
6,6,자율고,O,O,O,X,X,O,O,O,O,,,,,,,,,,,,
6,6,특수목적고,"1)
△",O,O,X,"2)
△",O,O,O,O,,,,,,,,,,,,
6,6,영재학교,X,O,"3)
△",X,X,O,O,X,O,,,,,,,,,,,,
6,6,특성화고,X,O,"4)
△",O,O,O,O,O,X,,,,,,,,,,,,
6,"고등학교 졸업과
동등 이상 학력자",6,X,O,"4)
△",X,X,O,O,O,O,,,,,,,,,,,,
6,전형명,"고등학교 졸업과
동등 이상 학력자",평가방법,X,O,"4)
△",제출서류,X,O,,,,,,,,,,,,,,
6,6,전형명,서류,"학생부
(교과정성)","학생부
(교과정량)",면접,입학원서,"학교생활
기록부",기타,,,,,,,,,,,,,,
6,학생부교과,KU지역균형,X,O,O,X,O,O,"학교생활
기록부",,,,,,,,,,,,,,
6,학생부종합,KU자기추천,O,X,X,O,O,O,O,,,,,,,,,,,,,,
6,6,사회통합,O,X,O,X,O,O,O,,,,,,,,,,,,,,
6,6,특성화고교졸업자,O,X,O,X,O,O,O,,,,,,,,,,,,,,
6,6,특성화고졸재직자,O,X,O,X,O,O,O,,,,,,,,,,,,,,
6,6,특수교육대상자,O,X,X,O,O,O,O,,,,,,,,,,,,,,
7,구분,6,단계별 전형,O,X,X,일괄합산 전형,O,O,O,없음,,,,,,,,,,,,
7,7,구분,학생부종합,단계별 전형,실기/실적,X,"학생부
교과",학생부종합,O,O,논술,,,,,,,,,,,,
7,7,7,"KU
자기
추천","특수
교육
대상자","KU
연기
우수자","KU
체육
특기자","KU
지역
균형","사회
통합","특성화
고교
졸업자","특성화
고졸
재직자","KU
논술
우수자",,,,,,,,,,,,
7,1단계,"학생부
(교과정량)",-,-,"100%
(25배수)",-,70%,30%,"사회
통합","특성화
고교
졸업자","특성화
고졸
재직자",,,,,,,,,,,,
7,7,"학생부
(교과정성)",-,-,-,-,30%,-,30%,"사회
통합","특성화
고교
졸업자",,,,,,,,,,,,
7,7,서류,"100%
(3배수)","100%
(3배수)",-,-,-,70%,-,30%,"사회
통합",,,,,,,,,,,,
7,7,논술,-,-,-,-,-,-,70%,-,30%,,,,,,,,,,,,
7,7,경기실적,-,-,-,"100%
(6배수)",-,-,-,70%,-,,,,,,,,,,,,
7,2단계,1단계 성적,70%,70%,-,50%,"100%
(6배수)",-,-,-,70%,,,,,,,,,,,,
7,7,면접,30%,30%,-,30%,50%,"100%
(6배수)",-,-,-,,,,,,,,,,,,
7,7,실기,-,-,100%,-,30%,50%,"100%
(6배수)",-,-,,,,,,,,,,,,
7,7,"학생부
(교과정량)",-,-,-,15%,-,30%,50%,"100%
(6배수)",-,,,,,,,,,,,,
7,7,"학생부
(출결정량)",-,-,-,5%,15%,-,30%,50%,"100%
(6배수)",,,,,,,,,,,,
8,구분,모집단위,모집인원(정원내),합계,,,,,,,,,,,,,,,,,,,
8,무전공,KU자유전공학부,308,모집인원(정원내),,,,,,,,,,,,,,,,,,,
8,"단과대
자유전공학부",문과대학자유전공학부,49,308,,,,,,,,,,,,,,,,,,,
8,8,이과대학자유전공학부,24,49,,,,,,,,,,,,,,,,,,,
8,8,공과대학자유전공학부,195,24,,,,,,,,,,,,,,,,,,,
8,8,사회과학대학융합전공학부,75,195,,,,,,,,,,,,,,,,,,,
8,8,융합과학기술원자유전공학부,33,75,,,,,,,,,,,,,,,,,,,
8,8,생명과학대학자유전공학부,46,33,,,,,,,,,,,,,,,,,,,
9,2024학년도 [구조개편 전],8,생명과학대학자유전공학부,2025학년도 [구조개편 후],33,없음,,,,,,,,,,,,,,,,,
9,단과대학,모집단위,"모집인원
(정원내)",모집단위,"모집인원
(정원내)",단과대학,,,,,,,,,,,,,,,,,
9,9,미래에너지공학과,40,화공학부,62,공과대학,,,,,,,,,,,,,,,,,
9,9,화학공학부,160,40,화공학부,62,,,,,,,,,,,,,,,,,
9,9,9,화학공학부,재료공학과,55,화공학부,,,,,,,,,,,,,,,,,
9,9,기계항공공학부,151,기계·로봇·자동차공학부,70,55,,,,,,,,,,,,,,,,,
9,9,9,기계항공공학부,항공우주·모빌리티공학과,45,70,,,,,,,,,,,,,,,,,
9,9,스마트운행체공학과,40,기계항공공학부,항공우주·모빌리티공학과,45,,,,,,,,,,,,,,,,,
9,9,화장품공학과,40,생물공학과,42,항공우주·모빌리티공학과,,,,,,,,,,,,,,,,,
9,9,생물공학과,30,40,생물공학과,42,,,,,,,,,,,,,,,,,
9,9,컴퓨터공학부,143,컴퓨터공학부,100,생물공학과,,,,,,,,,,,,,,,,,
9,9,스마트ICT융합공학과,40,143,컴퓨터공학부,100,,,,,,,,,,,,,,,,,
9,9,줄기세포재생공학과,43,첨단바이오공학부,45,융합과학기술원,,,,,,,,,,,,,,,,,
9,9,의생명공학과,40,43,첨단바이오공학부,45,,,,,,,,,,,,,,,,,
9,9,동물자원과학과,49,동물자원·식품과학·유통학부,95,생명과학대학,,,,,,,,,,,,,,,,,
9,9,축산식품생명공학과,46,49,동물자원·식품과학·유통학부,95,,,,,,,,,,,,,,,,,
9,9,식품유통공학과,30,46,49,동물자원·식품과학·유통학부,,,,,,,,,,,,,,,,,
9,9,환경보건과학과,34,환경보건·산림조경학부,52,49,,,,,,,,,,,,,,,,,
9,9,산림조경학과,34,34,환경보건·산림조경학부,52,,,,,,,,,,,,,,,,,
9,9,융합인재학과,38,(폐지),34,환경보건·산림조경학부,,,,,,,,,,,,,,,,,
9,9,글로벌비즈니스학과,28,(폐지),(폐지),34,,,,,,,,,,,,,,,,,
10,전형,2024학년도,2025학년도,,,,,,,,,,,,,,,,,,,,
10,실기/실적위주,"[KU체육특기자] 학교폭력 조치사항을 면접에서
정성평가로 반영","학교폭력 조치사항 기재항목에 따른 감점표로
총점에서 감점",,,,,,,,,,,,,,,,,,,,
10,학생부종합,서류평가 및 면접평가에서 정성평가로 반영,"[KU체육특기자] 학교폭력 조치사항을 면접에서
정성평가로 반영",,,,,,,,,,,,,,,,,,,,
10,학생부교과,-,서류평가 및 면접평가에서 정성평가로 반영,,,,,,,,,,,,,,,,,,,,
10,논술위주,학생부교과,-,,,,,,,,,,,,,,,,,,,,
10,"「 」
학교폭력예방 및 대책에 관한 법률 제17조 제1항",감점비율,,,,,,,,,,,,,,,,,,,,,
10,제1호 (피해학생에 대한 서면사과),"「 」
학교폭력예방 및 대책에 관한 법률 제17조 제1항",,,,,,,,,,,,,,,,,,,,,
10,"제2호 (피해학생 신고·고발 학생에 대한 접촉, 협박 및 보복행위의 금지)",제1호 (피해학생에 대한 서면사과),,,,,,,,,,,,,,,,,,,,,
10,제3호 (학교에서의 봉사),"제2호 (피해학생 신고·고발 학생에 대한 접촉, 협박 및 보복행위의 금지)",,,,,,,,,,,,,,,,,,,,,
10,제4호 (사회봉사),제3호 (학교에서의 봉사),,,,,,,,,,,,,,,,,,,,,
10,제5호 (학내외 전문가에 의한 특별교육 이수 또는 심리치료),제4호 (사회봉사),,,,,,,,,,,,,,,,,,,,,
10,제6호 (출석정지),제5호 (학내외 전문가에 의한 특별교육 이수 또는 심리치료),,,,,,,,,,,,,,,,,,,,,
10,제7호 (학급교체),제6호 (출석정지),,,,,,,,,,,,,,,,,,,,,
10,제8호 (전학),제7호 (학급교체),,,,,,,,,,,,,,,,,,,,,
10,제9호 (퇴학처분),제8호 (전학),,,,,,,,,,,,,,,,,,,,,
10,구분,2024학년도,2025학년도,,,,,,,,,,,,,,,,,,,,
10,모집시기,수시,정시,,,,,,,,,,,,,,,,,,,,
10,전형유형,학생부종합,수능위주,,,,,,,,,,,,,,,,,,,,
10,전형방법,서류평가 70% + 학생부(교과) 30%,수능 100%,,,,,,,,,,,,,,,,,,,,
10,구분,2024학년도,2025학년도,공통,,,,,,,,,,,,,,,,,,,
10,인문,"국, 수, 영, 사/과탐(1과목) 중 2개 등급 합 5","국, 수, 영, 사/과탐(1과목)* 중 2개 등급 합 5",2025학년도,,,,,,,,,,,,,,,,,,,
10,자연,"국, 수, 영, 과탐(1과목) 중 2개 등급 합 5","국, 수, 영, 사/과탐(1과목) 중 2개 등급 합 5","국, 수, 영, 사/과탐(1과목)* 중 2개 등급 합 5",,,,,,,,,,,,,,,,,,,
10,KU자유전공학부,-,"국, 수, 영, 과탐(1과목) 중 2개 등급 합 5","국, 수, 영, 사/과탐(1과목) 중 2개 등급 합 5",,,,,,,,,,,,,,,,,,,
10,수의예과,"국, 수, 영, 과탐(1과목) 중 3개 등급 합 4","국, 수, 영, 사/과탐(1과목)* 중 3개 등급 합 4","국, 수, 영, 과탐(1과목) 중 2개 등급 합 5",,,,,,,,,,,,,,,,,,,
10,비고,"[인문] 선택과목 제한없음
[자연·수의예과]
·수학: 미적분 또는 기하 중 택1
·탐구: 과학과목 중 2과목 응시","[인문·자연·수의예과·KU자유전공학부]
선택과목 지정 폐지
*사/과탐: 2 과목을 응시하여 그중 높은 과목 반영","국, 수, 영, 사/과탐(1과목)* 중 3개 등급 합 4",,,,,,,,,,,,,,,,,,,
11,구분,2024학년도,2025학년도,,,,,,,,,,,,,,,,,,,,
11,지원자격,"·국 내 고등학교 졸업(예정)자로서 5학기 이상의 교육과정을
이수하고, 고등학교장의 추천을 받은 자
※ 지원 불가
- 특 성화고, 마이스터고, 전문계과정(일반고, 종합고),
영재학교, 예술고, 체육고, 학력인정 평생교육시설,
비인가 대안학교, 방송통신고, 고등기술학교
졸업(예정)자
- 학 생부 교과목별 석차등급을 산출할 수 없는 자","·국 내 고등학교에서 5학기 이상의 교육과정을 이수한
졸업(예정)자로서, 고등학교장의 추천을 받은 자
※ 지원 불가
- 특 성화고, 산업수요맞춤형고, 전문계과정(일반고,
종합고), 영재학교, 예술고, 체육고, 학력인정
평생교육시설, 비인가 대안학교, 방송통신고,
고등기술학교, 각종학교<추가> 졸업(예정)자
- 학 생부 교과목별 석차등급을 산출할 수 없는 자",,,,,,,,,,,,,,,,,,,,
11,2024학년도,2025학년도,,,,,,,,,,,,,,,,,,,,,
11,11,"1. 국가보훈대상자(좌동)
2. 농어촌학생
「 」
고등교육법 시행령 제29조 제2항 제14호 ‘가’목에 해당하는 자 중
[지원자격 1] 또는 [지원자격 2]에 해당하는 자
·[지원자격 1]: 중 학교 입학일부터 고등학교 졸업일까지 농어촌
소재지의 중·고등학교 전 교육과정을 연속하여
이수하고, 해당기간 동안 본인 및 부·모 모두
농어촌 소재지에 거주한 자
·[지원자격 2]: 초 등학교 입학일부터 고등학교 졸업일까지 농어촌
소재지의 초·중·고등학교 전 교육과정을 연속하여
이수하고, 해당기간 동안 본인이 농어촌 소재지에
거주한 자
- 특수목적고(과학고, 산업수요맞춤형고, 외국어고, 국제고,
예술고, 체육고), 특성화고<추가>, 학력인정 평생교육시설,
비인가 대안학교, 방송통신고, 고등기술학교, 각종학교<추가>
졸업(예정)자 지원 불가
- 지원자격 해당기간의 연속된 연수만을 인정함
「 」
- ‘ 농어촌 소재지’란 지방자치법 제3조에 따른 읍·면 지역 및
「 」
도서·벽지 교육진흥법시행규칙 제2조에 따른 도서·벽지
지역을 의미함
- 고 교 졸업예정자가 최종 합격할 경우 재학 고등학교의 졸업일
까지 지원자격(농어촌 지역 거주 및 농어촌 지역 고교 재학)을
유지해야 하며, 자격을 유지하지 않을 경우 불합격 또는 입학이
취소될 수 있음
3. 기초생활및차상위
「 」
고등교육법 시행령 제29조 제2항 제14호 ‘라’목에 해당하는 자
「 」
1. 국민기초생활 보장법 제2조 제1호에 따른 수급권자 및
제2조 제2호에 따른 수급자
「 」
2. 국민기초생활 보장법 제2조 제10호에 따른 차상위계층
「 」
3. 한부모가족지원법 제5조 및 제5조의2에 따른 지원대상자",,,,,,,,,,,,,,,,,,,,,
12,종목,2024학년도,2025학년도,,,,,,,,,,,,,,,,,,,,
12,테니스,"·고 교 재학 중 ITF(국제테니스연맹)에서 인정하는
국제대회 또는 전국 규모의 대회에서 4강 이내의
입상실적이 있는 자","·고교 재학 중 다음의 실적을 모두 갖춘 자
- 고 교 재학 중 ITF(국제테니스연맹)에서 인정하는
국제대회 또는 전국 규모의 대회에서 4강 이내의
입상실적이 있는 자
- 고 교 재학 중 전국 규모의 국내대회(대학, 실업), 국제대회의
단체전, 개인전에 3년 이내 25개 대회 이상 출전한 자
※ 전 대회 출전기록 및 수상 성적을 포함한 경기실적증명서
제출 <신설>",,,,,,,,,,,,,,,,,,,,
12,육상,"·고교 재학 중 다음 중 하나 이상의 실적이 있는 자
- 고 교 재학 중 전국 규모 대회 1,500m, 5,000m,
10,000m, 3,000m장애물, 10km 종목에서 4위 이내의
입상실적이 있는 자
- 고 교 재학 중 전국 규모 구간 마라톤 대회에서 개인구간
3위 이내의 입상실적이 있는 자(단체 성적 제외)
- 고 교 재학 중 국가대표(올림픽, 세계선수권, 아시안게임), 국가
상비군에(1,500m, 5,000m, 3,000m장애물, 10,000m,
10km) 선발된 자(경보종목 제외)","·고교 재학 중 다음 중 하나 이상의 실적이 있는 자
- 고 교 재학 중 전국 규모 대회 1,500m, 5,000m,
10,000m, 3,000m장애물, 10km 종목에서
3위<변경> 이내의 입상실적이 있는 자
- 고 교 재학 중 전국 규모 구간 마라톤 대회에서 개인구간
3위 이내의 입상실적이 있는 자(단체 성적 제외)
- 고 교 재학 중 국가대표(올림픽, 세계선수권, 아시안게임),
국가대표 후보선수로 (1,500m, 5,000m, 10,000m, 3,000m
장애물, 10km) 선발된 자 (경보종목 제외)",,,,,,,,,,,,,,,,,,,,
12,구분,2024학년도,"·고교 재학 중 다음 중 하나 이상의 실적이 있는 자
- 고 교 재학 중 전국 규모 대회 1,500m, 5,000m,
10,000m, 3,000m장애물, 10km 종목에서 4위 이내의
입상실적이 있는 자
- 고 교 재학 중 전국 규모 구간 마라톤 대회에서 개인구간
3위 이내의 입상실적이 있는 자(단체 성적 제외)
- 고 교 재학 중 국가대표(올림픽, 세계선수권, 아시안게임), 국가
상비군에(1,500m, 5,000m, 3,000m장애물, 10,000m,
10km) 선발된 자(경보종목 제외)",2025학년도,없음,,,,,,,,,,,,,,,,,,
12,모집시기,정원내 6명,수시,정원내 2명,정시 다군,,,,,,,,,,,,,,,,,,
12,12,정원외 130명,수시,정원외 130명,수시,,,,,,,,,,,,,,,,,,
12,전형유형,12,정원외 130명,수시,정원외 130명,,,,,,,,,,,,,,,,,,
12,전형방법,전형유형,12,정원외 130명,수시,,,,,,,,,,,,,,,,,,
13,단과대학,모집단위,계열,"모집인원
(정원내)",학과 및 전공,,,,,,,,,,,,,,,,,,
13,문과대학,국어국문학과,인문,31,"모집인원
(정원내)",,,,,,,,,,,,,,,,,,
13,13,영어영문학과,인문,45,31,,,,,,,,,,,,,,,,,,
13,13,중어중문학과,인문,29,45,,,,,,,,,,,,,,,,,,
13,13,철학과,인문,25,29,,,,,,,,,,,,,,,,,,
13,13,사학과,인문,25,25,,,,,,,,,,,,,,,,,,
13,13,지리학과,인문,25,25,,,,,,,,,,,,,,,,,,
13,13,미디어커뮤니케이션학과,인문,31,25,,,,,,,,,,,,,,,,,,
13,13,문화콘텐츠학과,인문,27,31,,,,,,,,,,,,,,,,,,
13,13,문과대학자유전공학부,인문,49,27,,,,,,,,,,,,,,,,,,
13,이과대학,수학과,자연,25,49,,,,,,,,,,,,,,,,,,
13,13,물리학과,자연,42,25,,,,,,,,,,,,,,,,,,
13,13,화학과,자연,25,42,,,,,,,,,,,,,,,,,,
13,13,이과대학자유전공학부,자연,24,25,,,,,,,,,,,,,,,,,,
13,건축대학,건축학부,자연,77,건축학부,,,,,,,,,,,,,,,,,,
13,공과대학,사회환경공학부,자연,101,사회환경공학부,,,,,,,,,,,,,,,,,,
13,13,기계·로봇·자동차공학부,자연,72,기계·로봇·자동차공학부,,,,,,,,,,,,,,,,,,
13,13,전기전자공학부,자연,122,전기전자공학부,,,,,,,,,,,,,,,,,,
13,13,화공학부,자연,63,화공학부,,,,,,,,,,,,,,,,,,
13,13,컴퓨터공학부,자연,102,컴퓨터공학부,,,,,,,,,,,,,,,,,,
14,단과대학,모집단위,계열,"모집인원
(정원내)",학과 및 전공,컴퓨터공학부,,,,,,,,,,,,,,,,,
14,공과대학,재료공학과,자연,55,"첨단융합
공학부",재료공학과,,,,,,,,,,,,,,,,,
14,14,항공우주·모빌리티공학과,자연,47,55,항공우주·모빌리티공학과,,,,,,,,,,,,,,,,,
14,14,생물공학과,자연,43,47,생물공학과,,,,,,,,,,,,,,,,,
14,14,산업공학과,자연,31,43,산업공학과,,,,,,,,,,,,,,,,,
14,14,신산업융합학과,인문,1,"산업경영
융합학부",신산업융합학과,,,,,,,,,,,,,,,,,
14,14,K뷰티산업융합학과,예체능,1,1,"산업경영
융합학부",,,,,,,,,,,,,,,,,
14,14,공과대학자유전공학부,자연,195,1,1,,,,,,,,,,,,,,,,,
14,사회과학대학,정치외교학과,인문,30,195,1,,,,,,,,,,,,,,,,,
14,14,경제학과,인문,72,30,195,,,,,,,,,,,,,,,,,
14,14,행정학과,인문,52,72,30,,,,,,,,,,,,,,,,,
14,14,국제무역학과,인문,60,52,72,,,,,,,,,,,,,,,,,
14,14,응용통계학과,인문,40,60,52,,,,,,,,,,,,,,,,,
14,14,사회과학대학융합전공학부,인문,75,40,60,,,,,,,,,,,,,,,,,
14,경영대학,경영학과,인문,147,75,40,,,,,,,,,,,,,,,,,
14,14,기술경영학과,인문,35,147,75,,,,,,,,,,,,,,,,,
14,부동산과학원,부동산학과,인문,38,35,147,,,,,,,,,,,,,,,,,
14,융합과학기술원,첨단바이오공학부,자연,47,첨단바이오공학부,35,,,,,,,,,,,,,,,,,
14,14,시스템생명공학과,자연,27,생명공학부,첨단바이오공학부,,,,,,,,,,,,,,,,,
14,14,융합생명공학과,자연,27,27,생명공학부,,,,,,,,,,,,,,,,,
14,14,융합과학기술원자유전공학부,자연,33,27,27,,,,,,,,,,,,,,,,,
14,생명과학대학,동물자원·식품과학·유통학부,자연,96,동물자원·식품과학·유통학부,27,,,,,,,,,,,,,,,,,
14,14,환경보건·산림조경학부,자연,52,환경보건·산림조경학부,동물자원·식품과학·유통학부,,,,,,,,,,,,,,,,,
14,14,생명과학특성학과,자연,32,52,환경보건·산림조경학부,,,,,,,,,,,,,,,,,
14,14,식량자원과학과,자연,31,32,52,,,,,,,,,,,,,,,,,
14,14,생명과학대학자유전공학부,자연,46,31,32,,,,,,,,,,,,,,,,,
15,단과대학,모집단위,계열,"모집인원
(정원내)",학과 및 전공,,,,,,,,,,,,,,,,,,
15,수의과대학,수의예과,자연,69,"모집인원
(정원내)",,,,,,,,,,,,,,,,,,
15,예술디자인대학,커뮤니케이션디자인학과,예체능,39,69,,,,,,,,,,,,,,,,,,
15,15,산업디자인학과,예체능,34,39,,,,,,,,,,,,,,,,,,
15,15,의상디자인학과-인문계,인문,17,34,,,,,,,,,,,,,,,,,,
15,15,의상디자인학과-예체능계,예체능,17,17,,,,,,,,,,,,,,,,,,
15,15,리빙디자인학과,예체능,45,17,,,,,,,,,,,,,,,,,,
15,15,현대미술학과,예체능,32,45,,,,,,,,,,,,,,,,,,
15,15,영상학과,예체능,35,32,,,,,,,,,,,,,,,,,,
15,15,매체연기학과,예체능,25,35,,,,,,,,,,,,,,,,,,
15,사범대학,일어교육과,인문,22,25,,,,,,,,,,,,,,,,,,
15,15,수학교육과,자연,25,22,,,,,,,,,,,,,,,,,,
15,15,체육교육과,예체능,38,25,,,,,,,,,,,,,,,,,,
15,15,음악교육과,예체능,20,38,,,,,,,,,,,,,,,,,,
15,15,교육공학과,인문,25,20,,,,,,,,,,,,,,,,,,
15,15,영어교육과,인문,20,25,,,,,,,,,,,,,,,,,,
15,KU자유전공학부,KU자유전공학부,-,308,20,,,,,,,,,,,,,,,,,,
15,합계,※ 2023학년도 이월 인원 24명 포함,KU자유전공학부,"3,024",308,,,,,,,,,,,,,,,,,,
16,단과대학,모집단위,계열,"수시모집
인원",수시모집,308,없음,없음,없음,없음,없음,없음,없음,,,,,,,,,,
16,16,단과대학,모집단위,계열,"학생부
교과",학생부종합,308,없음,없음,없음,논술,실기/실적,없음,,,,,,,,,,
16,16,16,단과대학,모집단위,"KU
지
역
균
형","KU
자
기
추
천","사
회
통
합","특
성
화
고
교
졸
업
자
★","특
성
화
고
졸
재
직
자
★","특
수
교
육
대
상
자","KU
논
술
우
수
자","KU
연
기
우
수
자","KU
체
육
특
기
자",,,,,,,,,,
16,문과대학,국어국문학과,인문,25,3,15,2,"사
회
통
합","특
성
화
고
교
졸
업
자
★",8,5,"KU
논
술
우
수
자","KU
연
기
우
수
자",,,,,,,,,,
16,16,영어영문학과,인문,39,5,29,2,2,"사
회
통
합","특
성
화
고
교
졸
업
자
★",3,5,"KU
논
술
우
수
자",,,,,,,,,,
16,16,중어중문학과,인문,24,4,13,2,2,2,"사
회
통
합",5,3,5,,,,,,,,,,
16,16,철학과,인문,22,3,15,1,2,2,2,3,5,3,,,,,,,,,,
16,16,사학과,인문,21,3,14,1,1,2,2,3,3,5,,,,,,,,,,
16,16,지리학과,인문,22,3,15,1,1,1,2,3,3,3,,,,,,,,,,
16,16,미디어커뮤니케이션학과,인문,26,6,13,1,1,1,1,6,3,3,,,,,,,,,,
16,16,문화콘텐츠학과,인문,21,4,13,1,1,1,1,3,6,3,,,,,,,,,,
16,16,문과대학자유전공학부,인문,49,35,4,13,1,1,1,14,3,6,,,,,,,,,,
16,이과대학,수학과,자연,17,3,5,1,13,1,1,8,14,3,,,,,,,,,,
16,16,물리학과,자연,30,4,13,2,1,13,1,11,8,14,,,,,,,,,,
16,16,화학과,자연,16,3,8,1,2,1,13,4,11,8,,,,,,,,,,
16,16,이과대학자유전공학부,자연,24,13,3,8,1,2,1,11,4,11,,,,,,,,,,
16,건축대학,건축학부,자연,39,8,19,3,1,1,2,8,11,4,,,,,,,,,,
16,공과대학,사회환경공학부,자연,60,10,35,4,1,1,1,10,8,11,,,,,,,,,,
16,16,기계·로봇·자동차공학부,자연,35,16,7,4,1,1,1,7,10,8,,,,,,,,,,
16,16,전기전자공학부,자연,58,11,31,4,1,1,1,11,7,10,,,,,,,,,,
16,16,화공학부,자연,33,6,16,4,1,1,1,6,11,7,,,,,,,,,,
16,16,컴퓨터공학부,자연,55,10,31,4,2,1,1,8,6,11,,,,,,,,,,
16,16,재료공학과,자연,30,5,15,4,1,2,1,5,8,6,,,,,,,,,,
16,16,항공우주·모빌리티공학과,자연,23,5,9,3,1,1,2,5,5,8,,,,,,,,,,
16,16,생물공학과,자연,27,4,13,2,1,1,1,7,5,5,,,,,,,,,,
16,16,산업공학과,자연,15,3,7,2,2,1,1,3,7,5,,,,,,,,,,
16,16,신산업융합학과,인문,100,15,3,7,2,100,1,1,3,7,,,,,,,,,,
16,16,K뷰티산업융합학과,예체능,30,100,15,3,7,30,100,1,1,3,,,,,,,,,,
16,16,공과대학자유전공학부,자연,135,100,100,15,3,7,30,35,1,1,,,,,,,,,,
17,단과대학,모집단위,계열,"수시모집
인원",수시모집,100,100,15,3,7,30,35,1,,,,,,,,,,
17,17,단과대학,모집단위,계열,"학생부
교과",학생부종합,100,100,15,3,논술,실기/실적,35,,,,,,,,,,
17,17,17,단과대학,모집단위,"KU
지
역
균
형","KU
자
기
추
천","사
회
통
합","특
성
화
고
교
졸
업
자
★","특
성
화
고
졸
재
직
자
★","특
수
교
육
대
상
자","KU
논
술
우
수
자","KU
연
기
우
수
자","KU
체
육
특
기
자",,,,,,,,,,
17,사회과학대학,정치외교학과,인문,18,3,9,1,1,"특
성
화
고
교
졸
업
자
★",8,4,"KU
논
술
우
수
자","KU
연
기
우
수
자",,,,,,,,,,
17,17,경제학과,인문,41,7,22,3,1,1,"특
성
화
고
교
졸
업
자
★",8,4,"KU
논
술
우
수
자",,,,,,,,,,
17,17,행정학과,인문,28,5,14,2,1,1,1,6,8,4,,,,,,,,,,
17,17,국제무역학과,인문,29,4,14,3,1,1,1,7,6,8,,,,,,,,,,
17,17,응용통계학과,인문,23,4,12,2,1,1,1,4,7,6,,,,,,,,,,
17,17,사회과학대학융합전공학부,인문,75,50,4,12,2,1,1,25,4,7,,,,,,,,,,
17,경영대학,경영학과,인문,83,15,47,4,1,2,4,16,25,4,,,,,,,,,,
17,17,기술경영학과,인문,21,4,10,2,1,1,2,4,16,25,,,,,,,,,,
17,부동산과학원,부동산학과,인문,25,4,13,2,1,1,1,5,4,16,,,,,,,,,,
17,융합과학기술원,첨단바이오공학부,자연,27,5,14,3,2,1,1,5,5,4,,,,,,,,,,
17,17,시스템생명공학과,자연,15,3,8,1,3,2,1,3,5,5,,,,,,,,,,
17,17,융합생명공학과,자연,15,3,8,1,1,3,2,3,3,5,,,,,,,,,,
17,17,융합과학기술원자유전공학부,자연,33,25,3,8,1,1,3,8,3,3,,,,,,,,,,
17,생명과학대학,동물자원·식품과학·유통학부,자연,55,9,30,4,2,1,1,10,8,3,,,,,,,,,,
17,17,환경보건·산림조경학부,자연,30,5,18,3,1,2,1,3,10,8,,,,,,,,,,
17,17,생명과학특성학과,자연,20,3,11,2,3,1,2,4,3,10,,,,,,,,,,
17,17,식량자원과학과,자연,19,3,10,2,1,3,1,3,4,3,,,,,,,,,,
17,17,생명과학대학자유전공학부,자연,46,34,3,10,2,1,3,12,3,4,,,,,,,,,,
17,수의과대학,수의예과,자연,30,5,16,3,10,2,1,6,12,3,,,,,,,,,,
17,예술디자인대학,커뮤니케이션디자인학과,예체능,자연,30,5,16,3,10,2,1,6,12,,,,,,,,,,
17,17,산업디자인학과,예체능,예체능,자연,30,5,16,3,10,2,1,6,,,,,,,,,,
17,17,의상디자인학과-인문계,인문,예체능,예체능,자연,30,5,16,3,10,2,1,,,,,,,,,,
17,17,의상디자인학과-예체능계,예체능,인문,예체능,예체능,자연,30,5,16,3,10,2,,,,,,,,,,
17,17,리빙디자인학과,예체능,예체능,인문,예체능,예체능,자연,30,5,16,3,10,,,,,,,,,,
17,17,현대미술학과,예체능,예체능,예체능,인문,예체능,예체능,자연,30,5,16,3,,,,,,,,,,
17,17,영상학과,예체능,예체능,예체능,예체능,인문,예체능,예체능,자연,30,5,16,,,,,,,,,,
17,17,매체연기학과,예체능,25,예체능,예체능,예체능,인문,예체능,예체능,자연,25,5,,,,,,,,,,
18,단과대학,모집단위,계열,"수시모집
인원",수시모집,예체능,예체능,예체능,인문,예체능,예체능,자연,25,,,,,,,,,,
18,18,단과대학,모집단위,계열,"학생부
교과",학생부종합,예체능,예체능,예체능,인문,논술,실기/실적,자연,,,,,,,,,,
18,18,18,단과대학,모집단위,"KU
지
역
균
형","KU
자
기
추
천","사
회
통
합","특
성
화
고
교
졸
업
자
★","특
성
화
고
졸
재
직
자
★","특
수
교
육
대
상
자","KU
논
술
우
수
자","KU
연
기
우
수
자","KU
체
육
특
기
자",,,,,,,,,,
18,사범대학,일어교육과,인문,19,3,16,"KU
자
기
추
천","사
회
통
합","특
성
화
고
교
졸
업
자
★","특
성
화
고
졸
재
직
자
★","특
수
교
육
대
상
자","KU
논
술
우
수
자","KU
연
기
우
수
자",,,,,,,,,,
18,18,수학교육과,자연,17,5,6,16,"KU
자
기
추
천","사
회
통
합","특
성
화
고
교
졸
업
자
★",6,"특
수
교
육
대
상
자","KU
논
술
우
수
자",,,,,,,,,,
18,18,체육교육과,예체능,13,17,5,6,16,"KU
자
기
추
천","사
회
통
합","특
성
화
고
교
졸
업
자
★",6,"특
수
교
육
대
상
자",,,,,,,,,,
18,18,음악교육과,예체능,예체능,13,17,5,6,16,"KU
자
기
추
천","사
회
통
합","특
성
화
고
교
졸
업
자
★",6,,,,,,,,,,
18,18,교육공학과,인문,12,예체능,12,17,5,6,16,"KU
자
기
추
천","사
회
통
합","특
성
화
고
교
졸
업
자
★",,,,,,,,,,
18,18,영어교육과,인문,12,4,8,12,17,5,6,16,"KU
자
기
추
천","사
회
통
합",,,,,,,,,,
18,KU자유전공학부,KU자유전공학부,-,248,12,179,8,12,17,5,69,16,"KU
자
기
추
천",,,,,,,,,,
18,합계,KU자유전공학부,KU자유전공학부,"1,955*",470,813,87,22,130,20,395,25,13,,,,,,,,,,
19,면접 일정,전형,비고,,,,,,,,,,,,,,,,,,,,
19,2024. 11. 30.(토),"학생부종합(KU자기추천): 이과대학, 공과대학,
사회과학대학, 부동산과학원, 융합과학기술원, 사범대학",전형,,,,,,,,,,,,,,,,,,,,
19,19,학생부종합(특수교육대상자),"학생부종합(KU자기추천): 이과대학, 공과대학,
사회과학대학, 부동산과학원, 융합과학기술원, 사범대학",,,,,,,,,,,,,,,,,,,,
20,구분,내용,학생부종합(특수교육대상자),"학생부종합(KU자기추천): 이과대학, 공과대학,
사회과학대학, 부동산과학원, 융합과학기술원, 사범대학",일정,비고,,,,,,,,,,,,,,,,,
20,원서접수,전체 전형,내용,학생부종합(특수교육대상자),"2024. 9. 9.(월) 10:00
~ 9. 12.(목) 17:00",일정,,,,,,,,,,,,,,,,,
20,"서류제출
(PDF 업로드)",전체 전형,전체 전형,내용,"2024. 9. 9.(월) 10:00
~ 9. 13.(금) 17:00","2024. 9. 9.(월) 10:00
~ 9. 12.(목) 17:00",,,,,,,,,,,,,,,,,
20,온라인 입력,학생부종합전형,전체 전형,"학교생활기록부
대체 서식 입력","2024. 9. 9.(월) 10:00
~ 9. 13.(금) 17:00","2024. 9. 9.(월) 10:00
~ 9. 13.(금) 17:00",,,,,,,,,,,,,,,,,
20,20,학생부교과(KU지역균형),학생부종합전형,"학교장 추천
명단 입력","2024. 9. 19.(목) 9:00
~ 9. 25.(수) 18:00","2024. 9. 9.(월) 10:00
~ 9. 13.(금) 17:00",,,,,,,,,,,,,,,,,
20,"1단계
합격자 발표","실기/실적(KU연기우수자, KU체육특기자)",학생부교과(KU지역균형),학생부종합전형,2024. 10. 11.(금) 14:00 예정,"2024. 9. 19.(목) 9:00
~ 9. 25.(수) 18:00",,,,,,,,,,,,,,,,,
20,20,"학생부종합(KU자기추천, 특수교육대상자)","실기/실적(KU연기우수자, KU체육특기자)",학생부교과(KU지역균형),2024. 11. 15.(금) 14:00 예정,2024. 10. 11.(금) 14:00 예정,,,,,,,,,,,,,,,,,
20,"2단계
전형료 납부","학생부종합(KU자기추천, 특수교육대상자)","학생부종합(KU자기추천, 특수교육대상자)","실기/실적(KU연기우수자, KU체육특기자)","1단계 합격자 발표 이후
~ 2024. 11. 18.(월) 17:00",2024. 11. 15.(금) 14:00 예정,,,,,,,,,,,,,,,,,
20,실기,실기/실적(KU연기우수자),"학생부종합(KU자기추천, 특수교육대상자)","학생부종합(KU자기추천, 특수교육대상자)",2024. 10. 21.(월) ~ 10. 26.(토),"1단계 합격자 발표 이후
~ 2024. 11. 18.(월) 17:00",,,,,,,,,,,,,,,,,
20,논술고사,"논술
(KU논술우수자)",자연,"학생부종합(KU자기추천, 특수교육대상자)",2024. 11. 16.(토) 9:20~11:00,2024. 10. 21.(월) ~ 10. 26.(토),,,,,,,,,,,,,,,,,
20,20,논술고사,KU자유전공학부,자연,2024. 11. 16.(토) 14:00~15:40,2024. 11. 16.(토) 9:20~11:00,,,,,,,,,,,,,,,,,
20,20,20,"인문사회(Ⅰ, Ⅱ)",KU자유전공학부,2024. 11. 16.(토) 17:40~19:20,2024. 11. 16.(토) 14:00~15:40,,,,,,,,,,,,,,,,,
20,면접,실기/실적(KU체육특기자),20,"인문사회(Ⅰ, Ⅱ)",2024. 11. 2.(토),2024. 11. 16.(토) 17:40~19:20,,,,,,,,,,,,,,,,,
20,20,"학생부종합
(KU자기추천)","이과대학, 공과대학, 사회과학대학,
부동산과학원, 융합과학기술원,
사범대학",20,2024. 11. 30.(토),2024. 11. 2.(토),,,,,,,,,,,,,,,,,
20,20,학생부종합(특수교육대상자),"학생부종합
(KU자기추천)","이과대학, 공과대학, 사회과학대학,
부동산과학원, 융합과학기술원,
사범대학",20,2024. 11. 30.(토),,,,,,,,,,,,,,,,,
20,20,"학생부종합
(KU자기추천)","문과대학, 건축대학, 경영대학,
생명과학대학, 수의과대학,
KU자유전공학부","학생부종합
(KU자기추천)",2024. 12. 1.(일),20,,,,,,,,,,,,,,,,,
20,"최초합격자
발표","실기/실적(KU연기우수자, KU체육특기자)","학생부종합
(KU자기추천)","문과대학, 건축대학, 경영대학,
생명과학대학, 수의과대학,
KU자유전공학부",2024. 11. 22.(금) 14:00 예정,2024. 12. 1.(일),,,,,,,,,,,,,,,,,
20,20,"학생부교과(KU지역균형), 학생부종합전형 전체","실기/실적(KU연기우수자, KU체육특기자)","학생부종합
(KU자기추천)",2024. 12. 13.(금) 14:00 예정,2024. 11. 22.(금) 14:00 예정,,,,,,,,,,,,,,,,,
20,20,논술(KU논술우수자),"학생부교과(KU지역균형), 학생부종합전형 전체","실기/실적(KU연기우수자, KU체육특기자)","학생부종합
(KU자기추천)",2024. 12. 13.(금) 14:00 예정,,,,,,,,,,,,,,,,,
20,"온라인
문서등록",전체 전형,논술(KU논술우수자),"학생부교과(KU지역균형), 학생부종합전형 전체","2024. 12. 16.(월) 10:00
~ 12. 18.(수) 16:00","학생부종합
(KU자기추천)",,,,,,,,,,,,,,,,,
20,"추가합격자
발표","온라인
문서등록",전체 전형,논술(KU논술우수자),"2024. 12. 19.(목) 10:00
~ 12. 26.(목) 18:00","2024. 12. 16.(월) 10:00
~ 12. 18.(수) 16:00",,,,,,,,,,,,,,,,,
20,"추가합격자
등록 마감","추가합격자
발표","온라인
문서등록",전체 전형,2024. 12. 27.(금) 16:00,"2024. 12. 19.(목) 10:00
~ 12. 26.(목) 18:00",,,,,,,,,,,,,,,,,
20,등록금 납부,"추가합격자
등록 마감","추가합격자
발표","온라인
문서등록",2025. 2. 10.(월) ~ 2. 12.(수),2024. 12. 27.(금) 16:00,,,,,,,,,,,,,,,,,
21,구분,전형,발표일시,발표방법,,,,,,,,,,,,,,,,,,,
21,1단계 합격자,"실기/실적(KU연기우수자, KU체육특기자)",2024. 10. 11.(금) 14:00 예정,발표일시,,,,,,,,,,,,,,,,,,,
21,21,"학생부종합(KU자기추천, 특수교육대상자)",2024. 11. 15.(금) 14:00 예정,2024. 10. 11.(금) 14:00 예정,,,,,,,,,,,,,,,,,,,
21,최초합격자,"실기/실적(KU연기우수자, KU체육특기자)",2024. 11. 22.(금) 14:00 예정,2024. 11. 15.(금) 14:00 예정,,,,,,,,,,,,,,,,,,,
21,21,"학생부교과(KU지역균형), 학생부종합전형 전체,
논술(KU논술우수자)",2024. 12. 13.(금) 14:00 예정,2024. 11. 22.(금) 14:00 예정,,,,,,,,,,,,,,,,,,,
21,차수,발표일시,등록일시,발표방법,,,,,,,,,,,,,,,,,,,
21,1차,2024. 12. 19.(목) 10:00 예정,2024. 12. 19.(목) 10:00~16:00,등록일시,,,,,,,,,,,,,,,,,,,
21,2차 이후,2024. 12. 20.(금) ~ 12. 26.(목) 18:00,2024. 12. 20.(금) ~ 12. 27.(금) 16:00,2024. 12. 19.(목) 10:00~16:00,,,,,,,,,,,,,,,,,,,
22,일정,비고,,,,,,,,,,,,,,,,,,,,,
22,2025. 2. 10.(월) ~ 2. 12.(수),일정,,,,,,,,,,,,,,,,,,,,,
23,모집단위,계열,인원,,,,,,,,,,,,,,,,,,,,
23,국어국문학과,인문,3,,,,,,,,,,,,,,,,,,,,
23,영어영문학과,인문,5,,,,,,,,,,,,,,,,,,,,
23,중어중문학과,인문,4,,,,,,,,,,,,,,,,,,,,
23,철학과,인문,3,,,,,,,,,,,,,,,,,,,,
23,사학과,인문,3,,,,,,,,,,,,,,,,,,,,
23,지리학과,인문,3,,,,,,,,,,,,,,,,,,,,
23,미디어커뮤니케이션학과,인문,6,,,,,,,,,,,,,,,,,,,,
23,문화콘텐츠학과,인문,4,,,,,,,,,,,,,,,,,,,,
23,문과대학자유전공학부,인문,35,,,,,,,,,,,,,,,,,,,,
23,수학과,자연,3,,,,,,,,,,,,,,,,,,,,
23,23,수학과,자연,,,,,,,,,,,,,,,,,,,,
23,"물리학과
화학과","자연
자연","4
3",,,,,,,,,,,,,,,,,,,,
23,이과대학자유전공학부,자연,13,,,,,,,,,,,,,,,,,,,,
23,건축학부,자연,8,,,,,,,,,,,,,,,,,,,,
23,사회환경공학부,자연,10,,,,,,,,,,,,,,,,,,,,
23,기계·로봇·자동차공학부,자연,16,,,,,,,,,,,,,,,,,,,,
23,전기전자공학부,자연,11,,,,,,,,,,,,,,,,,,,,
23,화공학부,자연,6,,,,,,,,,,,,,,,,,,,,
23,컴퓨터공학부,자연,10,,,,,,,,,,,,,,,,,,,,
23,재료공학과,자연,5,,,,,,,,,,,,,,,,,,,,
23,항공우주·모빌리티공학과,자연,5,,,,,,,,,,,,,,,,,,,,
23,생물공학과,자연,4,,,,,,,,,,,,,,,,,,,,
23,23,생물공학과,자연,,,,,,,,,,,,,,,,,,,,
23,"산업공학과
공과대학자유전공학부","자연
자연","3
100",,,,,,,,,,,,,,,,,,,,
23,대학,모집단위,계열,인원,,,,,,,,,,,,,,,,,,,
23,사회과학대학,정치외교학과,인문,3,,,,,,,,,,,,,,,,,,,
23,23,경제학과,인문,7,,,,,,,,,,,,,,,,,,,
23,23,행정학과,인문,5,,,,,,,,,,,,,,,,,,,
23,23,국제무역학과,인문,4,,,,,,,,,,,,,,,,,,,
23,23,응용통계학과,인문,4,,,,,,,,,,,,,,,,,,,
23,23,사회과학대학융합전공학부,인문,50,,,,,,,,,,,,,,,,,,,
23,경영대학,경영학과,인문,15,,,,,,,,,,,,,,,,,,,
23,23,기술경영학과,인문,4,,,,,,,,,,,,,,,,,,,
23,부동산과학원,부동산학과,인문,4,,,,,,,,,,,,,,,,,,,
23,"융합과학
기술원",첨단바이오공학부,자연,5,,,,,,,,,,,,,,,,,,,
23,23,시스템생명공학과,자연,3,,,,,,,,,,,,,,,,,,,
23,23,융합생명공학과,자연,3,,,,,,,,,,,,,,,,,,,
23,23,융합과학기술원자유전공학부,자연,25,,,,,,,,,,,,,,,,,,,
23,생명과학대학,동물자원·식품과학·유통학부,자연,9,,,,,,,,,,,,,,,,,,,
23,23,환경보건·산림조경학부,자연,5,,,,,,,,,,,,,,,,,,,
23,23,생명과학특성학과,자연,3,,,,,,,,,,,,,,,,,,,
23,23,식량자원과학과,자연,3,,,,,,,,,,,,,,,,,,,
23,23,생명과학대학자유전공학부,자연,34,,,,,,,,,,,,,,,,,,,
23,수의과대학,수의예과,자연,5,,,,,,,,,,,,,,,,,,,
23,사범대학,일어교육과,인문,3,,,,,,,,,,,,,,,,,,,
23,23,수학교육과,자연,5,,,,,,,,,,,,,,,,,,,
23,23,영어교육과,인문,4,,,,,,,,,,,,,,,,,,,
24,사정단계,학생부(교과정량),학생부(교과정성),합계,수능최저학력기준,,,,,,,,,,,,,,,,,,
24,일괄합산,700(70%),300(30%),"1,000(100%)",합계,,,,,,,,,,,,,,,,,,
24,전형요소,최고점,최저점,차이,실질 반영비율,,,,,,,,,,,,,,,,,,
24,학생부(교과정량),700,0,700,차이,,,,,,,,,,,,,,,,,,
24,학생부(교과정성),300,0,300,700,,,,,,,,,,,,,,,,,,
24,평가요소,반영비율,평가항목,,,,,,,,,,,,,,,,,,,,
24,학업역량,20%,반영비율,,,,,,,,,,,,,,,,,,,,
24,진로역량,10%,20%,,,,,,,,,,,,,,,,,,,,
25,구분,일정,,,,,,,,,,,,,,,,,,,,,
25,원서접수,구분,,,,,,,,,,,,,,,,,,,,,
25,서류제출(PDF업로드),원서접수,,,,,,,,,,,,,,,,,,,,,
25,학교장 추천 명단 입력(온라인),서류제출(PDF업로드),,,,,,,,,,,,,,,,,,,,,
25,최초합격자 발표,학교장 추천 명단 입력(온라인),,,,,,,,,,,,,,,,,,,,,
25,제출서류,최초합격자 발표,비고,,,,,,,,,,,,,,,,,,,,
25,학교생활기록부,온라인 제공 동의자,최초합격자 발표,,,,,,,,,,,,,,,,,,,,
25,25,"온라인 제공
미동의자 및 불가자",온라인 제공 동의자,,,,,,,,,,,,,,,,,,,,
25,학교장 추천 명단,25,"온라인 제공
미동의자 및 불가자",,,,,,,,,,,,,,,,,,,,
25,순위,항목,,,,,,,,,,,,,,,,,,,,,
25,1순위,순위,,,,,,,,,,,,,,,,,,,,,
25,2순위,1순위,,,,,,,,,,,,,,,,,,,,,
25,3순위,2순위,,,,,,,,,,,,,,,,,,,,,
25,4순위,3순위,,,,,,,,,,,,,,,,,,,,,
25,5순위,4순위,,,,,,,,,,,,,,,,,,,,,
26,모집단위,계열,인원,,,,,,,,,,,,,,,,,,,,
26,"국어국문학과
영어영문학과
중어중문학과
철학과
사학과
지리학과
미디어커뮤니케이션학과
문화콘텐츠학과",인문,15,,,,,,,,,,,,,,,,,,,,
26,26,인문,29,,,,,,,,,,,,,,,,,,,,
26,26,인문,13,,,,,,,,,,,,,,,,,,,,
26,26,인문,15,,,,,,,,,,,,,,,,,,,,
26,26,인문,14,,,,,,,,,,,,,,,,,,,,
26,26,인문,15,,,,,,,,,,,,,,,,,,,,
26,26,인문,13,,,,,,,,,,,,,,,,,,,,
26,26,인문,13,,,,,,,,,,,,,,,,,,,,
26,"수학과
물리학과
화학과",자연,5,,,,,,,,,,,,,,,,,,,,
26,26,자연,13,,,,,,,,,,,,,,,,,,,,
26,26,자연,8,,,,,,,,,,,,,,,,,,,,
26,건축학부,자연,19,,,,,,,,,,,,,,,,,,,,
26,"사회환경공학부
기계·로봇·자동차공학부
전기전자공학부
화공학부
컴퓨터공학부
재료공학과
항공우주·모빌리티공학과
생물공학과
산업공학과",자연,35,,,,,,,,,,,,,,,,,,,,
26,26,자연,7,,,,,,,,,,,,,,,,,,,,
26,26,자연,31,,,,,,,,,,,,,,,,,,,,
26,26,자연,16,,,,,,,,,,,,,,,,,,,,
26,26,자연,31,,,,,,,,,,,,,,,,,,,,
26,26,자연,15,,,,,,,,,,,,,,,,,,,,
26,26,자연,9,,,,,,,,,,,,,,,,,,,,
26,26,자연,13,,,,,,,,,,,,,,,,,,,,
26,26,자연,7,,,,,,,,,,,,,,,,,,,,
26,대학,모집단위,계열,인원,,,,,,,,,,,,,,,,,,,
26,사회과학대학(★),정치외교학과,인문,9,,,,,,,,,,,,,,,,,,,
26,26,경제학과,인문,22,,,,,,,,,,,,,,,,,,,
26,26,행정학과,인문,14,,,,,,,,,,,,,,,,,,,
26,26,국제무역학과,인문,14,,,,,,,,,,,,,,,,,,,
26,26,응용통계학과,인문,12,,,,,,,,,,,,,,,,,,,
26,경영대학,경영학과,인문,47,,,,,,,,,,,,,,,,,,,
26,26,기술경영학과,인문,10,,,,,,,,,,,,,,,,,,,
26,부동산과학원(★),부동산학과,인문,13,,,,,,,,,,,,,,,,,,,
26,융합과학기술원(★),첨단바이오공학부,자연,14,,,,,,,,,,,,,,,,,,,
26,26,시스템생명공학과,자연,8,,,,,,,,,,,,,,,,,,,
26,26,융합생명공학과,자연,8,,,,,,,,,,,,,,,,,,,
26,생명과학대학,동물자원·식품과학·유통학부,자연,30,,,,,,,,,,,,,,,,,,,
26,26,환경보건·산림조경학부,자연,18,,,,,,,,,,,,,,,,,,,
26,26,생명과학특성학과,자연,11,,,,,,,,,,,,,,,,,,,
26,26,식량자원과학과,자연,10,,,,,,,,,,,,,,,,,,,
26,수의과대학,수의예과,자연,16,,,,,,,,,,,,,,,,,,,
26,사범대학(★),일어교육과,인문,16,,,,,,,,,,,,,,,,,,,
26,26,수학교육과,자연,6,,,,,,,,,,,,,,,,,,,
26,26,교육공학과,인문,12,,,,,,,,,,,,,,,,,,,
26,26,영어교육과,인문,8,,,,,,,,,,,,,,,,,,,
26,KU자유전공학부*,KU자유전공학부,-,179,,,,,,,,,,,,,,,,,,,
26,학과(부)별 모집,KU자유전공학부 모집,,,,,,,,,,,,,,,,,,,,,
26,"·교 내활동에 자발적으로 참여하고, 해당 전공에 관심과
소질이 있어 스스로를 추천할 수 있는 자",학과(부)별 모집,,,,,,,,,,,,,,,,,,,,,
27,사정단계,서류,면접,합계,선발배수,수능최저학력기준,,,,,,,,,,,,,,,,,
27,1단계,"1,000(100%)",-,"1,000(100%)",3배수,선발배수,,,,,,,,,,,,,,,,,
27,2단계,1단계 성적 700(70%),300(30%),"1,000(100%)",-,3배수,,,,,,,,,,,,,,,,,
27,사정단계,전형요소,최고점,최저점,차이,실질 반영비율,,,,,,,,,,,,,,,,,
27,1단계,서류,"1,000",0,"1,000",차이,,,,,,,,,,,,,,,,,
27,2단계,1단계 성적,700,0,700,"1,000",,,,,,,,,,,,,,,,,
27,27,면접,300,0,300,700,,,,,,,,,,,,,,,,,
27,학과(부)별 모집,27,면접,KU자유전공학부,0,300,,,,,,,,,,,,,,,,,
27,평가요소,반영비율,평가항목,평가요소,반영비율,평가항목,,,,,,,,,,,,,,,,,
27,학업역량,30%,"·학업성취도
·학업태도
·탐구력",학업역량,20%,반영비율,,,,,,,,,,,,,,,,,
27,진로역량,40%,"·전공(계열) 관련 교과 이수 노력
·전공(계열) 관련 교과 성취도
·진로 탐색 활동과 경험",성장역량,50%,20%,,,,,,,,,,,,,,,,,
27,공동체역량,30%,"·협업과 소통능력
·나눔과 배려
·성실성과 규칙준수
·리더십",공동체역량,30%,50%,,,,,,,,,,,,,,,,,
28,학과(부)별 모집,공동체역량,30%,KU자유전공학부,공동체역량,30%,,,,,,,,,,,,,,,,,
28,평가요소,반영비율,평가항목,평가요소,반영비율,평가항목,,,,,,,,,,,,,,,,,
28,학업역량,30%,·탐구력,학업역량,20%,반영비율,,,,,,,,,,,,,,,,,
28,진로역량,40%,"·전공(계열) 관련 교과 이수 노력
·진로 탐색 활동과 경험",성장역량,50%,20%,,,,,,,,,,,,,,,,,
28,공동체역량,30%,"·협업과 소통능력
·나눔과 배려",공동체역량,30%,50%,,,,,,,,,,,,,,,,,
28,구분,일정,,,,,,,,,,,,,,,,,,,,,
28,원서접수,구분,,,,,,,,,,,,,,,,,,,,,
28,서류제출(PDF 업로드) 및 온라인 입력,원서접수,,,,,,,,,,,,,,,,,,,,,
28,1단계 합격자 발표,서류제출(PDF 업로드) 및 온라인 입력,,,,,,,,,,,,,,,,,,,,,
28,2단계 전형료 납부,1단계 합격자 발표,,,,,,,,,,,,,,,,,,,,,
28,"※
면접","이과대학, 공과대학, 사회과학대학, 부동산과학원, 융합과학기술원, 사범대학",,,,,,,,,,,,,,,,,,,,,
28,28,"문과대학, 건축대학, 경영대학, 생명과학대학, 수의과대학, KU자유전공학부",,,,,,,,,,,,,,,,,,,,,
28,최초합격자 발표,28,,,,,,,,,,,,,,,,,,,,,
29,대상,최초합격자 발표,제출서류,,,,,,,,,,,,,,,,,,,,
29,"국내 정규 고등학교
졸업(예정)자","학생부 온라인 제공
동의자",최초합격자 발표,,,,,,,,,,,,,,,,,,,,
29,29,"학생부 온라인 제공
미동의자 및 불가자","학생부 온라인 제공
동의자",,,,,,,,,,,,,,,,,,,,
29,"고등학교 졸업학력
검정고시 출신자1)","검정고시 자료
온라인 제공 동의자","학생부 온라인 제공
미동의자 및 불가자",,,,,,,,,,,,,,,,,,,,
29,29,"검정고시 자료
온라인 제공
미동의자 및 불가자","검정고시 자료
온라인 제공 동의자",,,,,,,,,,,,,,,,,,,,
29,"1)
국외 고등학교 출신자",29,"검정고시 자료
온라인 제공
미동의자 및 불가자",,,,,,,,,,,,,,,,,,,,
29,대상,제출서류,제출방법 및 기한,,,,,,,,,,,,,,,,,,,,
29,고등학교 졸업학력 검정고시 출신자,학교생활기록부 대체 서식,제출서류,,,,,,,,,,,,,,,,,,,,
29,국외 고등학교 출신자,고등학교 졸업학력 검정고시 출신자,학교생활기록부 대체 서식,,,,,,,,,,,,,,,,,,,,
29,"검정고시 및 국외 고등학교 출신자 중
※
국내 학교생활기록부가 있는 자","[대상자만]
대입전형용 학교생활기록부 1부",고등학교 졸업학력 검정고시 출신자,,,,,,,,,,,,,,,,,,,,
29,순위,학과(부)별 모집,"[대상자만]
대입전형용 학교생활기록부 1부",KU자유전공학부,없음,,,,,,,,,,,,,,,,,,
29,29,1단계 기준,2단계 기준,1단계 기준,2단계 기준,,,,,,,,,,,,,,,,,,
29,1순위,서류 진로역량 점수 우수자,면접 진로역량 점수 우수자,서류 성장역량 점수 우수자,1단계 기준,,,,,,,,,,,,,,,,,,
29,2순위,서류 학업역량 점수 우수자,면접 공동체역량 점수 우수자,서류 학업역량 점수 우수자,서류 성장역량 점수 우수자,,,,,,,,,,,,,,,,,,
29,3순위,서류 공동체역량 점수 우수자,면접 학업역량 점수 우수자,서류 공동체역량 점수 우수자,서류 학업역량 점수 우수자,,,,,,,,,,,,,,,,,,
29,4순위,-,서류 진로역량 점수 우수자,-,서류 공동체역량 점수 우수자,,,,,,,,,,,,,,,,,,
29,5순위,-,서류 학업역량 점수 우수자,-,-,,,,,,,,,,,,,,,,,,
30,모집단위,계열,인원,,,,,,,,,,,,,,,,,,,,
30,"국어국문학과
영어영문학과
중어중문학과
철학과
사학과
지리학과
미디어커뮤니케이션학과",인문,2,,,,,,,,,,,,,,,,,,,,
30,30,인문,2,,,,,,,,,,,,,,,,,,,,
30,30,인문,2,,,,,,,,,,,,,,,,,,,,
30,30,30,인문,,,,,,,,,,,,,,,,,,,,
30,30,"인문
인문","1
1",,,,,,,,,,,,,,,,,,,,
30,30,인문,1,,,,,,,,,,,,,,,,,,,,
30,30,인문,1,,,,,,,,,,,,,,,,,,,,
30,30,30,인문,,,,,,,,,,,,,,,,,,,,
30,"문화콘텐츠학과
수학과
물리학과
화학과","인문
자연","1
1",,,,,,,,,,,,,,,,,,,,
30,30,자연,2,,,,,,,,,,,,,,,,,,,,
30,30,자연,1,,,,,,,,,,,,,,,,,,,,
30,건축학부,자연,3,,,,,,,,,,,,,,,,,,,,
30,"사회환경공학부
기계·로봇·자동차공학부
전기전자공학부
화공학부
컴퓨터공학부
재료공학과
항공우주·모빌리티공학과
생물공학과",자연,4,,,,,,,,,,,,,,,,,,,,
30,30,자연,4,,,,,,,,,,,,,,,,,,,,
30,30,자연,4,,,,,,,,,,,,,,,,,,,,
30,30,자연,4,,,,,,,,,,,,,,,,,,,,
30,30,자연,4,,,,,,,,,,,,,,,,,,,,
30,30,자연,4,,,,,,,,,,,,,,,,,,,,
30,30,자연,3,,,,,,,,,,,,,,,,,,,,
30,30,자연,2,,,,,,,,,,,,,,,,,,,,
30,30,30,자연,,,,,,,,,,,,,,,,,,,,
30,대학,모집단위,계열,인원,,,,,,,,,,,,,,,,,,,
30,사회과학대학,정치외교학과,인문,1,,,,,,,,,,,,,,,,,,,
30,30,경제학과,인문,3,,,,,,,,,,,,,,,,,,,
30,30,행정학과,인문,2,,,,,,,,,,,,,,,,,,,
30,30,국제무역학과,인문,3,,,,,,,,,,,,,,,,,,,
30,30,응용통계학과,인문,2,,,,,,,,,,,,,,,,,,,
30,경영대학,경영학과,인문,4,,,,,,,,,,,,,,,,,,,
30,30,기술경영학과,인문,2,,,,,,,,,,,,,,,,,,,
30,부동산과학원,부동산학과,인문,2,,,,,,,,,,,,,,,,,,,
30,융합과학기술원,첨단바이오공학부,자연,3,,,,,,,,,,,,,,,,,,,
30,30,시스템생명공학과,자연,1,,,,,,,,,,,,,,,,,,,
30,30,융합생명공학과,자연,1,,,,,,,,,,,,,,,,,,,
30,생명과학대학,동물자원·식품과학·유통학부,자연,4,,,,,,,,,,,,,,,,,,,
30,30,환경보건·산림조경학부,자연,3,,,,,,,,,,,,,,,,,,,
30,30,생명과학특성학과,자연,2,,,,,,,,,,,,,,,,,,,
30,30,식량자원과학과,자연,2,,,,,,,,,,,,,,,,,,,
30,수의과대학,수의예과,자연,3,,,,,,,,,,,,,,,,,,,
31,"2. 농어촌학생
「 」
· 고등교육법 시행령 제29조 제2항 제14호 ‘가’목에 해당하는 자 중 [지원자격 1] 또는 [지원자격 2]에 해당하는 자
▶ [지원자격 1]: 중 학교 입학일부터 고등학교 졸업일까지 농어촌 소재지의 중·고등학교 전 교육과정을 연속하여 이수하고,
해당기간 동안 본인 및 부·모 모두 농어촌 소재지에 거주한 자
▶ [지원자격 2]: 초등학교 입학일부터 고등학교 졸업일까지 농어촌 소재지의 초·중·고등학교 전 교육과정을 연속하여 이수하고,
해당기간 동안 본인이 농어촌 소재지에 거주한 자
- 특 수목적고(과학고, 산업수요맞춤형고, 외국어고, 국제고, 예술고, 체육고), 특성화고, 학력인정 평생교육시설, 비인가 대안학교,
방송통신고, 고등기술학교, 각종학교 졸업(예정)자 지원 불가
- 지원자격 해당기간의 연속된 연수만을 인정함
「 」 「 」
- ‘ 농어촌 소재지’란 지방자치법 제3조에 따른 읍·면 지역 및 도서·벽지 교육진흥법시행규칙 제2조에 따른 도서·벽지 지역을
의미함
- 고 교 졸업예정자가 최종 합격할 경우 재학 고등학교의 졸업일까지 지원자격(농어촌 지역 거주 및 농어촌 지역 고교 재학)을
유지해야 하며, 자격을 유지하지 않을 경우 불합격 또는 입학이 취소될 수 있음
※ 행정구역(읍·면)의 적용 등 세부 기준
1) 고등학교(초등학교·중학교) 재학 당시의 행정구역(읍·면) 단위를 기준으로 적용함
2) 고등학교(초등학교·중학교) 재학 중에 읍·면이 동으로 행정구역이 개편된 경우, 개편된 동 지역을 읍·면 지역으로 인정함
3) 고등학교(초등학교·중학교) 재학 당시 읍·면이었던 행정구역이 졸업 이후 동으로 개편된 경우, 개편된 동 지역을 읍·면 지역으로 인정함
4) 2개 이상의 학교에서 재학한 경우에 해당 학교 모두 반드시 읍·면 지역에 소재하는 학교이어야 하나, 동일한 읍·면 지역이 아니어도 됨
5) 지원자의 거주지, 부모의 거주지, 재학한 학교 소재지가 동일한 읍·면 지역 또는 도서·벽지 지역이 아니어도 됨
6) [ 지원자격 1] 중학교 입학일부터 고등학교 졸업일까지 주민등록표초본 상 본인, 부, 모 중 한 명 이상이 단 하루라도 말소된 기록이 있는
경우는 지원자격에 해당되지 않음
7) [ 지원자격 2] 초등학교 입학일부터 고등학교 졸업일까지 주민등록표초본 상 본인이 단 하루라도 말소된 기록이 있는 경우는 지원자격에
해당되지 않음
8) [지원자격 1] 지원자격 특이자
구분 자격요건
이혼 전 부모의 주소지와 이혼 후의 주민등록 상 지원자 본인의 양육권이 있는 부(모)의 주소지가 농어촌
부모의 이혼
지역이어야 함
① 부 모 모두가 사망한 경우에는 부모 모두가 법률 상의 사망일 이전까지의 주소지가 농어촌 지역이어야 하며,
사망일 이후부터 지원자의 주소지가 농어촌 지역이어야 함
부모의 사망
② 부 (모)가 사망한 경우에는 부(모)가 법률 상의 사망일 이전까지의 주소지가 농어촌 지역이어야 하며,
지원자 본인과 생존한 부(모)의 주소지가 농어촌 지역이어야 함",,,,,,,,,,,,,,,,,,,,,,
31,"3. 기초생활및차상위
「 」
· 고등교육법 시행령 제29조 제2항 제14호 ‘라’목에 해당하는 자
「 」
1. 국민기초생활 보장법 제2조 제1호에 따른 수급권자 및 제2조 제2호에 따른 수급자
「 」
2. 국민기초생활 보장법 제2조 제10호에 따른 차상위계층
「 」
3. 한부모가족지원법 제5조 및 제5조의2에 따른 지원대상자",,,,,,,,,,,,,,,,,,,,,,
31,구분,자격요건,,,,,,,,,,,,,,,,,,,,,
31,부모의 이혼,"이혼 전 부모의 주소지와 이혼 후의 주민등록 상 지원자 본인의 양육권이 있는 부(모)의 주소지가 농어촌
지역이어야 함",,,,,,,,,,,,,,,,,,,,,
31,부모의 사망,"① 부 모 모두가 사망한 경우에는 부모 모두가 법률 상의 사망일 이전까지의 주소지가 농어촌 지역이어야 하며,
사망일 이후부터 지원자의 주소지가 농어촌 지역이어야 함
② 부 (모)가 사망한 경우에는 부(모)가 법률 상의 사망일 이전까지의 주소지가 농어촌 지역이어야 하며,
지원자 본인과 생존한 부(모)의 주소지가 농어촌 지역이어야 함",,,,,,,,,,,,,,,,,,,,,
32,사정단계,서류,학생부(교과정량),합계,수능최저학력기준,,,,,,,,,,,,,,,,,,
32,일괄합산,700(70%),300(30%),"1,000(100%)",합계,,,,,,,,,,,,,,,,,,
32,전형요소,최고점,최저점,차이,실질 반영비율,,,,,,,,,,,,,,,,,,
32,서류,700,0,700,차이,,,,,,,,,,,,,,,,,,
32,학생부(교과정량),300,0,300,700,,,,,,,,,,,,,,,,,,
32,평가요소,반영비율,평가항목,,,,,,,,,,,,,,,,,,,,
32,학업역량,30%,반영비율,,,,,,,,,,,,,,,,,,,,
32,진로역량,40%,30%,,,,,,,,,,,,,,,,,,,,
32,공동체역량,30%,40%,,,,,,,,,,,,,,,,,,,,
32,구분,일정,,,,,,,,,,,,,,,,,,,,,
32,원서접수,구분,,,,,,,,,,,,,,,,,,,,,
32,서류제출(PDF 업로드) 및 온라인 입력,원서접수,,,,,,,,,,,,,,,,,,,,,
32,최초합격자 발표,서류제출(PDF 업로드) 및 온라인 입력,,,,,,,,,,,,,,,,,,,,,
33,대상,최초합격자 발표,제출서류,,,,,,,,,,,,,,,,,,,,
33,"국내 정규 고등학교
졸업(예정)자","학생부 온라인 제공
동의자",최초합격자 발표,,,,,,,,,,,,,,,,,,,,
33,33,"학생부 온라인 제공
미동의자 및 불가자","학생부 온라인 제공
동의자",,,,,,,,,,,,,,,,,,,,
33,"고등학교 졸업학력
1)
검정고시 출신자","검정고시 자료 온라인
제공 동의자","학생부 온라인 제공
미동의자 및 불가자",,,,,,,,,,,,,,,,,,,,
33,33,"검정고시 자료
온라인 제공
미동의자 및 불가자","검정고시 자료 온라인
제공 동의자",,,,,,,,,,,,,,,,,,,,
33,"1)
국외 고등학교 출신자",33,"검정고시 자료
온라인 제공
미동의자 및 불가자",,,,,,,,,,,,,,,,,,,,
33,대상,제출서류,제출방법 및 기한,,,,,,,,,,,,,,,,,,,,
33,고등학교 졸업학력 검정고시 출신자,학교생활기록부 대체 서식,제출서류,,,,,,,,,,,,,,,,,,,,
33,국외 고등학교 출신자,고등학교 졸업학력 검정고시 출신자,학교생활기록부 대체 서식,,,,,,,,,,,,,,,,,,,,
33,"검정고시 및 국외 고등학교 출신자 중
※
국내 학교생활기록부가 있는 자","[대상자만]
대입전형용 학교생활기록부 1부",고등학교 졸업학력 검정고시 출신자,,,,,,,,,,,,,,,,,,,,
34,구분,제출서류,비고,,,,,,,,,,,,,,,,,,,,
34,"국가보훈관계법령에
따른 교육지원 대상자","대학입학특별전형
대상자증명서",제출서류,,,,,,,,,,,,,,,,,,,,
34,34,가족관계증명서,"대학입학특별전형
대상자증명서",,,,,,,,,,,,,,,,,,,,
34,구분,제출서류,비고,,,,,,,,,,,,,,,,,,,,
34,"[지원자격 1]
중·고등학교
※
전 교육과정 이수자",가족관계증명서,제출서류,,,,,,,,,,,,,,,,,,,,
34,34,주민등록표초본,가족관계증명서,,,,,,,,,,,,,,,,,,,,
34,34,중학교 학교생활기록부,주민등록표초본,,,,,,,,,,,,,,,,,,,,
34,34,"농어촌학생
지원자격 확인서",중학교 학교생활기록부,,,,,,,,,,,,,,,,,,,,
34,"[지원자격 2]
초·중·고등학교
전 교육과정 이수자",주민등록표초본,"농어촌학생
지원자격 확인서",,,,,,,,,,,,,,,,,,,,
34,34,초·중학교 학교생활기록부,주민등록표초본,,,,,,,,,,,,,,,,,,,,
34,34,"농어촌학생
지원자격 확인서",초·중학교 학교생활기록부,,,,,,,,,,,,,,,,,,,,
34,구분,제출서류,비고,,,,,,,,,,,,,,,,,,,,
34,부모 이혼,부모 혼인관계증명서,제출서류,,,,,,,,,,,,,,,,,,,,
34,34,기본증명서(지원자 기준),부모 혼인관계증명서,,,,,,,,,,,,,,,,,,,,
34,부(모) 또는 부모 사망,"사망한 부(모)의 기본증명서
※ 2008년 이전 사망 시, 제적등본으로 대체",기본증명서(지원자 기준),,,,,,,,,,,,,,,,,,,,
34,입양,입양관계증명서,"사망한 부(모)의 기본증명서
※ 2008년 이전 사망 시, 제적등본으로 대체",,,,,,,,,,,,,,,,,,,,
34,양자,친양자입양관계증명서,입양관계증명서,,,,,,,,,,,,,,,,,,,,
35,구분,제출서류,비고,,,,,,,,,,,,,,,,,,,,
35,"국민기초생활보장
수급자",국민기초생활보장수급자증명서,제출서류,,,,,,,,,,,,,,,,,,,,
35,"차상위복지급여
수급 중인
차상위계층 학생",차상위계층확인서,국민기초생활보장수급자증명서,,,,,,,,,,,,,,,,,,,,
35,35,차상위본인부담경감대상자증명서,차상위계층확인서,,,,,,,,,,,,,,,,,,,,
35,35,자활근로자확인서,차상위본인부담경감대상자증명서,,,,,,,,,,,,,,,,,,,,
35,35,장애수당대상자확인서,자활근로자확인서,,,,,,,,,,,,,,,,,,,,
35,35,장애인연금대상자확인서,장애수당대상자확인서,,,,,,,,,,,,,,,,,,,,
35,"한부모가족
지원대상자",한부모가족증명서,장애인연금대상자확인서,,,,,,,,,,,,,,,,,,,,
35,구분,제출서류,,,,,,,,,,,,,,,,,,,,,
35,"[지원자격 1]
중·고등학교 전 교육과정 이수자","1. 고등학교 졸업증명서
2. 부, 모, 지원자 기준 주민등록표초본 각 1부씩, 총 3부
※ 고등학교 졸업일 이후 발급분(주소변동사항 포함한 상세내역)",,,,,,,,,,,,,,,,,,,,,
35,"[지원자격 2]
초·중·고등학교 전 교육과정 이수자","1. 고등학교 졸업증명서
2. 지원자 기준 주민등록표초본
※ 고등학교 졸업일 이후 발급분(주소변동사항 포함한 상세내역)",,,,,,,,,,,,,,,,,,,,,
35,순위,항목,,,,,,,,,,,,,,,,,,,,,
35,1순위,순위,,,,,,,,,,,,,,,,,,,,,
35,2순위,1순위,,,,,,,,,,,,,,,,,,,,,
35,3순위,2순위,,,,,,,,,,,,,,,,,,,,,
35,4순위,3순위,,,,,,,,,,,,,,,,,,,,,
35,5순위,4순위,,,,,,,,,,,,,,,,,,,,,
36,모집단위,계열,인원,,,,,,,,,,,,,,,,,,,,
36,건축학부,자연,1,,,,,,,,,,,,,,,,,,,,
36,"사회환경공학부
기계·로봇·자동차공학부
전기전자공학부
화공학부
컴퓨터공학부
재료공학과
항공우주·모빌리티공학과
생물공학과",자연,1,,,,,,,,,,,,,,,,,,,,
36,36,자연,1,,,,,,,,,,,,,,,,,,,,
36,36,자연,1,,,,,,,,,,,,,,,,,,,,
36,36,자연,1,,,,,,,,,,,,,,,,,,,,
36,36,자연,2,,,,,,,,,,,,,,,,,,,,
36,36,자연,1,,,,,,,,,,,,,,,,,,,,
36,36,자연,1,,,,,,,,,,,,,,,,,,,,
36,36,자연,1,,,,,,,,,,,,,,,,,,,,
36,대학,모집단위,계열,인원,,,,,,,,,,,,,,,,,,,
36,사회과학대학,정치외교학과,인문,1,,,,,,,,,,,,,,,,,,,
36,36,경제학과,인문,1,,,,,,,,,,,,,,,,,,,
36,36,행정학과,인문,1,,,,,,,,,,,,,,,,,,,
36,36,국제무역학과,인문,1,,,,,,,,,,,,,,,,,,,
36,36,36,국제무역학과,인문,,,,,,,,,,,,,,,,,,,
36,경영대학,"응용통계학과
경영학과","인문
인문","1
1",,,,,,,,,,,,,,,,,,,
36,36,기술경영학과,인문,1,,,,,,,,,,,,,,,,,,,
36,부동산과학원,부동산학과,인문,1,,,,,,,,,,,,,,,,,,,
36,생명과학대학,동물자원·식품과학·유통학부,자연,2,,,,,,,,,,,,,,,,,,,
36,36,환경보건·산림조경학부,자연,1,,,,,,,,,,,,,,,,,,,
36,36,식량자원과학과,자연,1,,,,,,,,,,,,,,,,,,,
37,대학,모집단위,계열,기준학과,,,,,,,,,,,,,,,,,,,
37,건축대학,건축학부,자연,계열,,,,,,,,,,,,,,,,,,,
37,공과대학,사회환경공학부,자연,자연,,,,,,,,,,,,,,,,,,,
37,37,기계·로봇·자동차공학부,자연,자연,,,,,,,,,,,,,,,,,,,
37,37,전기전자공학부,자연,자연,,,,,,,,,,,,,,,,,,,
37,37,화공학부,자연,자연,,,,,,,,,,,,,,,,,,,
37,37,컴퓨터공학부,자연,자연,,,,,,,,,,,,,,,,,,,
37,37,재료공학과,자연,자연,,,,,,,,,,,,,,,,,,,
37,37,항공우주·모빌리티공학과,자연,자연,,,,,,,,,,,,,,,,,,,
37,37,생물공학과,자연,자연,,,,,,,,,,,,,,,,,,,
37,사회과학대학,정치외교학과,인문,자연,,,,,,,,,,,,,,,,,,,
37,37,경제학과,인문,인문,,,,,,,,,,,,,,,,,,,
37,37,행정학과,인문,인문,,,,,,,,,,,,,,,,,,,
37,37,국제무역학과,인문,인문,,,,,,,,,,,,,,,,,,,
37,37,응용통계학과,인문,인문,,,,,,,,,,,,,,,,,,,
37,경영대학,경영학과,인문,인문,,,,,,,,,,,,,,,,,,,
37,37,기술경영학과,인문,인문,,,,,,,,,,,,,,,,,,,
37,부동산과학원,부동산학과,인문,인문,,,,,,,,,,,,,,,,,,,
37,생명과학대학,동물자원·식품과학·유통학부,자연,인문,,,,,,,,,,,,,,,,,,,
37,37,환경보건·산림조경학부,자연,자연,,,,,,,,,,,,,,,,,,,
37,37,식량자원과학과,자연,자연,,,,,,,,,,,,,,,,,,,
38,사정단계,서류,학생부(교과정량),합계,수능최저학력기준,,,,,,,,,,,,,,,,,,
38,일괄합산,700(70%),300(30%),"1,000(100%)",없음,,,,,,,,,,,,,,,,,,
38,전형요소,최고점,최저점,차이,실질 반영비율,,,,,,,,,,,,,,,,,,
38,서류,700,0,700,70%,,,,,,,,,,,,,,,,,,
38,학생부(교과정량),300,0,300,30%,,,,,,,,,,,,,,,,,,
38,평가요소,반영비율,평가항목,,,,,,,,,,,,,,,,,,,,
38,학업역량,30%,반영비율,,,,,,,,,,,,,,,,,,,,
38,진로역량,40%,30%,,,,,,,,,,,,,,,,,,,,
38,공동체역량,30%,40%,,,,,,,,,,,,,,,,,,,,
38,구분,일정,,,,,,,,,,,,,,,,,,,,,
38,원서접수,구분,,,,,,,,,,,,,,,,,,,,,
38,서류제출(PDF 업로드),원서접수,,,,,,,,,,,,,,,,,,,,,
38,최초합격자 발표,서류제출(PDF 업로드),,,,,,,,,,,,,,,,,,,,,
39,"8. 제출서류
가. 공통서류
• 모 든 제출서류는 2024. 9. 1.(일) 이후 발급분 제출
• 2 024. 9. 13.(금) 17:00까지 원서접수 사이트에서 서류제출(PDF 업로드) / 우편 및 방문 제출 불가
※ 최종등록자에 한하여 PDF 제출서류의 원본을 요청할 예정이므로 반드시 해당 서류를 보관하여야 함",최초합격자 발표,서류제출(PDF 업로드),없음,없음,,,,,,,,,,,,,,,,,,
39,제출서류,"8. 제출서류
가. 공통서류
• 모 든 제출서류는 2024. 9. 1.(일) 이후 발급분 제출
• 2 024. 9. 13.(금) 17:00까지 원서접수 사이트에서 서류제출(PDF 업로드) / 우편 및 방문 제출 불가
※ 최종등록자에 한하여 PDF 제출서류의 원본을 요청할 예정이므로 반드시 해당 서류를 보관하여야 함",최초합격자 발표,비고,없음,,,,,,,,,,,,,,,,,,
39,학교생활기록부,온라인 제공 동의자,"8. 제출서류
가. 공통서류
• 모 든 제출서류는 2024. 9. 1.(일) 이후 발급분 제출
• 2 024. 9. 13.(금) 17:00까지 원서접수 사이트에서 서류제출(PDF 업로드) / 우편 및 방문 제출 불가
※ 최종등록자에 한하여 PDF 제출서류의 원본을 요청할 예정이므로 반드시 해당 서류를 보관하여야 함","·서류제출(PDF 업로드) 불필요
※ 대상: 2017년 2월 ~ 2025년 2월 졸업(예정)자
※ 2 005년 2월 ~ 2016년 2월 졸업자 중 희망자의 경우 온라인 생성 신청 시스템
(apply.neis.go.kr)을 통해 대입전형자료 온라인 신청 가능",비고,,,,,,,,,,,,,,,,,,
39,39,"온라인 제공
미동의자 및 불가자",온라인 제공 동의자,"·대 입전형용 학교생활기록부 1부
·교 육기관(초·중·고교), 공공기관, 무인민원발급기, 인터넷 발급
·원 서접수 사이트에서 서류제출(PDF 업로드)","·서류제출(PDF 업로드) 불필요
※ 대상: 2017년 2월 ~ 2025년 2월 졸업(예정)자
※ 2 005년 2월 ~ 2016년 2월 졸업자 중 희망자의 경우 온라인 생성 신청 시스템
(apply.neis.go.kr)을 통해 대입전형자료 온라인 신청 가능",,,,,,,,,,,,,,,,,,
39,"※ 서류접수 기간 이후 학교생활기록부 수정사항 제출 시 반영하지 않음
※ 개 명 또는 주민등록번호 변경으로 인하여 제출서류(고교 학교생활기록부 등)와 입학원서 상 인적사항이 일치하지 않는 지원자는 ‘주민등록표초본’
1부를 제출해야 함
나. 추가 제출서류",39,"온라인 제공
미동의자 및 불가자",온라인 제공 동의자,"·대 입전형용 학교생활기록부 1부
·교 육기관(초·중·고교), 공공기관, 무인민원발급기, 인터넷 발급
·원 서접수 사이트에서 서류제출(PDF 업로드)",,,,,,,,,,,,,,,,,,
39,대상,"※ 서류접수 기간 이후 학교생활기록부 수정사항 제출 시 반영하지 않음
※ 개 명 또는 주민등록번호 변경으로 인하여 제출서류(고교 학교생활기록부 등)와 입학원서 상 인적사항이 일치하지 않는 지원자는 ‘주민등록표초본’
1부를 제출해야 함
나. 추가 제출서류",제출서류,"온라인 제공
미동의자 및 불가자",제출방법,,,,,,,,,,,,,,,,,,
39,"모집단위별 기준학과와
일치하지 않는 지원자",대상,기준학과 인정 확인서,제출서류,"·본 교 양식을 입학처 홈페이지에서 다운로드하여 작성한 후,
출신 고등학교장 직인 날인 후 PDF 업로드",,,,,,,,,,,,,,,,,,
39,2014년 이전 졸업자,"모집단위별 기준학과와
일치하지 않는 지원자",대상,기준학과 인정 확인서,제출서류,,,,,,,,,,,,,,,,,,
39,9. 동점자 처리기준,2014년 이전 졸업자,"모집단위별 기준학과와
일치하지 않는 지원자",대상,기준학과 인정 확인서,,,,,,,,,,,,,,,,,,
39,순위,9. 동점자 처리기준,항목,"모집단위별 기준학과와
일치하지 않는 지원자",대상,,,,,,,,,,,,,,,,,,
39,1순위,순위,서류 진로역량 점수 우수자,항목,"모집단위별 기준학과와
일치하지 않는 지원자",,,,,,,,,,,,,,,,,,
39,2순위,1순위,서류 학업역량 점수 우수자,서류 진로역량 점수 우수자,항목,,,,,,,,,,,,,,,,,,
39,3순위,2순위,서류 공동체역량 점수 우수자,서류 학업역량 점수 우수자,서류 진로역량 점수 우수자,,,,,,,,,,,,,,,,,,
39,4순위,3순위,학생부(교과정량) 성적 총점 우수자,서류 공동체역량 점수 우수자,서류 학업역량 점수 우수자,,,,,,,,,,,,,,,,,,
39,5순위,4순위,국어 교과 성적 우수자,학생부(교과정량) 성적 총점 우수자,서류 공동체역량 점수 우수자,,,,,,,,,,,,,,,,,,
39,39,5순위,4순위,국어 교과 성적 우수자,학생부(교과정량) 성적 총점 우수자,,,,,,,,,,,,,,,,,,
40,학 모집단위,계열,인원,,,,,,,,,,,,,,,,,,,,
40,"신산업융합학과
대학
K뷰티산업융합학과",인문,계열,,,,,,,,,,,,,,,,,,,,
40,40,예체능,인문,,,,,,,,,,,,,,,,,,,,
40,서류,학생부(교과정량),합계,수능최저학력기준,,,,,,,,,,,,,,,,,,,
40,700(70%),300(30%),"1,000(100%)",합계,,,,,,,,,,,,,,,,,,,
41,전형요소,최고점,최저점,차이,실질 반영비율,,,,,,,,,,,,,,,,,,
41,서류,700,0,700,차이,,,,,,,,,,,,,,,,,,
41,학생부(교과정량),300,0,300,700,,,,,,,,,,,,,,,,,,
41,평가요소,반영비율,평가항목,,,,,,,,,,,,,,,,,,,,
41,학업역량,30%,반영비율,,,,,,,,,,,,,,,,,,,,
41,진로역량,40%,30%,,,,,,,,,,,,,,,,,,,,
41,공동체역량,30%,40%,,,,,,,,,,,,,,,,,,,,
41,구분,일정,,,,,,,,,,,,,,,,,,,,,
41,원서접수,구분,,,,,,,,,,,,,,,,,,,,,
41,서류제출(PDF 업로드),원서접수,,,,,,,,,,,,,,,,,,,,,
41,최초합격자 발표,서류제출(PDF 업로드),,,,,,,,,,,,,,,,,,,,,
41,제출서류,최초합격자 발표,비고,,,,,,,,,,,,,,,,,,,,
41,학교생활기록부,온라인 제공 동의자,최초합격자 발표,,,,,,,,,,,,,,,,,,,,
41,41,"온라인 제공
미동의자 및 불가자",온라인 제공 동의자,,,,,,,,,,,,,,,,,,,,
42,제출서류,비고,,,,,,,,,,,,,,,,,,,,,
42,"국민건강보험 자격득실확인서
(재직기간 포함)",제출서류,,,,,,,,,,,,,,,,,,,,,
42,"[해당자에 한함]
주민등록표초본
(병역사항 포함)","국민건강보험 자격득실확인서
(재직기간 포함)",,,,,,,,,,,,,,,,,,,,,
42,순위,항목,,,,,,,,,,,,,,,,,,,,,
42,1순위,순위,,,,,,,,,,,,,,,,,,,,,
42,2순위,1순위,,,,,,,,,,,,,,,,,,,,,
42,3순위,2순위,,,,,,,,,,,,,,,,,,,,,
42,4순위,3순위,,,,,,,,,,,,,,,,,,,,,
42,5순위,4순위,,,,,,,,,,,,,,,,,,,,,
43,모집단위,계열,인원,,,,,,,,,,,,,,,,,,,,
43,"국어국문학과
영어영문학과
중어중문학과
철학과
사학과
지리학과
미디어커뮤니케이션학과
문화콘텐츠학과",인문,8,,,,,,,,,,,,,,,,,,,,
43,43,인문,인문,,,,,,,,,,,,,,,,,,,,
43,43,인문,인문,,,,,,,,,,,,,,,,,,,,
43,43,인문,인문,,,,,,,,,,,,,,,,,,,,
43,43,인문,인문,,,,,,,,,,,,,,,,,,,,
43,43,인문,인문,,,,,,,,,,,,,,,,,,,,
43,43,인문,인문,,,,,,,,,,,,,,,,,,,,
43,43,인문,인문,,,,,,,,,,,,,,,,,,,,
43,대학,모집단위,계열,인원,,,,,,,,,,,,,,,,,,,
43,사회과학대학,정치외교학과,인문,8,,,,,,,,,,,,,,,,,,,
43,43,경제학과,인문,인문,,,,,,,,,,,,,,,,,,,
43,43,행정학과,인문,인문,,,,,,,,,,,,,,,,,,,
43,43,국제무역학과,인문,인문,,,,,,,,,,,,,,,,,,,
43,43,응용통계학과,인문,인문,,,,,,,,,,,,,,,,,,,
43,경영대학,경영학과,인문,4,,,,,,,,,,,,,,,,,,,
43,43,기술경영학과,인문,인문,,,,,,,,,,,,,,,,,,,
43,부동산과학원,부동산학과,인문,인문,,,,,,,,,,,,,,,,,,,
43,서류,면접,합계,선발배수,수능최저학력기준,,,,,,,,,,,,,,,,,,
43,"1,000(100%)",-,"1,000(100%)",3배수,선발배수,,,,,,,,,,,,,,,,,,
43,1단계 성적 700(70%),300(30%),"1,000(100%)",-,3배수,,,,,,,,,,,,,,,,,,
43,전형요소,최고점,최저점,차이,실질 반영비율,,,,,,,,,,,,,,,,,,
43,서류,"1,000",0,"1,000",차이,,,,,,,,,,,,,,,,,,
43,"1단계 성적
면접",700,0,700,"1,000",,,,,,,,,,,,,,,,,,
43,43,300,0,300,700,,,,,,,,,,,,,,,,,,
44,평가요소,반영비율,평가항목,,,,,,,,,,,,,,,,,,,,
44,학업역량,30%,반영비율,,,,,,,,,,,,,,,,,,,,
44,진로역량,40%,30%,,,,,,,,,,,,,,,,,,,,
44,공동체역량,30%,40%,,,,,,,,,,,,,,,,,,,,
44,평가요소,반영비율,평가항목,,,,,,,,,,,,,,,,,,,,
44,학업역량,30%,반영비율,,,,,,,,,,,,,,,,,,,,
44,진로역량,40%,30%,,,,,,,,,,,,,,,,,,,,
44,공동체역량,30%,40%,,,,,,,,,,,,,,,,,,,,
44,구분,일정,,,,,,,,,,,,,,,,,,,,,
44,원서접수,구분,,,,,,,,,,,,,,,,,,,,,
44,서류제출(PDF 업로드) 및 온라인 입력,원서접수,,,,,,,,,,,,,,,,,,,,,
44,1단계 합격자 발표,서류제출(PDF 업로드) 및 온라인 입력,,,,,,,,,,,,,,,,,,,,,
44,2단계 전형료 납부,1단계 합격자 발표,,,,,,,,,,,,,,,,,,,,,
44,"※
면접",2단계 전형료 납부,,,,,,,,,,,,,,,,,,,,,
44,최초합격자 발표,"※
면접",,,,,,,,,,,,,,,,,,,,,
45,대상,최초합격자 발표,제출서류,,,,,,,,,,,,,,,,,,,,
45,"국내 정규 고등학교
졸업(예정)자","학생부 온라인 제공
동의자",최초합격자 발표,,,,,,,,,,,,,,,,,,,,
45,45,"학생부 온라인 제공
미동의자 및 불가자","학생부 온라인 제공
동의자",,,,,,,,,,,,,,,,,,,,
45,"고등학교 졸업학력
검정고시 출신자1)","검정고시 자료 온라인
제공 동의자","학생부 온라인 제공
미동의자 및 불가자",,,,,,,,,,,,,,,,,,,,
45,45,"검정고시 자료 온라인
제공 미동의자 및
불가자","검정고시 자료 온라인
제공 동의자",,,,,,,,,,,,,,,,,,,,
45,국외 고등학교 출신자1),45,"검정고시 자료 온라인
제공 미동의자 및
불가자",,,,,,,,,,,,,,,,,,,,
45,대상,제출서류,제출방법 및 기한,,,,,,,,,,,,,,,,,,,,
45,고등학교 졸업학력 검정고시 출신자,학교생활기록부 대체 서식,제출서류,,,,,,,,,,,,,,,,,,,,
45,국외 고등학교 출신자,고등학교 졸업학력 검정고시 출신자,학교생활기록부 대체 서식,,,,,,,,,,,,,,,,,,,,
45,"검정고시 및 국외 고등학교 출신자 중 국내
※
학교생활기록부가 있는 자","[대상자만]
대입전형용 학교생활기록부 1부",고등학교 졸업학력 검정고시 출신자,,,,,,,,,,,,,,,,,,,,
45,구분,제출서류,비고,,,,,,,,,,,,,,,,,,,,
45,장애인등록자,장애인증명서,제출서류,,,,,,,,,,,,,,,,,,,,
45,상이등록자,국가유공자확인원,장애인증명서,,,,,,,,,,,,,,,,,,,,
46,순위,1단계 기준,2단계 기준,,,,,,,,,,,,,,,,,,,,
46,1순위,서류 진로역량 점수 우수자,1단계 기준,,,,,,,,,,,,,,,,,,,,
46,2순위,서류 학업역량 점수 우수자,서류 진로역량 점수 우수자,,,,,,,,,,,,,,,,,,,,
46,3순위,서류 공동체역량 점수 우수자,서류 학업역량 점수 우수자,,,,,,,,,,,,,,,,,,,,
46,4순위,-,서류 공동체역량 점수 우수자,,,,,,,,,,,,,,,,,,,,
46,5순위,-,-,,,,,,,,,,,,,,,,,,,,
47,과대학 모집단위,인원,,,,,,,,,,,,,,,,,,,,,
47,"수학과
물리학과
과대학
화학과
이과대학자유전공학부",8,,,,,,,,,,,,,,,,,,,,,
47,47,11,,,,,,,,,,,,,,,,,,,,,
47,47,4,,,,,,,,,,,,,,,,,,,,,
47,47,11,,,,,,,,,,,,,,,,,,,,,
47,축대학 건축학부,8,,,,,,,,,,,,,,,,,,,,,
47,"사회환경공학부
기계·로봇·자동차공학부
전기전자공학부
화공학부
컴퓨터공학부
과대학
재료공학과
항공우주·모빌리티공학과
생물공학과
산업공학과
공과대학자유전공학부",10,,,,,,,,,,,,,,,,,,,,,
47,47,7,,,,,,,,,,,,,,,,,,,,,
47,47,11,,,,,,,,,,,,,,,,,,,,,
47,47,6,,,,,,,,,,,,,,,,,,,,,
47,47,8,,,,,,,,,,,,,,,,,,,,,
47,47,5,,,,,,,,,,,,,,,,,,,,,
47,47,5,,,,,,,,,,,,,,,,,,,,,
47,47,7,,,,,,,,,,,,,,,,,,,,,
47,47,3,,,,,,,,,,,,,,,,,,,,,
47,47,35,,,,,,,,,,,,,,,,,,,,,
47,"첨단바이오공학부
시스템생명공학과
합과학
기술원
융합생명공학과
융합과학기술원자유전공학부",5,,,,,,,,,,,,,,,,,,,,,
47,47,3,,,,,,,,,,,,,,,,,,,,,
47,47,3,,,,,,,,,,,,,,,,,,,,,
47,47,8,,,,,,,,,,,,,,,,,,,,,
47,"동물자원·식품과학·유통학부
환경보건·산림조경학부
과학대학 생명과학특성학과
식량자원과학과
생명과학대학자유전공학부",10,,,,,,,,,,,,,,,,,,,,,
47,47,3,,,,,,,,,,,,,,,,,,,,,
47,47,4,,,,,,,,,,,,,,,,,,,,,
47,47,3,,,,,,,,,,,,,,,,,,,,,
47,47,12,,,,,,,,,,,,,,,,,,,,,
47,의과대학 수의예과,6,,,,,,,,,,,,,,,,,,,,,
47,범대학 수학교육과,6,,,,,,,,,,,,,,,,,,,,,
47,47,범대학 수학교육과,,,,,,,,,,,,,,,,,,,,,
47,"고사계열
[고사시간]",단과대학,모집단위,인원,,,,,,,,,,,,,,,,,,,
47,"KU
자유전공학부
[14:00
~15:40]","KU
자유전공학부",KU자유전공학부*,69,,,,,,,,,,,,,,,,,,,
47,"인문사회Ⅰ
[17:40
~19:20]",문과대학,국어국문학과,5,,,,,,,,,,,,,,,,,,,
47,47,"인문사회Ⅰ
[17:40
~19:20]",영어영문학과,3,,,,,,,,,,,,,,,,,,,
47,47,47,중어중문학과,5,,,,,,,,,,,,,,,,,,,
47,47,47,철학과,3,,,,,,,,,,,,,,,,,,,
47,47,47,사학과,3,,,,,,,,,,,,,,,,,,,
47,47,47,지리학과,3,,,,,,,,,,,,,,,,,,,
47,47,47,미디어커뮤니케이션학과,6,,,,,,,,,,,,,,,,,,,
47,47,47,문화콘텐츠학과,3,,,,,,,,,,,,,,,,,,,
47,47,47,문과대학자유전공학부,14,,,,,,,,,,,,,,,,,,,
47,"인문사회Ⅱ
[17:40
~19:20]",사회과학대학,정치외교학과,4,,,,,,,,,,,,,,,,,,,
47,47,"인문사회Ⅱ
[17:40
~19:20]",경제학과,8,,,,,,,,,,,,,,,,,,,
47,47,47,행정학과,6,,,,,,,,,,,,,,,,,,,
47,47,47,국제무역학과,7,,,,,,,,,,,,,,,,,,,
47,47,47,응용통계학과,4,,,,,,,,,,,,,,,,,,,
47,47,47,사회과학대학융합전공학부,25,,,,,,,,,,,,,,,,,,,
47,47,경영대학,경영학과,16,,,,,,,,,,,,,,,,,,,
47,47,47,기술경영학과,4,,,,,,,,,,,,,,,,,,,
47,47,부동산과학원,부동산학과,5,,,,,,,,,,,,,,,,,,,
47,47,47,부동산과학원,부동산학과,,,,,,,,,,,,,,,,,,,
48,사정단계,논술,합계,수능최저학력기준,,,,,,,,,,,,,,,,,,,
48,일괄합산,"1,000(100%)","1,000(100%)",인문,,,,,,,,,,,,,,,,,,,
48,48,일괄합산,"1,000(100%)",자연,,,,,,,,,,,,,,,,,,,
48,48,48,일괄합산,KU자유전공학부,,,,,,,,,,,,,,,,,,,
48,48,48,48,수의예과,,,,,,,,,,,,,,,,,,,
48,사정단계,전형요소,최고점,최저점,차이,실질 반영비율,,,,,,,,,,,,,,,,,
48,일괄합산,논술,"1,000",0,"1,000",차이,,,,,,,,,,,,,,,,,
48,계열,인문사회Ⅰ,논술,인문사회Ⅱ,0,"1,000",차이,,,,,,,,,,,,,,,,
48,고사시간,100분,인문사회Ⅰ,논술,인문사회Ⅱ,0,"1,000",,,,,,,,,,,,,,,,
48,문항 수,2문항,100분,인문사회Ⅰ,논술,인문사회Ⅱ,0,,,,,,,,,,,,,,,,
48,문항배점,1번,2번,1번,2-1번,2-2번,2-3번,,,,,,,,,,,,,,,,
48,48,40%,60%,40%,15%,20%,2-2번,,,,,,,,,,,,,,,,
48,글자 수,401~600자,"801~1,000자",401~600자,40%,15%,20%,,,,,,,,,,,,,,,,
48,출제범위,"국어, 사회",401~600자,"국어, 사회",401~600자,40%,15%,,,,,,,,,,,,,,,,
48,48,"·국 어, 사회 교과 분야의 다양한 지문","국어, 사회",401~600자,"국어, 사회",401~600자,40%,,,,,,,,,,,,,,,,
49,계열,자연,"·국 어, 사회 교과 분야의 다양한 지문","국어, 사회",401~600자,KU자유전공학부,401~600자,40%,없음,,,,,,,,,,,,,,
49,고사시간,100분,자연,"·국 어, 사회 교과 분야의 다양한 지문","국어, 사회",401~600자,KU자유전공학부,401~600자,40%,,,,,,,,,,,,,,
49,문항 수,4문항,100분,자연,"·국 어, 사회 교과 분야의 다양한 지문","국어, 사회",401~600자,KU자유전공학부,401~600자,,,,,,,,,,,,,,
49,문항배점,1번,2번,3번,4번,1번,2-1번,2-2번,2-3번,,,,,,,,,,,,,,
49,49,난이도에 따라 차등하여 배점,1번,2번,3번,40%,15%,20%,2-2번,,,,,,,,,,,,,,
49,글자 수,-,난이도에 따라 차등하여 배점,1번,2번,401~600자,40%,15%,20%,,,,,,,,,,,,,,
49,출제범위,수학,-,난이도에 따라 차등하여 배점,1번,"국어, 통합사회",401~600자,40%,15%,,,,,,,,,,,,,,
49,49,"·수 학, 수학Ⅰ, 수학Ⅱ, 확률과통계, 미적분, 기하",수학,-,난이도에 따라 차등하여 배점,1번,"국어, 통합사회",401~600자,40%,,,,,,,,,,,,,,
49,고사계열,출제 및 평가방법,,,,,,,,,,,,,,,,,,,,,
49,인문사회Ⅰ,고사계열,,,,,,,,,,,,,,,,,,,,,
49,인문사회Ⅱ,인문사회Ⅰ,,,,,,,,,,,,,,,,,,,,,
49,자연,인문사회Ⅱ,,,,,,,,,,,,,,,,,,,,,
49,KU자유전공학부,자연,,,,,,,,,,,,,,,,,,,,,
49,구분,KU자유전공학부,일정,,,,,,,,,,,,,,,,,,,,
49,원서접수,구분,KU자유전공학부,,,,,,,,,,,,,,,,,,,,
49,서류제출(PDF업로드),원서접수,구분,,,,,,,,,,,,,,,,,,,,
49,논술고사,자연,2024. 11. 16.(토) 9:20~11:00,,,,,,,,,,,,,,,,,,,,
49,49,KU자유전공학부,2024. 11. 16.(토) 14:00~15:40,,,,,,,,,,,,,,,,,,,,
49,49,"인문사회(Ⅰ, Ⅱ)",2024. 11. 16.(토) 17:40~19:20,,,,,,,,,,,,,,,,,,,,
49,최초합격자 발표,49,"인문사회(Ⅰ, Ⅱ)",,,,,,,,,,,,,,,,,,,,
50,대상,최초합격자 발표,제출서류,,,,,,,,,,,,,,,,,,,,
50,"국내 정규 고등학교
졸업(예정)자","학생부 온라인 제공
동의자",최초합격자 발표,,,,,,,,,,,,,,,,,,,,
50,50,"학생부 온라인 제공
미동의자 및 불가자","학생부 온라인 제공
동의자",,,,,,,,,,,,,,,,,,,,
50,"고등학교 졸업학력
검정고시 출신자1)","검정고시 자료
온라인 제공 동의자","학생부 온라인 제공
미동의자 및 불가자",,,,,,,,,,,,,,,,,,,,
50,50,"검정고시 자료
온라인 제공
미동의자 및 불가자","검정고시 자료
온라인 제공 동의자",,,,,,,,,,,,,,,,,,,,
50,국외 고등학교 출신자1),50,"검정고시 자료
온라인 제공
미동의자 및 불가자",,,,,,,,,,,,,,,,,,,,
50,대상,제출서류,제출방법 및 기한,,,,,,,,,,,,,,,,,,,,
50,"검정고시 및 국외 고등학교 출신자 중
※
국내 학교생활기록부가 있는 자","[대상자만]
대입전형용 학교생활기록부 1부",제출서류,,,,,,,,,,,,,,,,,,,,
50,순위,인문사회Ⅰ,인문사회Ⅱ·KU자유전공학부,자연,,,,,,,,,,,,,,,,,,,
50,1순위,2번(60%) 문항 고득점자,1번(40%) 문항 고득점자,인문사회Ⅱ·KU자유전공학부,,,,,,,,,,,,,,,,,,,
50,2순위,원채점자 간 2번 문항 점수 편차가 작은 득점자,2-3번(25%) 문항 고득점자,1번(40%) 문항 고득점자,,,,,,,,,,,,,,,,,,,
50,3순위,원채점자 간 총점 편차가 작은 득점자,2-2번(20%) 문항 고득점자,2-3번(25%) 문항 고득점자,,,,,,,,,,,,,,,,,,,
50,4순위,-,원채점자 간 총점 편차가 작은 득점자,2-2번(20%) 문항 고득점자,,,,,,,,,,,,,,,,,,,
50,5순위,4순위,-,원채점자 간 총점 편차가 작은 득점자,,,,,,,,,,,,,,,,,,,
50,6순위,-,4순위,-,,,,,,,,,,,,,,,,,,,
51,대학 모집단위,계열,인원,,,,,,,,,,,,,,,,,,,,
51,인대학 매체연기학과,예체능,계열,,,,,,,,,,,,,,,,,,,,
51,학생부(교과정량),실기,합계,선발배수,수능최저학력기준,,,,,,,,,,,,,,,,,,
51,"1,000(100%)",-,"1,000(100%)",25배수,선발배수,,,,,,,,,,,,,,,,,,
51,-,"1,000(100%)","1,000(100%)",-,25배수,,,,,,,,,,,,,,,,,,
51,실기 종목,소요 시간,연습 시간,,,,,,,,,,,,,,,,,,,,
51,51,3분 이내,소요 시간,,,,,,,,,,,,,,,,,,,,
51,전형요소,최고점,최저점,차이,실질 반영비율,,,,,,,,,,,,,,,,,,
51,학생부(교과정량),"1,000",0,"1,000",차이,,,,,,,,,,,,,,,,,,
51,실기,"1,000",0,"1,000","1,000",,,,,,,,,,,,,,,,,,
52,구분,일정,,,,,,,,,,,,,,,,,,,,,
52,원서접수,구분,,,,,,,,,,,,,,,,,,,,,
52,서류제출(PDF 업로드),원서접수,,,,,,,,,,,,,,,,,,,,,
52,1단계 합격자 발표,서류제출(PDF 업로드),,,,,,,,,,,,,,,,,,,,,
52,실기,2024. 10. 21.(월) ~ 10. 26.(토),,,,,,,,,,,,,,,,,,,,,
52,최초합격자 발표,실기,,,,,,,,,,,,,,,,,,,,,
52,대상,최초합격자 발표,제출서류,,,,,,,,,,,,,,,,,,,,
52,"국내 정규 고등학교
졸업(예정)자","학생부 온라인 제공
동의자",최초합격자 발표,,,,,,,,,,,,,,,,,,,,
52,52,"학생부 온라인 제공
미동의자 및 불가자","학생부 온라인 제공
동의자",,,,,,,,,,,,,,,,,,,,
52,"고등학교 졸업학력
1)
검정고시 출신자","검정고시 자료 온라인
제공 동의자","학생부 온라인 제공
미동의자 및 불가자",,,,,,,,,,,,,,,,,,,,
52,52,"검정고시 자료 온라인
제공 미동의자 및
불가자","검정고시 자료 온라인
제공 동의자",,,,,,,,,,,,,,,,,,,,
52,"1)
국외 고등학교 출신자",52,"검정고시 자료 온라인
제공 미동의자 및
불가자",,,,,,,,,,,,,,,,,,,,
52,대상,제출서류,제출방법 및 기한,,,,,,,,,,,,,,,,,,,,
52,"검정고시 및 국외 고등학교 출신자 중
※
국내 학교생활기록부가 있는 자","[대상자만]
대입전형용 학교생활기록부 1부",제출서류,,,,,,,,,,,,,,,,,,,,
53,순위,1단계 기준,2단계 기준,,,,,,,,,,,,,,,,,,,,
53,1순위,"모집단위별 1단계 선발배수에 해당하는
최종 순위 동점자는 모두 합격",1단계 기준,,,,,,,,,,,,,,,,,,,,
53,2순위,1순위,"모집단위별 1단계 선발배수에 해당하는
최종 순위 동점자는 모두 합격",,,,,,,,,,,,,,,,,,,,
53,3순위,2순위,1순위,,,,,,,,,,,,,,,,,,,,
54,모집단위 성별,모집인원: 13명,2순위,1순위,없음,없음,없음,없음,,,,,,,,,,,,,,,
54,54,야구: 8명,모집인원: 13명,2순위,1순위,없음,테니스,육상,,,,,,,,,,,,,,,
54,54,우투수,포수,3루수,유격수,우익수,없음,테니스,,,,,,,,,,,,,,,
54,체육교육과 남자,2,1,1,3,1,2,없음,,,,,,,,,,,,,,,
54,"학생부
경기실적
(교과정량)","학생부
(출결정량)",면접,합계,선발배수,"수능최저
학력기준",,,,,,,,,,,,,,,,,
54,"1,000(100%) -",-,-,"1,000(100%)",6배수,선발배수,,,,,,,,,,,,,,,,,
54,"1단계 성적
150(15%)
500(50%)",50(5%),300(30%),"1,000(100%)",-,6배수,,,,,,,,,,,,,,,,,
55,종목,평가요소,세부 내용,,,,,,,,,,,,,,,,,,,,
55,야구,대표 경력,평가요소,,,,,,,,,,,,,,,,,,,,
55,55,수상 경력,대표 경력,,,,,,,,,,,,,,,,,,,,
55,55,개인기록,수상 경력,,,,,,,,,,,,,,,,,,,,
55,테니스,대표 경력,개인기록,,,,,,,,,,,,,,,,,,,,
55,55,전국체전,대표 경력,,,,,,,,,,,,,,,,,,,,
55,55,"전국대회, 국제대회, 4대
메이저대회(주니어대회 포함)",전국체전,,,,,,,,,,,,,,,,,,,,
55,육상,대표 경력,"전국대회, 국제대회, 4대
메이저대회(주니어대회 포함)",,,,,,,,,,,,,,,,,,,,
55,55,신기록,대표 경력,,,,,,,,,,,,,,,,,,,,
55,55,개인기록,신기록,,,,,,,,,,,,,,,,,,,,
55,등급,1,2,3,4,5,,,,,,,,,,,,,,,,,
55,미인정 결석 일수,3일 이하,4~6일,7~9일,10~15일,4,,,,,,,,,,,,,,,,,
55,점수,100,90,85,70,10~15일,,,,,,,,,,,,,,,,,
55,사정단계,전형요소,최고점,최저점,차이,실질 반영비율,,,,,,,,,,,,,,,,,
55,1단계,경기실적,"1,000",0,"1,000",차이,,,,,,,,,,,,,,,,,
55,2단계,1단계 성적,500,0,500,"1,000",,,,,,,,,,,,,,,,,
55,55,학생부(교과정량),150,0,150,500,,,,,,,,,,,,,,,,,
55,55,학생부(출결정량),50,0,50,150,,,,,,,,,,,,,,,,,
55,55,면접,300,0,300,50,,,,,,,,,,,,,,,,,
56,구분,일정,,,,,,,,,,,,,,,,,,,,,
56,원서접수,구분,,,,,,,,,,,,,,,,,,,,,
56,서류제출(PDF 업로드),원서접수,,,,,,,,,,,,,,,,,,,,,
56,1단계 합격자 발표,서류제출(PDF 업로드),,,,,,,,,,,,,,,,,,,,,
56,면접,2024. 11. 2.(토),,,,,,,,,,,,,,,,,,,,,
56,최초합격자 발표,면접,,,,,,,,,,,,,,,,,,,,,
56,대상,최초합격자 발표,제출서류,,,,,,,,,,,,,,,,,,,,
56,"국내 정규 고등학교
졸업(예정)자","학생부 온라인 제공
동의자",최초합격자 발표,,,,,,,,,,,,,,,,,,,,
56,56,"학생부 온라인 제공
미동의자 및 불가자","학생부 온라인 제공
동의자",,,,,,,,,,,,,,,,,,,,
56,"고등학교 졸업학력
1)
검정고시 출신자","검정고시 자료
온라인 제공 동의자","학생부 온라인 제공
미동의자 및 불가자",,,,,,,,,,,,,,,,,,,,
56,56,"검정고시 자료
온라인 제공
미동의자 및 불가자","검정고시 자료
온라인 제공 동의자",,,,,,,,,,,,,,,,,,,,
56,"1)
국외 고등학교 출신자",56,"검정고시 자료
온라인 제공
미동의자 및 불가자",,,,,,,,,,,,,,,,,,,,
57,대상,제출서류,제출방법 및 기한,,,,,,,,,,,,,,,,,,,,
57,"검정고시 및 국외 고등학교 출신자 중
※
국내 학교생활기록부가 있는 자","[대상자만]
대입전형용 학교생활기록부 1부",제출서류,,,,,,,,,,,,,,,,,,,,
57,대상,비고,,,,,,,,,,,,,,,,,,,,,
57,개인(리그) 실적증명서,대상,,,,,,,,,,,,,,,,,,,,,
57,"대한체육회 및 산하기관이 발행한 아래 증
- 경기실적증명서
- 경기출전증명(확인)서
- 개인성적표
- 프로 지명 확인서","명서 중 해당 서류 제출
- 대표선수(후보선수) 선발확인서
- 우수 선수 선발확인서
- 개인 수상 확인서",,,,,,,,,,,,,,,,,,,,,
57,순위,1단계 기준,2단계 기준,,,,,,,,,,,,,,,,,,,,
57,1순위,"세부 포지션별 1단계 선발배수에 해당하는
최종 순위 동점자는 모두 합격",1단계 기준,,,,,,,,,,,,,,,,,,,,
57,2순위,1순위,"세부 포지션별 1단계 선발배수에 해당하는
최종 순위 동점자는 모두 합격",,,,,,,,,,,,,,,,,,,,
57,3순위,2순위,1순위,,,,,,,,,,,,,,,,,,,,
58,구분,3순위,제출서류,,,,,,,,,,,,,,,,,,,,
58,"국내 정규 고등학교
졸업(예정)자","학생부 온라인 제공
동의자",3순위,,,,,,,,,,,,,,,,,,,,
58,58,"학생부 온라인 제공
미동의자 및 불가자","학생부 온라인 제공
동의자",,,,,,,,,,,,,,,,,,,,
58,"고등학교 졸업학력
검정고시 출신자",온라인 제공 동의자,"학생부 온라인 제공
미동의자 및 불가자",,,,,,,,,,,,,,,,,,,,
58,58,"온라인 제공
미동의 및 불가자",온라인 제공 동의자,,,,,,,,,,,,,,,,,,,,
58,58,"국내 고교 이수학기가
※
있는 자","온라인 제공
미동의 및 불가자",,,,,,,,,,,,,,,,,,,,
58,국외 고등학교 출신자,지원자 전체,"국내 고교 이수학기가
※
있는 자",,,,,,,,,,,,,,,,,,,,
58,58,"국내 고교 이수학기가
※
있는 자",지원자 전체,,,,,,,,,,,,,,,,,,,,
58,전형명,대상,제출서류,제출방식,제출기한,,,,,,,,,,,,,,,,,,
58,"학생부종합(KU자기추천)
학생부종합(사회통합)
학생부종합(특수교육대상자)","학교생활기록부
미보유자
(검정고시, 국외고)","학교생활기록부
대체 서식",원서접수 시 온라인 입력,제출방식,,,,,,,,,,,,,,,,,,
58,학생부종합(사회통합),농어촌학생 지원자 전체,"농어촌학생 지원자격
확인서","본교 양식을 입학처
홈페이지에서 내려받아
작성 후,
원서접수 사이트에서
서류제출(PDF 업로드)",원서접수 시 온라인 입력,,,,,,,,,,,,,,,,,,
58,학생부종합(특성화고교졸업자),"지원 모집단위의
기준학과 미충족자",기준학과 인정 확인서,"농어촌학생 지원자격
확인서","본교 양식을 입학처
홈페이지에서 내려받아
작성 후,
원서접수 사이트에서
서류제출(PDF 업로드)",,,,,,,,,,,,,,,,,,
58,58,2014년 이전 졸업자,"지원 모집단위의
기준학과 미충족자",기준학과 인정 확인서,"농어촌학생 지원자격
확인서",,,,,,,,,,,,,,,,,,
59,전형,대상,제출서류,기한,,,,,,,,,,,,,,,,,,,
59,수시 전체 전형,"·최 종등록자 중 원서접수 시
서류를 PDF로 업로드하여
제출한 자",·PDF로 업로드한 서류 전체,제출서류,,,,,,,,,,,,,,,,,,,
59,학생부종합(사회통합),"·농 어촌학생 최종등록자 중
2025년 2월 졸업예정자
(2024년 기준 고등학교 3학년)","·[지원자격1]
- 주민등록표초본
(지원자, 부, 모 기준 각 1부)
- 고등학교 졸업증명서
·[지원자격2]
- 주민등록표초본
(지원자 기준 1부)
- 고등학교 졸업증명서",·PDF로 업로드한 서류 전체,,,,,,,,,,,,,,,,,,,
59,학생부종합(특성화고졸재직자),·최 종등록자 전원,"· 국 민건강보험자격득실확인서 등
지원자격 증빙서류
· 2025. 3. 1.(토) 이후 발급분","·[지원자격1]
- 주민등록표초본
(지원자, 부, 모 기준 각 1부)
- 고등학교 졸업증명서
·[지원자격2]
- 주민등록표초본
(지원자 기준 1부)
- 고등학교 졸업증명서",,,,,,,,,,,,,,,,,,,
60,구분,학교생활기록부,학교생활기록부 평가영역,,,,,,,,,,,,,,,,,,,,
60,학생부교과(KU지역균형),○,학교생활기록부,,,,,,,,,,,,,,,,,,,,
60,학생부종합전형 전체,○,○,,,,,,,,,,,,,,,,,,,,
61,구분,학생부교과(KU지역균형),○,,,,,,,,,,,,,,,,,,,,
61,61,배점,평가항목,,,,,,,,,,,,,,,,,,,,
61,학업역량,200점,배점,,,,,,,,,,,,,,,,,,,,
61,진로역량,100점,200점,,,,,,,,,,,,,,,,,,,,
61,합계,300점,100점,,,,,,,,,,,,,,,,,,,,
61,학과(부)별 모집,합계,300점,KU자유전공학부*,없음,없음,,,,,,,,,,,,,,,,,
61,평가요소,배점,평가항목,평가요소,배점,평가항목,,,,,,,,,,,,,,,,,
61,학업역량,300점,"·학업성취도
·학업태도
·탐구력",학업역량,200점,배점,,,,,,,,,,,,,,,,,
61,진로역량,400점,"·전공(계열) 관련 교과 이수 노력
·전공(계열) 관련 교과 성취도
·진로 탐색 활동과 경험",성장역량,500점,200점,,,,,,,,,,,,,,,,,
61,공동체역량,300점,"·협업과 소통능력
·나눔과 배려
·성실성과 규칙준수
·리더십",공동체역량,300점,500점,,,,,,,,,,,,,,,,,
61,합계,"1,000점",300점,합계,"1,000점",300점,,,,,,,,,,,,,,,,,
61,A+,A,B+,B,C+,C,D,,,,,,,,,,,,,,,,
62,평가요소,평가항목,정의,,,,,,,,,,,,,,,,,,,,
62,"학업역량
대학 교육을
충실히
이수하는데
필요한 수학 능력",학업성취도,평가항목,,,,,,,,,,,,,,,,,,,,
62,62,학업태도,학업성취도,,,,,,,,,,,,,,,,,,,,
62,62,탐구력,학업태도,,,,,,,,,,,,,,,,,,,,
62,"진로역량
자신의 진로와
전공(계열)에 관한
탐색 노력과
준비 정도","전공(계열) 관련
교과 이수 노력",탐구력,,,,,,,,,,,,,,,,,,,,
62,62,"전공(계열) 관련
교과 성취도","전공(계열) 관련
교과 이수 노력",,,,,,,,,,,,,,,,,,,,
62,62,"진로 탐색
활동과 경험","전공(계열) 관련
교과 성취도",,,,,,,,,,,,,,,,,,,,
62,"성장역량
현재의 상황이나
수준보다
질적으로 더 높은
단계로 향상 시킬 수
있는 능력",자기주도성,"진로 탐색
활동과 경험",,,,,,,,,,,,,,,,,,,,
62,62,"창의적
문제해결력",자기주도성,,,,,,,,,,,,,,,,,,,,
62,62,경험의 다양성,"창의적
문제해결력",,,,,,,,,,,,,,,,,,,,
62,"공동체역량
공동체의
일원으로서
갖춰야 할
바람직한
사고와 행동","협업과
소통능력",경험의 다양성,,,,,,,,,,,,,,,,,,,,
62,62,나눔과 배려,"협업과
소통능력",,,,,,,,,,,,,,,,,,,,
62,62,"성실성과
규칙준수",나눔과 배려,,,,,,,,,,,,,,,,,,,,
62,62,리더십,"성실성과
규칙준수",,,,,,,,,,,,,,,,,,,,
64,"학생부종합(KU자기추천, 특수교육대상자) 전체
(단, KU자유전공학부 제외)",62,리더십,"학생부종합(KU자기추천)
KU자유전공학부",없음,없음,,,,,,,,,,,,,,,,,
64,평가요소,배점,평가항목,평가요소,배점,평가항목,,,,,,,,,,,,,,,,,
64,학업역량,300점,· 탐구력,학업역량,200점,배점,,,,,,,,,,,,,,,,,
64,진로역량,400점,"· 전공(계열) 관련 교과 이수 노력
· 진로 탐색 활동과 경험",성장역량,500점,200점,,,,,,,,,,,,,,,,,
64,공동체역량,300점,"· 협업과 소통능력
· 나눔과 배려",공동체역량,300점,500점,,,,,,,,,,,,,,,,,
64,합계,"1,000점",300점,합계,"1,000점",300점,,,,,,,,,,,,,,,,,
64,A+,A,B,C,D,,,,,,,,,,,,,,,,,,
65,해당 전형,A+,반영 교과목,반영요소,,,,,,,,,,,,,,,,,,,
65,학생부교과,KU지역균형,"·국어, 수학, 영어, 과학, 사회, 한국사 전 과목
- 석 차등급 및 이수단위가 표기된 전 과목
- 학년별, 교과별 가중치 없음",반영 교과목,,,,,,,,,,,,,,,,,,,
65,학생부종합,사회통합,KU지역균형,"·국어, 수학, 영어, 과학, 사회, 한국사 전 과목
- 석 차등급 및 이수단위가 표기된 전 과목
- 학년별, 교과별 가중치 없음",,,,,,,,,,,,,,,,,,,
65,65,특성화고교졸업자,사회통합,KU지역균형,,,,,,,,,,,,,,,,,,,
65,65,특성화고졸재직자,특성화고교졸업자,사회통합,,,,,,,,,,,,,,,,,,,
65,실기/실적,KU연기우수자,"·국어(50%), 영어(50%)
- 위 교과 중 석차등급 및 이수단위가 표기된
전 과목
※ 단 , 진로선택과목은 반영 교과 기준 성취도
상위 3과목*",특성화고교졸업자,,,,,,,,,,,,,,,,,,,
65,65,KU체육특기자,KU연기우수자,"·국어(50%), 영어(50%)
- 위 교과 중 석차등급 및 이수단위가 표기된
전 과목
※ 단 , 진로선택과목은 반영 교과 기준 성취도
상위 3과목*",,,,,,,,,,,,,,,,,,,
65,선정 순위,1순위,2순위,3순위,4순위,,,,,,,,,,,,,,,,,,
65,기준,성취도,이수단위,A등급 비율 적은 과목,3순위,,,,,,,,,,,,,,,,,,
65,해당 전형,기준,산출식,,,,,,,,,,,,,,,,,,,,
65,학생부교과,KU지역균형,기준,,,,,,,,,,,,,,,,,,,,
65,학생부종합,사회통합,KU지역균형,,,,,,,,,,,,,,,,,,,,
65,65,특성화고교졸업자,사회통합,,,,,,,,,,,,,,,,,,,,
65,65,특성화고졸재직자,특성화고교졸업자,,,,,,,,,,,,,,,,,,,,
65,실기/실적,KU연기우수자,특성화고졸재직자,,,,,,,,,,,,,,,,,,,,
65,65,KU체육특기자,KU연기우수자,,,,,,,,,,,,,,,,,,,,
66,등급,1,2,3,4,5,6,7,8,9,,,,,,,,,,,,,
66,기준점수,10,9.97,9.94,9.9,9.86,9.8,8,6,8,,,,,,,,,,,,,
66,등급,A,B,C,,,,,,,,,,,,,,,,,,,
66,기준점수,10,9.9,B,,,,,,,,,,,,,,,,,,,
66,전형,비교 요소,적용 대상,,,,,,,,,,,,,,,,,,,,
66,"학생부교과(KU지역균형)
학생부종합(사회통합)
학생부종합(특성화고교졸업자)
학생부종합(특성화고졸재직자)",서류평가,비교 요소,,,,,,,,,,,,,,,,,,,,
66,"학생부종합(사회통합) 중
기초생활및차상위","학생부교과(KU지역균형)
학생부종합(사회통합)
학생부종합(특성화고교졸업자)
학생부종합(특성화고졸재직자)",서류평가,,,,,,,,,,,,,,,,,,,,
66,실기/실적(KU체육특기자),경기실적,"학생부교과(KU지역균형)
학생부종합(사회통합)
학생부종합(특성화고교졸업자)
학생부종합(특성화고졸재직자)",,,,,,,,,,,,,,,,,,,,
69,전형명,실기/실적(KU체육특기자),1단계 전형료,2단계 전형료,,,,,,,,,,,,,,,,,,,
69,학생부교과(KU지역균형),전형명,"60,000원",1단계 전형료,,,,,,,,,,,,,,,,,,,
69,학생부종합(KU자기추천),학생부교과(KU지역균형),"50,000원","60,000원",,,,,,,,,,,,,,,,,,,
69,학생부종합(사회통합),"국가보훈대상자, 기초생활및차상위",학생부교과(KU지역균형),"50,000원",,,,,,,,,,,,,,,,,,,
69,69,농어촌학생,"60,000원",학생부교과(KU지역균형),,,,,,,,,,,,,,,,,,,
69,학생부종합(특성화고교졸업자),69,"60,000원","60,000원",,,,,,,,,,,,,,,,,,,
69,학생부종합(특성화고졸재직자),학생부종합(특성화고교졸업자),"60,000원","60,000원",,,,,,,,,,,,,,,,,,,
69,학생부종합(특수교육대상자),학생부종합(특성화고졸재직자),학생부종합(특성화고교졸업자),"60,000원",,,,,,,,,,,,,,,,,,,
69,전형명,전형료,1단계 불합격자 환불액,,,,,,,,,,,,,,,,,,,,
69,논술(KU논술우수자),"60,000원",전형료,,,,,,,,,,,,,,,,,,,,
69,"실기/실적(KU연기우수자, KU체육특기자)","95,000원","60,000원",,,,,,,,,,,,,,,,,,,,
69,대상자,자격 증빙 서류,,,,,,,,,,,,,,,,,,,,,
69,국가보훈대상자,대상자,,,,,,,,,,,,,,,,,,,,,
69,국민기초생활보장수급자,국가보훈대상자,,,,,,,,,,,,,,,,,,,,,
70,반환 사유,반환액,,,,,,,,,,,,,,,,,,,,,
70,응시자의 착오로 과납한 경우,반환 사유,,,,,,,,,,,,,,,,,,,,,
70,본교의 귀책 사유,응시자의 착오로 과납한 경우,,,,,,,,,,,,,,,,,,,,,
70,천재지변으로 인하여 입학전형에 응시하지 못한 경우,본교의 귀책 사유,,,,,,,,,,,,,,,,,,,,,
70,질병 또는 사고 등으로 의료기관에 입원하여 입학전형에 응시하지 못한 경우,천재지변으로 인하여 입학전형에 응시하지 못한 경우,,,,,,,,,,,,,,,,,,,,,
70,본인의 사망으로 입학전형에 응시하지 못한 경우,질병 또는 사고 등으로 의료기관에 입원하여 입학전형에 응시하지 못한 경우,,,,,,,,,,,,,,,,,,,,,
70,전형료 반환 신청 시점,반환액,,,,,,,,,,,,,,,,,,,,,
70,원서접수 마감 이전,전형료 반환 신청 시점,,,,,,,,,,,,,,,,,,,,,
70,원서접수 마감 후 일주일 이내,원서접수 마감 이전,,,,,,,,,,,,,,,,,,,,,
70,원서접수 마감 일주일 경과 후 ~ 전형 1일 이전,원서접수 마감 후 일주일 이내,,,,,,,,,,,,,,,,,,,,,
70,전형별 고사일 이후,원서접수 마감 일주일 경과 후 ~ 전형 1일 이전,,,,,,,,,,,,,,,,,,,,,
71,장학명,구분,내용,,,,,,,,,,,,,,,,,,,,
71,"KU지역균형
우수장학",대상,구분,,,,,,,,,,,,,,,,,,,,
71,71,장학혜택,대상,,,,,,,,,,,,,,,,,,,,
71,"KU자기추천
우수장학",대상,장학혜택,,,,,,,,,,,,,,,,,,,,
71,71,장학혜택,대상,,,,,,,,,,,,,,,,,,,,
71,장학명,구분,내용,,,,,,,,,,,,,,,,,,,,
71,"예술디자인
우수장학",대상,구분,,,,,,,,,,,,,,,,,,,,
71,71,장학혜택,대상,,,,,,,,,,,,,,,,,,,,
71,목련장학,대상,장학혜택,,,,,,,,,,,,,,,,,,,,
71,71,장학혜택,대상,,,,,,,,,,,,,,,,,,,,
71,분야,총장상,금상,,,,,,,,,,,,,,,,,,,,
71,디자인,수업료 2년간 전액,총장상,,,,,,,,,,,,,,,,,,,,
71,미술,수업료 1년간 전액,수업료 2년간 전액,,,,,,,,,,,,,,,,,,,,
72,구분,내용,수업료 1년간 전액,수업료 2년간 전액,,,,,,,,,,,,,,,,,,,
72,① 신청자격,구분,내용,수업료 1년간 전액,,,,,,,,,,,,,,,,,,,
72,② 신청시기,① 신청자격,구분,내용,,,,,,,,,,,,,,,,,,,
72,③ 신청방법,② 신청시기,① 신청자격,구분,,,,,,,,,,,,,,,,,,,
72,④ 선발인원,③ 신청방법,② 신청시기,① 신청자격,,,,,,,,,,,,,,,,,,,
72,⑤ 전공학점 이수,다전공,원전공 이수학점,다전공 이수학점,,,,,,,,,,,,,,,,,,,
72,72,⑤ 전공학점 이수,36학점 이상(사범대 50학점 이상),원전공 이수학점,,,,,,,,,,,,,,,,,,,
72,72,부전공,원전공 이수학점,부전공,,,,,,,,,,,,,,,,,,,
72,72,72,54학점 이상,원전공 이수학점,,,,,,,,,,,,,,,,,,,
72,⑥ 신청제한,72,72,54학점 이상,,,,,,,,,,,,,,,,,,,
72,⑦ 학위수여,⑥ 신청제한,72,72,,,,,,,,,,,,,,,,,,,
72,구분,내용,,,,,,,,,,,,,,,,,,,,,
72,① 신청대상,구분,,,,,,,,,,,,,,,,,,,,,
72,② 신청방법,① 신청대상,,,,,,,,,,,,,,,,,,,,,
72,③ 선발방법,② 신청방법,,,,,,,,,,,,,,,,,,,,,
72,④ 이수학점,③ 선발방법,,,,,,,,,,,,,,,,,,,,,
73,모집단위,표시과목,,,,,,,,,,,,,,,,,,,,,
73,국어국문학과,국어,,,,,,,,,,,,,,,,,,,,,
73,중어중문학과,중국어,,,,,,,,,,,,,,,,,,,,,
73,철학과,철학,,,,,,,,,,,,,,,,,,,,,
73,사학과,역사,,,,,,,,,,,,,,,,,,,,,
73,지리학과,지리,,,,,,,,,,,,,,,,,,,,,
73,물리학과,물리,,,,,,,,,,,,,,,,,,,,,
73,화학과,화학,,,,,,,,,,,,,,,,,,,,,
73,73,화학과,,,,,,,,,,,,,,,,,,,,,
73,모집단위,표시과목,,,,,,,,,,,,,,,,,,,,,
73,건축학부(건축학전공),건설,,,,,,,,,,,,,,,,,,,,,
73,컴퓨터공학부,정보·컴퓨터,,,,,,,,,,,,,,,,,,,,,
73,정치외교학과,일반사회,,,,,,,,,,,,,,,,,,,,,
73,경제학과,일반사회,,,,,,,,,,,,,,,,,,,,,
73,행정학과,일반사회,,,,,,,,,,,,,,,,,,,,,
73,국제무역학과,상업,,,,,,,,,,,,,,,,,,,,,
73,경영학과,상업,,,,,,,,,,,,,,,,,,,,,
73,73,경영학과,,,,,,,,,,,,,,,,,,,,,
73,모집단위,표시과목,,,,,,,,,,,,,,,,,,,,,
73,"첨단바이오공학부
(줄기세포재생공학전공)",동물자원,,,,,,,,,,,,,,,,,,,,,
73,생명과학특성학과,생물,,,,,,,,,,,,,,,,,,,,,
73,"동물자원·식품과학·
유통학부(동물자원전공)",동물자원,,,,,,,,,,,,,,,,,,,,,
73,커뮤니케이션디자인학과,디자인,,,,,,,,,,,,,,,,,,,,,
73,의상디자인학과,의상,,,,,,,,,,,,,,,,,,,,,
73,리빙디자인학과,디자인,,,,,,,,,,,,,,,,,,,,,
73,영상학과,연극영화,,,,,,,,,,,,,,,,,,,,,
73,매체연기학과,연극영화,,,,,,,,,,,,,,,,,,,,,
73,73,매체연기학과,,,,,,,,,,,,,,,,,,,,,
73,구분,73,1학년,2학년,3학년,4학년,,,,,,,,,,,,,,,,,
73,73,구분,자기이해와 진로탐색,진로설정과 직업탐색,취업전략과 경력개발,실전 취업역량개발,,,,,,,,,,,,,,,,,
73,교과,73,CSP진로탐색,진로설계와 직업탐색,진로설정과 직업탐색,취업전략과 경력개발,,,,,,,,,,,,,,,,,
73,"비
교
과",정규,KU Career Class,CSP진로탐색,"직무/기업분석과정,
입사지원서 작성기초,
면접준비 기초과정,
직무/기업분석가이드",진로설정과 직업탐색,,,,,,,,,,,,,,,,,
73,73,특별,"KU Career Coaching
Program",직무의 발견,"멘토링데이 프로그램,
현직자동문선배간담회,
NCS 대비준비반,
온라인 취업솔루션","직무/기업분석과정,
입사지원서 작성기초,
면접준비 기초과정,
직무/기업분석가이드",,,,,,,,,,,,,,,,,
73,73,종합,특별,"KU Career Leader
Program","KU Global Career Start
Program","멘토링데이 프로그램,
현직자동문선배간담회,
NCS 대비준비반,
온라인 취업솔루션",,,,,,,,,,,,,,,,,
73,73,73,KU Junior Elite Program,특별,"KU Career Leader
Program","KU Global Career Start
Program",,,,,,,,,,,,,,,,,
73,73,상시,73,KU Junior Elite Program,특별,"KU Career Leader
Program",,,,,,,,,,,,,,,,,
73,구분,3학년,4학년,,,,,,,,,,,,,,,,,,,,
73,현장실습,구분,3학년,,,,,,,,,,,,,,,,,,,,
74,구분,현장실습,창업기초,아이디어구현,창업실무,창업체험 및 사업화,,,,,,,,,,,,,,,,,
74,교과,구분,"Startup Base Camp,
청년창업과 기업가정신","창업의 기회,
비즈니스 모델","기술창업: 지식서비스
창업 금융과 투자",창업실무,,,,,,,,,,,,,,,,,
74,학사제도,교과,창업장학금,스타트업 인턴십,창업휴학제,"기술창업: 지식서비스
창업 금융과 투자",,,,,,,,,,,,,,,,,
74,"비
교
과",교육,스타트업 내비게이션,디자인씽킹 워크숍,린스타트업 스테이션,창업휴학제,,,,,,,,,,,,,,,,,
74,74,"비
교
과",KU 창업캠프,KU 창업 경진대회,KU 창업클럽,린스타트업 스테이션,,,,,,,,,,,,,,,,,
74,74,실전,"네트워킹
퍼스트 스타트업
네트워킹 데이","창업공간
KU 스타트업 존","사업화 자금
퍼스트 스타트업
매니지먼트",KU 창업클럽,,,,,,,,,,,,,,,,,
74,상시,74,실전,"네트워킹
퍼스트 스타트업
네트워킹 데이","창업공간
KU 스타트업 존","사업화 자금
퍼스트 스타트업
매니지먼트",,,,,,,,,,,,,,,,,
75,구분,실습시기,학점인정 학기,,,,,,,,,,,,,,,,,,,,
75,학기 중,"1학기(3월~6월)
2학기(9월~12월)",실습시기,,,,,,,,,,,,,,,,,,,,
75,방학 중,"하계방학(7월~8월)
동계방학(1월~2월)","1학기(3월~6월)
2학기(9월~12월)",,,,,,,,,,,,,,,,,,,,
76,프로그램,내용,,,,,,,,,,,,,,,,,,,,,
76,"복수학위 프로그램
(Double-Degree
Program)",프로그램,,,,,,,,,,,,,,,,,,,,,
76,"교환학생 프로그램
(Exchange Student
Program)","복수학위 프로그램
(Double-Degree
Program)",,,,,,,,,,,,,,,,,,,,,
76,"파견학생 프로그램
(Visiting Student
Program)","교환학생 프로그램
(Exchange Student
Program)",,,,,,,,,,,,,,,,,,,,,
76,"어학정규 프로그램
(Language+Study
Program)","파견학생 프로그램
(Visiting Student
Program)",,,,,,,,,,,,,,,,,,,,,
76,프로그램,내용,,,,,,,,,,,,,,,,,,,,,
76,"국제단기 프로그램
(Short-Term
Program)",프로그램,,,,,,,,,,,,,,,,,,,,,
77,구분,보증금,기숙사비(2인실),없음,없음,,,,,,,,,,,,,,,,,,
77,77,구분,"비전홀, 프론티어홀, 드림홀",레이크홀,비고,,,,,,,,,,,,,,,,,,
77,학기 중,"100,000","1,562,000","1,776,000",레이크홀,,,,,,,,,,,,,,,,,,
77,6개월,"100,000","2,364,000","2,687,000","1,776,000",,,,,,,,,,,,,,,,,,
78,"출제
여하성작
만)외제
식서
교학국한
체대 외재
가인
부록기활생교학 부육교(자)정예(업졸
교고
외국
와자신출
시고정검
※",6개월,"100,000","2,364,000","2,687,000","일
월
년
:일격합",없음,"일
월
년
:일)정예(업졸
일
월
년
:일학입
:가국재소
:명교학",없음,"일
월
년
:일출전
일
월
년
:일학입
:가국재소
:명교학",없음,"일
월
년
:일출전
일
월
년
:일학입
:가국재소
:명교학",없음,"]
항사의유
성작
[","등 )OMI(드아피림올학수제국 ,드아피림올학과구지제국 ,회대기쓰글어영제국 외 교학 시 성작
,)LFROT(어아시러 도라이적실상수
.다니습있 등 ,)OAK(드아피림올문천국한 된시명
정검격자자한
이명과교
.다니습있 CWEI
수
,)DSD
을받 ,험시증인수급자한 ,)TfoT(트먼너토학수제국 ,드아피림올리물제국 ,회대어영제국 등 )등 외교
수 을익이불 ,HSD 등 회대술논어영제국 어영(어국외·)문천 은받
될소취 ,FADTSET 드아피림올학과등중국한
,)OBK(드아피림올물생국한 을락허
이학입 서에가평류서 ,검한무상 TEI 음있
,DZ(어일독 ,회대시경 가참
,드아피림올학과보정국전 ,회대기하말어영국전 수
.다니합성작 .다니합 도라후이 MBY 항대시도 )어인페스 ,학과구지 을받 의장교학
우경 ,)FLAD ,정검격자수급자한 ,회대시경 ,드아피림올문천제국 을익이불
이인본 야여하조협 격합 며되리처 할재기 ,FLED(어스랑프 학수의창 ,)OHCK(드아피림올학화국한 ,어아시러 CEFIS ,물생 우경 ,며하미의
을적실상수 ,학화
여하초기 극적 격합불 ,)TPLJ ,자한용실 인라온 ,드아피림올학과뇌국한 ,어일독 ,회대연경 ,리물(학과·학수 을했성작 을적실상수
,드아피림올물생제국
에실사 는자원지 ,우경 외교 ,TPJ(어본일 ,정검력능자한 적실상수 ,)CMK(험시증인학수국한 ,어스랑프 어영 을적실상수 회대
시드반 우경 될견발 한대 ,)OHPK(드아피림올리물국한 ,어본일 십더리 한최개
할청요 에과교 ,)KSH(어국중 ,험시자한소의회공상 외교 ,)OSEK(드아피림올학과구지국한 벌로글 에칭명 의)등
,로므이료자형전 이등 ,어국중 이관기
을인확 실사 어국외·학과·학수 한대 ,)OMK(드아피림올학수국한 회대 드아피림올
한정부 ,)SPET 에과교 ,어영(어국외 ,도에외 외
교학
실사 ,LFEOT ,)ELED(어인페스 음있
한요중 는류서 한대 에항사 타기 ,재기 및 적성학어인공 적성학어인공 ,CIEOT(어영 어국외·학과·학수 고중초 국전 목항 된거열 ,회대시경(회대 란이’적실상수 수 을받
실사위허 을익이불
당해 된술기 .가 .나 학수 학과 어국외 서에위 종각 외교‘
.1 .2 .3 .4 ※ ※",,,,,,,,
78,78,"출제
여하성작
만)외제
식서
교학국한
체대 외재
가인
부록기활생교학 부육교(자)정예(업졸
교고
외국
와자신출
시고정검
※",호번험수,일월년생,"2,364,000","2,687,000","일
월
년
:일격합",없음,"일
월
년
:일)정예(업졸
일
월
년
:일학입
:가국재소
:명교학",없음,"일
월
년
:일출전
일
월
년
:일학입
:가국재소
:명교학",없음,"일
월
년
:일출전
일
월
년
:일학입
:가국재소
:명교학",없음,"]
항사의유
성작
[",,,,,,,,
78,78,78,)공전/과학/부학(,호번험수,일월년생,:역지격합,"2,687,000","일
월
년
:일격합",없음,"일
월
년
:일)정예(업졸
일
월
년
:일학입
:가국재소
:명교학",없음,"일
월
년
:일출전
일
월
년
:일학입
:가국재소
:명교학",없음,"일
월
년
:일출전
일
월
년
:일학입
:가국재소
:명교학",없음,,,,,,,,
78,78,78,78,)공전/과학/부학(,호번험수,일월년생,①,"2,687,000",②,없음,③,없음,"일
월
년
:일출전
일
월
년
:일학입
:가국재소
:명교학",없음,"일
월
년
:일출전
일
월
년
:일학입
:가국재소
:명교학",,,,,,,,
78,78,명형전,위단집모,명성,)공전/과학/부학(,"시고정검
자신출","교고 자신출 근최 )성작
외국 ※( 로으순",①,"2,687,000",②,없음,③,없음,"일
월
년
:일출전
일
월
년
:일학입
:가국재소
:명교학",없음,,,,,,,,
78,78,78,명형전,위단집모,명성,")시표
보정력학
에분부
당해
※(","시고정검
자신출","교고 자신출 근최 )성작
외국 ※( 로으순",①,"2,687,000",②,없음,③,없음,"일
월
년
:일출전
일
월
년
:일학입
:가국재소
:명교학",,,,,,,,
78,78,"자원지
보정",78,명형전,위단집모,명성,")시표
보정력학
에분부
당해
※(","시고정검
자신출","교고 자신출 근최 )성작
외국 ※( 로으순",①,"2,687,000",②,없음,③,없음,,,,,,,,
78,78,,,,,,,,,,,,,,,,,,,,,,
78,78,,,,,,,,,,,,,,,,,,,,,,
78,학수,학과,어국외,,,,,,,,,,,,,,,,,,,,
79,")수필
]법방성작
인확
기시 용내
한여참 한제
의항사의유
에동활
식서 )자003
중
간기 성작
대최
체대 는하준 기시 ※(동활 별목항(성작
에간기학재 한여참 는하준
부록기활생교학[
에동활
에용내 을동활
교학등고
중
부록기활생교학 의개5
간기학재
전이 대최
격합 교학등고 ,씩개
시고정검 교학등고 한
외국 에번연
:간기동활 :용내동활
각
:량분
.1 .2 .3",)공전/과학/부학(,학과,어국외,관기)행발(동활,없음,없음,없음,없음,없음,"는서해대
에치조
른따
에반위
항사당해
)

:의동
,며으했지숙
(
.다니습겠않
을’항사의유
지하기제
성작‘ 를의이
식서
체대
부록기활생교학
은인본",")인(
일
월
9
년4202 : 자
원
지","하귀
장총
교학대국건",".다니합출제
여하성작
로으인라온
에내
간기력입
후
수접서원
,로으용고참
은식서
본
※",,,,,,,,,
79,79,")수필
]법방성작
인확
기시 용내
한여참 한제
의항사의유
에동활
식서 )자003
중
간기 성작
대최
체대 는하준 기시 ※(동활 별목항(성작
에간기학재 한여참 는하준
부록기활생교학[
에동활
에용내 을동활
교학등고
중
부록기활생교학 의개5
간기학재
전이 대최
격합 교학등고 ,씩개
시고정검 교학등고 한
외국 에번연
:간기동활 :용내동활
각
:량분
.1 .2 .3",)공전/과학/부학(,학과,용내동활,관기)행발(동활,없음,없음,없음,없음,없음,"는서해대
에치조
른따
에반위
항사당해
)

:의동
,며으했지숙
(
.다니습겠않
을’항사의유
지하기제
성작‘ 를의이
식서
체대
부록기활생교학
은인본",")인(
일
월
9
년4202 : 자
원
지","하귀
장총
교학대국건",,,,,,,,,
79,79,위단집모,호번험수,)공전/과학/부학(,")일
월
자일동활 년
~
일
월
년
(",".
.
.
~
.
.
.",".
.
.
~
.
.
.",".
.
.
~
.
.
.",".
.
.
~
.
.
.",".
.
.
~
.
.
.",없음,없음,"는서해대
에치조
른따
에반위
항사당해
)

:의동
,며으했지숙
(
.다니습겠않
을’항사의유
지하기제
성작‘ 를의이
식서
체대
부록기활생교학
은인본",")인(
일
월
9
년4202 : 자
원
지",,,,,,,,,
79,79,"보정
자원지",위단집모,호번험수,번연,1,2,3,4,5,".
.
.
~
.
.
.",없음,없음,"는서해대
에치조
른따
에반위
항사당해
)

:의동
,며으했지숙
(
.다니습겠않
을’항사의유
지하기제
성작‘ 를의이
식서
체대
부록기활생교학
은인본",,,,,,,,,
79,79,,,,,,,,,,,,,,,,,,,,,,
79,79,,,,,,,,,,,,,,,,,,,,,,
80,"서인확
격자원지
생학촌어농",79,없음,없음,"을정과육교
자
한주거
전
교학등고·중 에지재소
촌어농
의지재소
두모
촌어농 모·부
]자수이
및
지까일업졸 인본
정과육교
안동
간기
전 교학등고
교학등고‧중 당해
터부일학입 ,고하수이
:1
격자원지[ 여하속연
교학중","자
한주거
교학등고·중·초
에지재소
촌어농
의지재소
이인본
]자수이 촌어농 안동
간기당해
지까일업졸
정과육교
,고하수이
전 교학등고
교학등고‧중‧초
여하속연
터부일학입
을정과육교
:2
격자원지[ 교학등초
전",없음,"소주교학 )성작
지까소주세상
중
간기학재
하이
면/읍(",)구(군,없음,)구(군,없음,)구(군,없음,)구(군,없음,)구(군,없음,)구(군,없음,".다니랍바
기시주
.오시십주
여하입기
해재기
두모
를교학신출 만소주
.오시십주
.오시십주 의후이
해성작 × ) ,우경 경변
로소주번지  ) ( 교학대국건 ( 교학대국건 을있 해성작 ,우경
이)등 만자원지 의경변
021 학전(동변
닌아 1 명소주
동양화 로동능 ]2
가소주 격자원지[
의항사적재 한인
구진광 구진광
명로도 로으경변
는보정
시별특울서 시별특울서
는소주 중
간기학재 교학등초 역구정행
교학
)예
.1 .2 .3 .4","인직
.다니합인확
장교학등고
을음없
이상이
일
에용내
:
자
기상 월 인
9 확
한련관
년4202
과격자원지
)인(
는교본
와자원지
:
자
원
지","하귀
장총
교학대국건"
80,80,"서인확
격자원지
생학촌어농",79,없음,없음,"을정과육교
자
한주거
전
교학등고·중 에지재소
촌어농
의지재소
두모
촌어농 모·부
]자수이
및
지까일업졸 인본
정과육교
안동
간기
전 교학등고
교학등고‧중 당해
터부일학입 ,고하수이
:1
격자원지[ 여하속연
교학중","자
한주거
교학등고·중·초
에지재소
촌어농
의지재소
이인본
]자수이 촌어농 안동
간기당해
지까일업졸
정과육교
,고하수이
전 교학등고
교학등고‧중‧초
여하속연
터부일학입
을정과육교
:2
격자원지[ 교학등초
전",없음,)시(도,)면(읍,)시(도,)면(읍,)시(도,)면(읍,)시(도,)면(읍,)시(도,)면(읍,)시(도,)면(읍,없음,".다니랍바
기시주
.오시십주
여하입기
해재기
두모
를교학신출 만소주
.오시십주
.오시십주 의후이
해성작 × ) ,우경 경변
로소주번지  ) ( 교학대국건 ( 교학대국건 을있 해성작 ,우경
이)등 만자원지 의경변
021 학전(동변
닌아 1 명소주
동양화 로동능 ]2
가소주 격자원지[
의항사적재 한인
구진광 구진광
명로도 로으경변
는보정
시별특울서 시별특울서
는소주 중
간기학재 교학등초 역구정행
교학
)예
.1 .2 .3 .4","인직
.다니합인확
장교학등고
을음없
이상이
일
에용내
:
자
기상 월 인
9 확
한련관
년4202
과격자원지
)인(
는교본
와자원지
:
자
원
지"
80,80,호번험수,호번험수,79,없음,없음,"을정과육교
자
한주거
전
교학등고·중 에지재소
촌어농
의지재소
두모
촌어농 모·부
]자수이
및
지까일업졸 인본
정과육교
안동
간기
전 교학등고
교학등고‧중 당해
터부일학입 ,고하수이
:1
격자원지[ 여하속연
교학중","자
한주거
교학등고·중·초
에지재소
촌어농
의지재소
이인본
]자수이 촌어농 안동
간기당해
지까일업졸
정과육교
,고하수이
전 교학등고
교학등고‧중‧초
여하속연
터부일학입
을정과육교
:2
격자원지[ 교학등초
전",없음,)시(도,)면(읍,)시(도,)면(읍,)시(도,)면(읍,)시(도,)면(읍,)시(도,)면(읍,)시(도,)면(읍,없음,".다니랍바
기시주
.오시십주
여하입기
해재기
두모
를교학신출 만소주
.오시십주
.오시십주 의후이
해성작 × ) ,우경 경변
로소주번지  ) ( 교학대국건 ( 교학대국건 을있 해성작 ,우경
이)등 만자원지 의경변
021 학전(동변
닌아 1 명소주
동양화 로동능 ]2
가소주 격자원지[
의항사적재 한인
구진광 구진광
명로도 로으경변
는보정
시별특울서 시별특울서
는소주 중
간기학재 교학등초 역구정행
교학
)예
.1 .2 .3 .4"
80,80,80,호번험수,호번험수,79,없음,없음,"간기학재 )일
월
년
~
자원지 일
월
년
(",".
.
.
~
.
.
.",없음,".
.
.
~
.
.
.",)면(읍,".
.
.
~
.
.
.",)면(읍,".
.
.
~
.
.
.",)면(읍,".
.
.
~
.
.
.",)면(읍,".
.
.
~
.
.
.",)면(읍,)시(도,)면(읍,없음
80,80,)공전/과학/부학(,80,호번험수,호번험수,79,없음,없음,"간기학재 )일
월
년
~
자원지 일
월
년
(",".
.
.
~
.
.
.",없음,".
.
.
~
.
.
.",)면(읍,".
.
.
~
.
.
.",)면(읍,".
.
.
~
.
.
.",)면(읍,".
.
.
~
.
.
.",)면(읍,".
.
.
~
.
.
.",)면(읍,)시(도,)면(읍
80,80,80,)공전/과학/부학(,80,호번험수,호번험수,79,명교학,없음,"간기학재 )일
월
년
~
자원지 일
월
년
(",".
.
.
~
.
.
.",없음,".
.
.
~
.
.
.",)면(읍,".
.
.
~
.
.
.",)면(읍,".
.
.
~
.
.
.",)면(읍,".
.
.
~
.
.
.",)면(읍,".
.
.
~
.
.
.",)면(읍,)시(도
80,80,위단집모,명성,)공전/과학/부학(,80,호번험수,호번험수,79,명교학,없음,"간기학재 )일
월
년
~
자원지 일
월
년
(",".
.
.
~
.
.
.",없음,".
.
.
~
.
.
.",)면(읍,".
.
.
~
.
.
.",)면(읍,".
.
.
~
.
.
.",)면(읍,".
.
.
~
.
.
.",)면(읍,".
.
.
~
.
.
.",)면(읍
80,80,80,위단집모,명성,")시표
격자원지
에격자
당해
※(",80,호번험수,분구,"보정
)성작
교학등초 만자상대(",명교학,없음,"간기학재 )일
월
년
~
자원지 일
월
년
(","보정
교학중",없음,".
.
.
~
.
.
.",)면(읍,"보정
교학등고",)면(읍,".
.
.
~
.
.
.",)면(읍,".
.
.
~
.
.
.",)면(읍,".
.
.
~
.
.
."
80,80,"보정
자원지",80,위단집모,명성,")시표
격자원지
에격자
당해
※(",80,호번험수,분구,"보정
)성작
교학등초 만자상대(",명교학,없음,"간기학재 )일
월
년
~
자원지 일
월
년
(","보정
교학중",없음,".
.
.
~
.
.
.",)면(읍,"보정
교학등고",)면(읍,".
.
.
~
.
.
.",)면(읍,".
.
.
~
.
.
.",)면(읍
80,"장교학등고
:
자
인
확",,,,,,,,,,,,,,,,,,,,,,
80,")인(
:
자
원
지",,,,,,,,,,,,,,,,,,,,,,
80,80,")인(
:
자
원
지",,,,,,,,,,,,,,,,,,,,,
80,"서인확
정인
과학준기",)공전/과학/부학(,")인(
:
자
원
지","호번험수
명성",없음,보정,없음,".
.
간기학재 .
~
.
.
.",".
.
.
~
.
.
.",없음,"위단수이
명목과교
계합
열계과교
.다니랍바 기학/년학
기시하성작
위단수이
여하준
에과교문전 명목과교
된련관
열계과교
와위단집모
기학/년학
당해
※",")내이
자005
함포
기쓰어띄(거근단판
부여
족충
과학준기
의자원지
※",없음,"하천추 ,자전·기전
분구
여하정인 의목과교
,류의·유섬
을함족충 문전
.다니합출제 한수이 ,업공학화 .오시십하성작
에과학준기
로별년학
만에우경 ,료재
한시제 ,여하인확 .다니합 ,계기 여하분구
는않 ,설건
서에위단집모
지하치일 를지는였하수이 로으준기 ,리조 로으등
식음 항운
와과학준기 을일감마
원지 ,저레·광관·용미 박선
가과학 상이 수접서원 ,양해
별위단집모
위단03 산수·림농
한수이
은간기학재 ,츠텐콘
로과교
서에교학등고 가과학준기 ,전안·경환
.다니랍바 화문·인자디
문전
과간기수이
한정설 된련관 ,예공·판출·쇄인
가자원지 기시주해성작
,지복·건보
와위단집모
서에교학등고 정과육교
는]서인확
를위단수이 ,융금·영경 ,공가
당해 전
정인 .다니입류서 서에교학등고 의자정예업졸 품식
과학준기[ 및 은열계과교 ,신통·보정
)열계(
는 ※
.1 .2 .3",",서로자)정예(업졸 .다니합인확
인직
를이
한수이 에기였하수이
장교학등고
을정과육교
일
상이
전 위단03 월
여하학입 9
를과교문전 년4202
:
에교학등고화성특 자
인
된련관 확
와위단집모
는자원지
원지
위","하귀
장총
교학대국건",,,,,,,
80,80,"서인확
정인
과학준기",)공전/과학/부학(,")인(
:
자
원
지","처락연
교학",없음,보정,"공전
정과과교",공전,".
.
.
~
.
.
.",없음,"위단수이
명목과교
계합
열계과교
.다니랍바 기학/년학
기시하성작
위단수이
여하준
에과교문전 명목과교
된련관
열계과교
와위단집모
기학/년학
당해
※",")내이
자005
함포
기쓰어띄(거근단판
부여
족충
과학준기
의자원지
※",없음,"하천추 ,자전·기전
분구
여하정인 의목과교
,류의·유섬
을함족충 문전
.다니합출제 한수이 ,업공학화 .오시십하성작
에과학준기
로별년학
만에우경 ,료재
한시제 ,여하인확 .다니합 ,계기 여하분구
는않 ,설건
서에위단집모
지하치일 를지는였하수이 로으준기 ,리조 로으등
식음 항운
와과학준기 을일감마
원지 ,저레·광관·용미 박선
가과학 상이 수접서원 ,양해
별위단집모
위단03 산수·림농
한수이
은간기학재 ,츠텐콘
로과교
서에교학등고 가과학준기 ,전안·경환
.다니랍바 화문·인자디
문전
과간기수이
한정설 된련관 ,예공·판출·쇄인
가자원지 기시주해성작
,지복·건보
와위단집모
서에교학등고 정과육교
는]서인확
를위단수이 ,융금·영경 ,공가
당해 전
정인 .다니입류서 서에교학등고 의자정예업졸 품식
과학준기[ 및 은열계과교 ,신통·보정
)열계(
는 ※
.1 .2 .3",",서로자)정예(업졸 .다니합인확
인직
를이
한수이 에기였하수이
장교학등고
을정과육교
일
상이
전 위단03 월
여하학입 9
를과교문전 년4202
:
에교학등고화성특 자
인
된련관 확
와위단집모
는자원지
원지
위",,,,,,,
80,80,80,"서인확
정인
과학준기",)공전/과학/부학(,")인(
:
자
원
지","처락연
교학",없음,보정,"공전
정과과교",공전,".
.
.
~
.
.
.",없음,"위단수이
명목과교
계합
열계과교
.다니랍바 기학/년학
기시하성작
위단수이
여하준
에과교문전 명목과교
된련관
열계과교
와위단집모
기학/년학
당해
※",")내이
자005
함포
기쓰어띄(거근단판
부여
족충
과학준기
의자원지
※",없음,"하천추 ,자전·기전
분구
여하정인 의목과교
,류의·유섬
을함족충 문전
.다니합출제 한수이 ,업공학화 .오시십하성작
에과학준기
로별년학
만에우경 ,료재
한시제 ,여하인확 .다니합 ,계기 여하분구
는않 ,설건
서에위단집모
지하치일 를지는였하수이 로으준기 ,리조 로으등
식음 항운
와과학준기 을일감마
원지 ,저레·광관·용미 박선
가과학 상이 수접서원 ,양해
별위단집모
위단03 산수·림농
한수이
은간기학재 ,츠텐콘
로과교
서에교학등고 가과학준기 ,전안·경환
.다니랍바 화문·인자디
문전
과간기수이
한정설 된련관 ,예공·판출·쇄인
가자원지 기시주해성작
,지복·건보
와위단집모
서에교학등고 정과육교
는]서인확
를위단수이 ,융금·영경 ,공가
당해 전
정인 .다니입류서 서에교학등고 의자정예업졸 품식
과학준기[ 및 은열계과교 ,신통·보정
)열계(
는 ※
.1 .2 .3",,,,,,,
80,80,80,80,"서인확
정인
과학준기",)공전/과학/부학(,")인(
:
자
원
지","처락연
교학","교학등고
명교고",교학등고,"공전
정과과교",공전,".
.
.
~
.
.
.",없음,"위단수이
명목과교
계합
열계과교
.다니랍바 기학/년학
기시하성작
위단수이
여하준
에과교문전 명목과교
된련관
열계과교
와위단집모
기학/년학
당해
※",")내이
자005
함포
기쓰어띄(거근단판
부여
족충
과학준기
의자원지
※",없음,,,,,,,
80,80,80,위단집모,80,명성,)공전/과학/부학(,")인(
:
자
원
지","처락연
교학","교학등고
명교고",교학등고,"공전
정과과교",공전,".
.
.
~
.
.
.",없음,"위단수이
명목과교
계합
열계과교
.다니랍바 기학/년학
기시하성작
위단수이
여하준
에과교문전 명목과교
된련관
열계과교
와위단집모
기학/년학
당해
※",")내이
자005
함포
기쓰어띄(거근단판
부여
족충
과학준기
의자원지
※",,,,,,,
80,80,"자원지
보정",80,위단집모,사교임담,명성,"교고신출 간기학재
및",")인(
:
자
원
지","처락연
교학","교학등고
명교고",자원지 과학준기 부여족충 거근단판,"공전
정과과교",공전,".
.
.
~
.
.
.",없음,"위단수이
명목과교
계합
열계과교
.다니랍바 기학/년학
기시하성작
위단수이
여하준
에과교문전 명목과교
된련관
열계과교
와위단집모
기학/년학
당해
※",,,,,,,
80,위단수이,80,"자원지
보정",80,위단집모,사교임담,명성,"교고신출 간기학재
및",")인(
:
자
원
지",,,,,,,,,,,,,,
80,명목과교,위단수이,80,"자원지
보정",80,위단집모,사교임담,명성,계합,,,,,,,,,,,,,,
80,열계과교,명목과교,위단수이,80,"자원지
보정",80,위단집모,사교임담,명성,,,,,,,,,,,,,,
80,기학/년학,열계과교,명목과교,위단수이,80,"자원지
보정",80,위단집모,사교임담,,,,,,,,,,,,,,
80,위단수이,기학/년학,열계과교,명목과교,위단수이,80,"자원지
보정",80,위단집모,,,,,,,,,,,,,,
80,명목과교,위단수이,기학/년학,열계과교,명목과교,위단수이,80,"자원지
보정",80,,,,,,,,,,,,,,
80,열계과교,명목과교,위단수이,기학/년학,열계과교,명목과교,위단수이,80,"자원지
보정",,,,,,,,,,,,,,
80,기학/년학,열계과교,명목과교,위단수이,기학/년학,열계과교,명목과교,위단수이,80,,,,,,,,,,,,,,
80,80,,,,,,,,,,,,,,,,,,,,,,
80,80,,,,,,,,,,,,,,,,,,,,,,
