2,"목차	
	
Part	1.	주요사항	및	전형요약
9	
2026학년도	주요사항	및	전형별	요약
11	
제출서류	공통	안내사항
13	
학생부종합전형	제출서류	블라인드	처리	안내
14	
전형별	모집단위	및	모집인원
15	
수시모집	주요	일정
	
Part	2.	전형안내
17	
학생부교과(지역균형)
20	
학생부종합(일반)
23	
학생부종합(기회균형)
	
Part	4.	각종	서식	및	작성	유의사항	
28	
학생부종합(서강가치)
43	
학교생활기록부	대체서식
31	
학생부종합(특성화고교졸업자)
47	
농어촌학생	재학	및	거주사실	확인서
34	
논술(일반)
48	
특성화고교졸업자	동일계열확인서
49	
가톨릭지도자	추천인	확인서
	
Part	3.	학생부종합전형	서류평가	안내	
38	
서류평가	요소	및	방법
	
Part	5.	지원자	유의사항
39	
공정성	관련	처리	사항
52	
대학입학전형기본사항	유의사항
53	
서강대학교	유의사항","56	
입학원서	입력	유의사항
	
Part	6.	등록안내
58	
전형료	안내
59	
전형료	관련	유의사항
59	
등록	포기	및	등록금	환불	안내
	
Part	7.	학사안내
61	
장학금	안내
63	
기숙사	안내
64	
교내	주요	행정부서	연락처",,,,,,,,
2,,,,,,,,,,
2,,,,,,,,,,
2,,,,,,,,,,
5,,,,,,,,,,
9,,,,,,,,,,
9,,,,,,,,,,
9,,,,,,,,,,
9,,,,,,,,,,
9,,,,,,,,,,
11,"모집단위
2026
학년도  신설",반도체공학과,전형별  선발인원,,,,,,,
11,,,"학생부교과 지역균형
�  �
명 학생부종합 일반
�  ��
명",,,,,,,
11,"2025
학년도  신설",인문학기반자유전공학부,"학생부교과 지역균형
�  ��
명 학생부종합 일반
�  ��
명",,,,,,,
11,,"SCIENCE
기반자유전공학부","학생부교과 지역균형
�  5
명 학생부종합 일반
�  5
명",,,,,,,
11,,"AI
기반자유전공학부","학생부교과 지역균형
�  5
명 학생부종합 일반
�  ��
명",,,,,,,
12,전형,,"���원 ��
�",전형요소  및  반영비율,수능최저학력기준,,,,,
12,"학생부
교과",지역균형,180,학���과  100�,"국어 수학 영어 탐구 과목
�  4
개  영역  중
3
개  영역  각  등급  이내 한국사  등급  이내",,,,,
12,"학생부
종합",일반,565,���가  100�,미적용,,,,,
12,,기회균형,85,,,,,,,
12,,서강가치,36,,,,,,,
12,,"특성화고교
졸업자",6,"단계1
���가  100�
�5
�수
�",,,,,,
12,,,,"단계2
1
단계 
80�  � 
면접 
20�",,,,,,
12,논술,일반,172,�술  100�,"국어 수학 영어 탐구 과목
�  4
개  영역  중
3
개  영역  등급  합 
7 
이내 한국사  등급  이내",,,,,
12,전형,,,국내고,,,,,검정고시,국외고
12,,,,일반고,자율고,특목고,영재학교,특성화고,,
12,"학생부교과 지역균형
���",,,�,�,�2�,X,�2�,X,X
12,"학생부
종합",일반,,�,�,�,�,�,�,�
12,,기 회 균 형,국가보훈대상자,�,�,�,�,�,�,�
12,,,농어촌학생,�,�,X,X,�,X,X
12,,,기초생활보장대상자,�,�,�,�,�,�,�
12,,,장애인대상자,�,�,�,�,�,�,�
12,,,자립지원대상자,�,�,�,�,�,�,�
12,,,북한이탈주민  등,�,�,�,�,�,�,�
12,,서강가치,,�,�,�,�,�,�,�
12,,특성화고교졸업자,,�3�,X,X,X,�,X,X
12,"논술 일반�
�",,,�,�,�,�,�,�,�
14,"구분
제출방법",,"①
졸업 예정 증명서
온라인  제공  동의 
또는  업로드","②
학교생활기록부
온라인  제공  동의 
또는  업로드","③
학생부 
대�서류 ���
�
온라인  입력  및 
증빙  업로드","④
지원자격서류
업로드","⑤
성명 주민등록번호 
불일치자  증빙
업로드","⑥
전형료 
경감서류
우편제출",,
14,학생부교과,지역균형,X,�,X,고교별  온라인  추천,"해당자만
업로드","해당자만
업로드",,
14,"학생부
종합",일반,�,�,"국외고, 
검정고시",X,,,,
14,,기회균형,,,,�,,,,
14,,서강가치,,,,�,,,,
14,,특성화고교졸업자,,,,�,,,,
14,논술,일반,�,�,X,X,,,,
15,"업로드란
학교생활기록부",구분,,제출여부,연번,블라인드  처리  서류,,,,
15,,"국내고
졸업 예정 자","학생부  온라인  제공 
미동의자  및  불가자",필수,1,"학교생활기록부 대입전형용
�
 
※ 
2��  9�  1��
월 이후  발급본  제출",,,,
15,,,국외고  재학  사실이  있는  자,선택,2,국외고  성적증명서  및  학교발급서류,,,,
15,,"국외고  및 
국내학력인정 
외국교육기관 
졸업 예정 자",대상자  전원,필수,1,국외고  성적증명서  및  학교발급서류,,,,
15,,,"국내고  재학  사실이  있는  자
�
국내고  재학  시점  무관
�",,2,"국내고  학교생활기록부 대입전형용
� 
 
※ 
2��  9�  1��
월 이후  발급본  제출",,,,
15,,"검정고시 
합격자","검정고시  증명서  온라인  제공 
미동의자  및  불가자",필수,1,검정고시  성적증명서,,,,
15,,,"국내고  재학  사실이  있는  자
�
국내고  재학  시점  무관
�",,2,"국내고  학교생활기록부 대입전형용
� 
 
※ 
2��  9�  1��
월 이후  발급본  제출",,,,
15,,,국외고  재학  사실이  있는  자,선택,3,국외고  성적증명서  및  학교발급서류,,,,
15,,북한이탈주민,북한  고교  졸업자,필수,,학력인정증명서,,,,
15,"학생부 
대체서류","국내고  졸업 예정 자  중  국외고  재학사실이  있는  자
국외고  및  국내학력인정  외국교육기관  졸업 예정 자
검정고시  합격자",,선택,,학생부  대체서류  증빙,,,,
16,모집단위,접수단위,"입학정원
�
정원외
�",학생부교과,학생부종합,,,,논술,
16,,,,지역균형,일반,기회균형,서강가치,"특성화고교 
졸업자��",일반,
16,인문학부,국어국문학과*,120,12,10,7,3,�,16,
16,,사학과*,,,10,,,,,
16,,철학과,,,10,,,,,
16,,종교학과,,,8,,,,,
16,영문학부*,,81,8,27,5,3,�,10,
16,유럽문화학과,,45,5,18,4,�,�,�,
16,중국문화학과*,,32,4,13,3,�,�,�,
16,"사회학과
사회과학부
정치외교학과
심리학과*",,90,9,11,5,3,�,14,
16,,,,,11,,,,,
16,,,,,11,,,,,
16,경제학과,,151,16,50,8,3,�3�,21,
16,경영학부,,247,29,80,14,5,,37,
16,"신문방송학과
지식융합
미디어 엔터테인먼트학과
미디어학부��
아트 테크놀로지학과",,98,10,18,6,3,,10,
16,,,,,14,,,,,
16,,,,,14,,,,,
16,글로벌한국학부,,15,�,8,�,�,�,�,
16,게페르트국제학부,,5,�,5,�,�,�,�,
16,수학과*,,47,5,16,3,2,�,6,
16,물리학과*,,46,5,15,3,2,�,6,
16,화학과*,,47,5,20,4,2,�,�,
16,생명과학과*,,46,5,20,4,2,�,�,
16,전자공학과,,76,10,24,5,2,�3�,12,
16,화공생명공학과,,91,10,31,5,2,,12,
16,기계공학과,,75,8,25,4,2,,10,
16,반도체공학과,,30,3,14,�,�,,�,
16,컴퓨터공학과*,,90,10,31,5,2,,12,
16,인공지능학과,,28,3,12,�,�,,3,
16,시스템반도체공학과��,,�30�,�3�,�14�,�,�,�,�3�,
16,인문학기반자유전공학부��,,67,10,10,�,�,�,�,
16,"��
SCIENCE
기반자유전공학부",,40,5,5,�,�,�,�,
16,"��
AI
기반자유전공학부",,50,5,10,�,�,�,�,
16,총  계,,"1,647",180,565,85,36,6,172,
17,구분,,일시,기타  안내사항,,,,,,
17,온라인  원서접수,,"2�.  �.  �.�
월
�  1�:��  � 
�.  12.�
금
�  1�:��","� 
온라인  원서접수 
�����:�����.�����������.���
� 
원서접수  마감일은  접속자가  많아  시스템  장애  발생이 
우려되므로  접수  마감일  이전에  접수  권장
� 
원서접수  완료  후에는  접수  취소
, 
전형  및  모집단위   
변경  등이  불가함",,,,,,
17,온라인  서류제출,,"2�.  �.  �.�
월
�  1�:��  � 
�.  16.�
화
�  1�:��
제출서류별  발급기준일  이후에 
서류를  발급받아  업로드할  것","� 
제출방법 원서접수  사이트에 
PDF 
파일  업로드
 
  ※ 
우편  및  방문  제출  불가
 
  ※ 
원서접수  완료  후  서류  업로드  가능
 
  ※  �
가톨릭지도자  추천인  확인서 는  추천인이  직접  이메일
로  �부����������������������
� 
수시모집  내에서  복수의  전형에  지원한  경우  전형별로 
해당  서류를  제출하여야  함
� 
기한  내  서류를  제출 업로드  포함 하지  않을  시  별도  통
보  없이  전형  대상에서  제외됨",,,,,,
17,전형료  경감신청,,"2�.  �.  12.�
금
�  � 
�.  16.�
화
�  1�:��","� 
제출방법 우편제출 업로드  및  방문제출  불가
�
� 
전형료  경감  안내
����� 
참조
�",,,,,,
17,"학생부교과
�
지역균형
�",고교별  추천  접수,"2�.  �.  1�.�
월
�  �:��  � 
�.  1�.�
금
�  1�:��","� 
자세한  사항은  추후  입학처  홈페이지  공지사항  참고",,,,,,
17,"논술 ���
�",논술시험,"자연 
2�.  11.  1�.�
토
�
인문 
2�.  11.  16.�
일
�","� 
모집단위별  시험  장소  및  세부  일정은 
11
월  중  입학처 
홈페이지에  안내  예정",,,,,,
17,"학생부종합
�
특성화고교졸업자
�","1
단계  합격자  발표","2�.  11.  2�.�
목
�","� 
1
단계  합격자  발표 입학처  홈페이지  확인
� 
모집단위별  일정 장소  및  유의사항은  단계  합격자  대
상으로  추후  안내  예정",,,,,,
17,,면접,"2�.  11.  2�.�
토
�",,,,,,,
17,최초  합격자  발표,,"2�.  12.  12.�
금
�  1�:�� 
예정","� 기숙사  신청
����� 
참조
�
 
  � 
합격자  등록예약 온라인  등록 페이지  내에서  신청
    � 
자세한  사항은  추후  입학처  홈페이지  공지사항  참고
� 
합격자  발표
    � 
최초  및  추가  합격자  발표  관련  자세한  사항은  추후 
입학처  홈페이지  공지사항  참고
� 
등록예약 온라인  등록
�
    � 
차수별  합격자  발표페이지에서  진행하며  등록과  동일
한  효력을  가짐
    � 
별도의  등록확인예치금  입금  없음
    � 
차수별  등록예약기간  이후에는  등록  불가
    � 
기간  내  등록예약을  진행하지  않은  경우  등록의사가 
없는  자로  간주함
� 
등록금  납부  및  최종등록자  서류  제출
    � 
납부기간  내  등록금을  납부하여야  최종  등록  처리됨
    � 
최종등록자는  기한  내  업로드한  서류의  원본을  입학처
로  제출하여야  함
    � 
추후  합격자  안내사항 을  통해  안내  예정",,,,,,
17,최초  합격자  등록예약,,"2�.  12.  1�.�
월
�  � 
12.  1�.�
수
�  16:��
까지",,,,,,,
17,추가  합격자  발표,,"2�.  12.  1�.�
목
�  �  12.  2�.�
화
�
※ 
통보마감
:  12.  2�.�
화
�  1�:��",,,,,,,
17,추가  합격자  등록예약,,"2�.  12.  1�.�
목
�  �  12.  2�.�
수
�",,,,,,,
17,등록금  납부,,"26.  2
월  중",,,,,,,
17,최종등록자  원본  서류  제출,,합격자  발표  이후,,,,,,,
19,모집단위,"모집인원 ��
�",,,,,,,,
19,수학과,5,,,,,,,,
19,물리학과,5,,,,,,,,
19,화학과,5,,,,,,,,
19,생명과학과,5,,,,,,,,
19,"SCIENCE
기반자유전공학부",5,,,,,,,,
19,전자공학과,10,,,,,,,,
19,화공생명공학과,10,,,,,,,,
19,기계공학과,8,,,,,,,,
19,반도체공학과,3,,,,,,,,
19,시스템반도체공학과,3,,,,,,,,
19,컴퓨터공학과,10,,,,,,,,
19,인공지능학과,3,,,,,,,,
19,"AI
기반자유전공학부",5,,,,,,,,
19,모집단위,"모집인원 ��
�",,,,,,,,
19,인문학부,12,,,,,,,,
19,영문학부,8,,,,,,,,
19,유럽문화학과,5,,,,,,,,
19,중국문화학과,4,,,,,,,,
19,인문학기반자유전공학부,10,,,,,,,,
19,사회과학부,9,,,,,,,,
19,경제학과,16,,,,,,,,
19,경영학부,29,,,,,,,,
19,지식융합미디어학부,10,,,,,,,,
20,선발모형,학생부교과,,비고,,,,,,
20,,"등급계산 석차등급
�","비율계산 성취도  및  성취비율
�",,,,,,,
20,일괄  합산,90�,10�,전  요소  정량  반영,,,,,,
20,,"최고점 
900
점
최저점 
100
점","최고점 
100
점
최저점  점0",,,,,,,
21,구분,,배점,산출식,,,,,,
21,"등급
계산","석차등급
�9
등급
�",900,"1� 
등급평균 
� 
�
�
반영  과목  등급 
� 
단위수
�/
�
�
반영  과목  단위수
�
2� 
최종점수 
�  �  10  � 
등급평균 
�  �  100",,,,,,
21,"비율
계산","성취도  및
성취비율",100,"1� 
환산성취비율 
� 
취득  성취비율
/2  � 
성취도  하단  성취비율  합계
2� 
최종점수 
�  �
�
�
반영  과목  환산성취비율
��  /  2
3� 
최종점수가 
100
점  이상인  경우  모두 
100
점으로  처리",,,,,,
21,요소,구분명,과목구분,과목,단위수,석차등급,성취도,,,
21,"학생부
교과","석차등급
계산",공통,과목A,3,1,,,,
21,,,,과목B,5,2,,,,
21,,,일반선택,과목C,2,3,,,,
21,,"성취도  및 
성취비율
계산",진로선택,과목D,�,���0��  ��30��  ��30��,�,,,
21,,,,과목E,3,��20��  ��35��  ���5��,�,,,
21,,,,과목F,2,��30��  ���0��  ��30��,�,,,
21,"�
등급계산
�
1� 
등급평균 
�  �1�3�2�5�3�2�  /  �3�5�2� 
�  1�9
2� 
최종점수 
�  �10 1�9�  �  100  �  �10",,,,,"�
비율계산
�
1� 
과목별  환산성취비율
    � 
과목
�:  ��0/2�  �  �30�30�  �  �0
    � 
과목
�:  �35/2�  �  ��5�  �  �2�5
    � 
과목
�:  �30/2�  �  15
2� 
최종점수 
�  ��0��2�5�15�  /  2  �  ����5",,,,
21,구분,내용,,,,,,,,
21,반영과목  및  반영과목군,"� 
반영과목 전  과목
� 
반영과목군 석차등급
�1�9
등급 부여  과목 성취도
��,  �,  �� 
및  성취비율  부여  과목",,,,,,,,
21,"학생부교과
산출방법","� 
최고점 
1,000
점 
/ 
최저점 
100
점
구분
등급
계산
비율
계산
※ 
전  학년  통합  반영 가중치  없음
�3
학년  학기까지  반영함
�
※ 
반올림하여  소수점  둘째  자리까지  계산
    �
단 등급계산의  등급평균  계산  시  반올림하여  소수점  넷째  자리까지  계산
�
� 
산출  예시
요소
�
등급계산
�
1� 
등급평균 
�  �1�3�2�5�3�2�  /  �3�5�2� 
�  1�9
2� 
최종점수 
�  �10 1�9�  �  100  �  �10
�
최종  반영점수
�  �  �10  �  ����5  �  �����5",,,,,,,,
21,,,,,배점,산출식,,,,
21,,,,"석차등급
�9
등급
�",900,"1� 
등급평균 
� 
�
�
반영  과목  등급 
� 
단위수
�/
�
�
반영  과목  단위수
�
2� 
최종점수 
�  �  10  � 
등급평균 
�  �  100",,,,
21,,,,"성취도  및
성취비율",100,"1� 
환산성취비율 
� 
취득  성취비율
/2  � 
성취도  하단  성취비율  합계
2� 
최종점수 
�  �
�
�
반영  과목  환산성취비율
��  /  2
3� 
최종점수가 
100
점  이상인  경우  모두 
100
점으로  처리",,,,
21,,,,,,,,,,
21,,,,구분명,과목구분,,과목,단위수,석차등급,성취도
21,,,"학생부
교과","석차등급
계산",공통,,과목A,3,1,
21,,,,,,,과목B,5,2,
21,,,,,일반선택,,과목C,2,3,
21,,,,"성취도  및 
성취비율
계산",진로선택,,과목D,�,���0��  ��30��  ��30��,�
21,,,,,,,과목E,3,��20��  ��35��  ���5��,�
21,,,,,,,과목F,2,��30��  ���0��  ��30��,�
21,,,,,,,,,"�
비율계산
�
1� 
과목별  환산성취비율
    � 
과목
�:  ��0/2�  �  �30�30�  �  �0
    � 
과목
�:  �35/2�  �  ��5�  �  �2�5
    � 
과목
�:  �30/2�  �  15
2� 
최종점수 
�  ��0��2�5�15�  /  2  �  ����5",
21,,,,,,,,,,
22,모집단위,"모집�� ��
�",,,,,,,,
22,국어국문학과,10,,,,,,,,
22,사학과,10,,,,,,,,
22,철학과,10,,,,,,,,
22,종교학과,8,,,,,,,,
22,영문학부,27,,,,,,,,
22,유럽문화학과,18,,,,,,,,
22,중국문화학과,13,,,,,,,,
22,인문학기반자유전공학부,10,,,,,,,,
22,사회학과,11,,,,,,,,
22,정치외교학과,11,,,,,,,,
22,심리학과,11,,,,,,,,
22,경제학과,50,,,,,,,,
22,경영학부,80,,,,,,,,
22,글로벌한국학부,8,,,,,,,,
22,게페르트국제학부,5,,,,,,,,
22,모집단위,"모집�� ��
�",,,,,,,,
22,신문방송학과,18,,,,,,,,
22,미디어 엔터테인먼트학과,14,,,,,,,,
22,아트 테크놀로지학과,14,,,,,,,,
22,수학과,16,,,,,,,,
22,물리학과,15,,,,,,,,
22,화학과,20,,,,,,,,
22,생명과학과,20,,,,,,,,
22,"SCIENCE
기반자유전공학부",5,,,,,,,,
22,전자공학과,24,,,,,,,,
22,화공생명공학과,31,,,,,,,,
22,기계공학과,25,,,,,,,,
22,반도체공학과,14,,,,,,,,
22,시스템반도체공학과,14,,,,,,,,
22,컴퓨터공학과,31,,,,,,,,
22,인공지능학과,12,,,,,,,,
22,"AI
기반자유전공학부",10,,,,,,,,
23,구분,제출여부,제출서류,,,,,,,
23,"국내고  졸업 예정 자  중  학생부 
온라인  제공  미동의자  및  불가자",필수,졸업 예정 증명서,,,,,,,
23,"국외고  및  국내학력인정 
외국교육기관  졸업 예정 자",,졸업 예정 증명서,,,,,,,
23,"검정고시  합격자  중  검정고시  증명서 
온라인  제공  미동의자  및  불가자",,검정고시  합격증명서,,,,,,,
23,구분,,제출여부,연번,제출서류,,,,,
23,"국내고
졸업 예정 자","학생부  온라인  제공 
미동의자  및  불가자",필수,1,"학교생활기록부 대입전형용
�
 
※ 
2�.  �.  1.�
월 이후  발급본  제출",,,,,
23,,국외고  재학  사실이  있는  자,선택,2,국외고  성적증명서  및  학교발급서류1�,,,,,
23,"국외고  및 
국내학력인정 
외국교육기관 
졸업 예정 자",대상자  전원,필수,1,"국외고  성적증명서  및  학교발급서류1�  또는  재외한국학교  학생부
 
※ 
재외한국학교  학생부는 
2�.  �.  1.�
월 이후  발급본  제출",,,,,
23,,"국내고  재학  사실이  있는  자
�
국내고  재학  시점  무관
�",,2,"국내고  학교생활기록부 대입전형용
�
 
※ 
2�.  �.  1.�
월 이후  발급본  제출",,,,,
23,"검정고시 
합격자","검정고시  증명서  온라인  제공 
미동의자  및  불가자",필수,1,검정고시  성적증명서,,,,,
23,,"국내고  재학  사실이  있는  자
�
국내고  재학  시점  무관
�",,2,"국내고  학교생활기록부 대입전형용
�
 
※ 
2�.  �.  1.�
월 이후  발급본  제출",,,,,
23,,국외고  재학  사실이  있는  자,선택,3,국외고  성적증명서  및  학교발급서류1�,,,,,
24,구분,제출여부,제출서류,,,,,,,
24,"국내고  졸업 예정 자  중 
국외고  재학  사실이  있는  자",선택,"학생부  대체증빙
 
※ 
학생부  대체서식  작성  및  증빙제출  관련  유의사항
���������",,,,,,,
24,"국외고  및  국내학력인정 
외국교육기관  졸업 예정 자",,,,,,,,,
24,검정고시  합격자,,,,,,,,,
25,모집단위,"모집인원 ��
�",,,,,,,,
25,인문학부,7,,,,,,,,
25,영문학부,5,,,,,,,,
25,유럽문화학과,4,,,,,,,,
25,중국문화학과,3,,,,,,,,
25,사회과학부,5,,,,,,,,
25,경제학과,8,,,,,,,,
25,경영학부,14,,,,,,,,
25,지식융합미디어학부,6,,,,,,,,
25,모집단위,"모집인원 ��
�",,,,,,,,
25,수학과,3,,,,,,,,
25,물리학과,3,,,,,,,,
25,화학과,4,,,,,,,,
25,생명과학과,4,,,,,,,,
25,전자공학과,5,,,,,,,,
25,화공생명공학과,5,,,,,,,,
25,기계공학과,4,,,,,,,,
25,컴퓨터공학과,5,,,,,,,,
25,구분,세부  지원자격,,,,,,,,
25,"국가보훈
대상자","�
국가보훈  기본법 제 조제 호에  따른  국가보훈대상자 로서  국가보훈관계  법령에  따른  교육지원  대상자
※
보훈 지 청장이  발급하는  대학입학특별전형대상자증명서 를  제출한  자",,,,,,,,
25,"농어촌
학생","�
고등교육법  시행령 제
29
조제 항제
14
호 가 목에  해당하는  농어촌지역  소재  고등학교  졸업 예정 자로서  아래  자격  기준  중 
하나에  해당하며  출신  고등학교장으로부터  실  거주를  확인받은  자
①  중 고교 
�
년  전  과정  이수자
�:  중학교  입학일부터  고등학교  졸업일까지 농어촌지역  소재  중 고등학교에  입학하여  전 
교육과정을  이수하고  해당  기간  동안  지원자와  부모  모두  농어촌지역에  거주한  자
②  초 중 고교 
��
년  전  과정  이수자
��  초등학교  입학일부터  고등학교  졸업일까지 농어촌지역  소재  초 중 고등학교에  입학
하여  전  교육과정을  이수하고  해당  기간  동안  농어촌지역에  거주한  자
※ 
농어촌지역: 
�
지방자치법 제 조에  따른  읍 면  이하  지역  및  도서 벽지  교육진흥법 제 조에  따른  도서
·
벽지지역
※  지원자격은  연속된  연수만을  인정하며 학업  중단  후  재입학  할  경우에도  거주기간은  중간  단절  없이 
연속되어야  함
※ 
학생과  부모의  거주는  각각의  주민등록상  거주기록과  일치해야  함
※ 
특수목적고등학교  및  영재학교  재학  사실이  있는  자는  지원  불가함
※  고등학교 초등학교 중학교 재학  중  행정구역  개편  등으로  읍 면에서  동으로  변경  또는  도서 벽지  지역이 
해제되는 
경우에는  해당  고등학교 초등학교 중학교 재학  기간  동안만  해당  지역을  농어촌지역으로  인정함
※ 
부  또는  모의  사망 이혼  등의  사유가  발생한  경우 지원자격심의에  따라  결정함",,,,,,,,
25,"기초생활
보장대상자","원서접수  마감일  기준 아래의  자격기준  중  하나에  해당하는  자
① 
�
기초생활수급 권 자
��
 
�
국민기초생활  보장법 제 조제 호에  따른  수급권자 제 호에  따른  수급자
② 
�
차상위계층
��
 
�
국민기초생활  보장법 제 조제
10
호에  따른  차상위계층
③ 
�
한부모가족  지원대상자
��
 
�
한부모가족지원법 제 조  및  제 조의 에  따른  지원대상자",,,,,,,,
25,"장애인
대상자","아래의  자격기준  중  하나에  해당하는  자
① 
�
중증장애인
��
 
�
장애인복지법 제
32
조에  의하여  장애인 중증 등록이  되어있는  자
② 
�
상이등급자 중증
���
 
�
국가유공자  등  예우  및  지원에  관한  법률
�
, 
�
특수임무유공자  예우  및  단체설립에  관한  법률
�
, 
�
보
훈보상대상자  지원에  관한  법률 등에  의한  상이등급자  중에서  장애인복지법 제
32
조에  의한  중증장애  정도에  상응
하는  자",,,,,,,,
27,구분,제출여부,제출서류,,,,,,,
27,"국내고  졸업 예정 자  중  학생부 
온라인  제공  미동의자  및  불가자",필수,졸업 예정 증명서,,,,,,,
27,"국외고  및  국내학력인정 
외국교육기관  졸업 예정 자",,졸업 예정 증명서,,,,,,,
27,"검정고시  합격자  중  검정고시  증명서 
온라인  제공  미동의자  및  불가자",,검정고시  합격증명서,,,,,,,
27,구분,,제출여부,연번,제출서류,,,,,
27,"국내고
졸업 예정 자","학생부  온라인  제공 
미동의자  및  불가자",필수,1,"학교생활기록부 대입전형용
� 
 
※ 
2�.  �.  1.�
월 이후  발급본  제출",,,,,
27,,국외고  재학  사실이  있는  자,선택,2,국외고  성적증명서  및  학교발급서류1�,,,,,
27,"국외고  및 
국내학력인정 
외국교육기관 
졸업 예정 자",대상자  전원,필수,1,"국외고  성적증명서  및  학교발급서류1�  또는  재외한국학교  학생부
 
※ 
재외한국학교  학생부는 
2�.  �.  1.�
월 이후  발급본  제출",,,,,
27,,"국내고  재학  사실이  있는  자
�
국내고  재학  시점  무관
�",,2,"국내고  학교생활기록부 대입전형용
�
 
※ 
2�.  �.  1.�
월 이후  발급본  제출",,,,,
27,"검정고시 
합격자","검정고시  증명서  온라인  제공 
미동의자  및  불가자",필수,1,검정고시  성적증명서,,,,,
27,,"국내고  재학  사실이  있는  자
�
국내고  재학  시점  무관
�",,2,"국내고  학교생활기록부 대입전형용
�
 
※ 
2�.  �.  1.�
월 이후  발급본  제출",,,,,
27,,국외고  재학  사실이  있는  자,선택,3,국외고  성적증명서  및  학교발급서류1�,,,,,
27,북한이탈주민,북한  고교  졸업자,필수,,학력인정증명서,,,,,
28,구분,제출여부,제출서류,,,,,,,
28,"국내고  졸업 예정 자  중 
국외고  재학  사실이  있는  자",선택,"학생부  대체증빙
 
※ 
학생부  대체서식  작성  및  증빙제출  관련  유의사항
��.43�4��",,,,,,,
28,"국외고  및  국내학력인정 
외국교육기관  졸업 예정 자",,,,,,,,,
28,검정고시  합격자,,,,,,,,,
28,구분,,제출서류,,비고,,,,,
28,국가보훈대상자,,"대학입학특별전형대상자증명서 지원자  기준
�",,보훈번호와  대상구분  기재,,,,,
28,"농어촌 
 
학생","중 고교  년 
 
 
 
 
 
전  과정  이수자","1
2
3
4
 
 
 
 
5","�
서식 농어촌학생  재학  및  거주사실  확인서
��.47�
가족관계증명서 상세 
� 
지원자  기준
�
주민등록표초본 지원자 부 모  기준 각  부
중학교  학교생활기록부
학생부  온라인  제공  미동의자  또는  불가자
고등학교  학교생활기록부
부모  이혼  시
해당자 
 
① 
기본증명서 상세 
� 
지원자  기준
�
필수
 
② 
혼인관계증명서 상세
�
부모  사망  시 사망한  부  또는  모  기준
�
 
① 
200�
년  이후  사망 기본증명서 상세
�   
 
② 
2007
년  이전  사망 제적등본","� 추
학교장  직인  날인  후  제출
주소변동내역  포함
학교장  직인  필수
블라인드  처리하지  않은  원본  제출
학교장  직인  필수
이혼  전  부모의  주소지와  이혼  후  지원
자의  친권  또는  양육권이  있는  부  또는 
모의  주민등록상  주소지가  농어촌지역
이어야  함
양육권자임을  확인할  수  있는  서류를 
가  ��할  수  있��",,,,,
28,,"초 중 고교 
12
년 
전  과정  이수자","1
2
3
4
5","�
서식 농어촌학생  재학  및  거주사실  확인서
��.47�
주민등록표초본 지원자  기준
�
초등학교  학교생활기록부
중학교  학교생활기록부
해당자 
학생부  온라인  제공  미동의자  또는  불가자
필수
고등학교  학교생활기록부","학교장  직인  날인  후  제출
주소변동내역  포함
학교장  직인  필수
학교장  직인  필수
블라인드  처리하지  않은  원본  제출
학교장  직인  필수",,,,,
29,구분,,제출서류,,비고,,,,,
29,"기초생활
보장
대상자",기초생활수급 � 자,"수급자  증명서 지원자  기준
�",,,,,,,
29,,차상위계층,택  1,"자활근로자  확인서 지원자  기준
�
장애 아동 수당  대상자  확인서 지원자  기준
�
장애인연금  대상자  확인서 지원자  기준
�
차상위  본인부담경감대상자  증명서 지원자  기준
�
차상위계층  확인서 지원자  기준
�","해당  서류  한  종류만  제출
복지로����.�������.��.�� 또는
행정주민센터에서  발급
차상위  본인부담경감대상자  증명서는 
국민건강보험공단에서  발급
����.����.��.���",,,,,
29,,한부모가족  지원대상자,"한부모가족  증명서 지원자  기준
�",,,,,,,
29,"장애인
대상자",중증장애인,"장애인증명서 지원자  기준
�",,,,,,,
29,,상이등급자,"국가유공자확인서 상이등급  기재
�",,국가보훈부  관할  지청장  발행,,,,,
29,"자립지원 
대상자",가정위탁보호  중인  자,가정위탁보호확인서,,,,,,,
29,,"아동복지시설에서
보호  중인  자","1
아동복지시설  신고증
2
아동양육시설  등  보호사실확인서",,"신고증  사본  원본대조필  필수
기관에서  발급 기관  직인  필수
�",,,,,
29,,"보호조치  종료  또는  해당 
시설에서  퇴소한  지 
5
년이  지나지  않은  자",보호종료확인서,,"20.  9.  30. 
이전  보호종료  대상자는 
아동복지시설 가정위탁지원센터에서 
 
발급 기관  직인  필수
�",,,,,
29,,"18
세에  달하기  전 
보호조치  종료  또는  해당 
시설에서  퇴소한  자","보호종료확인서
조기  보호  종료  사유  증빙",,"20.  9.  30. 
이전  보호종료  대상자는 
아동복지시설 가정위탁지원센터에서 
 
발급 기관  직인  필수
�",,,,,
29,"북한이탈
주민  등",북한이탈주민,"북한이탈주민  등록  확인서 지원자  기준
�",,,,,,,
29,,"제 국  출생 
북한이탈주민  자녀","1
2
3","신원  사실관계  확인서
�
북한이탈주민인  부  또는  모  기준
�
가족관계증명서 상세 
� 
지원자  기준
�
기본증명서 상세 
� 
지원자  기준
�","발급이  어려울  시  입학처  확인  요망
지원자  출생지를  확인할  수  있어야  함",,,,,
30,모집단위,"모집�원 ��
�",,,,,,,,
30,인문학부,3,,,,,,,,
30,영문학부,3,,,,,,,,
30,사회과학부,3,,,,,,,,
30,경제학과,3,,,,,,,,
30,경영학부,5,,,,,,,,
30,지식융합미디어학부,3,,,,,,,,
30,모집단위,"모집�원 ��
�",,,,,,,,
30,수학과,2,,,,,,,,
30,물리학과,2,,,,,,,,
30,화학과,2,,,,,,,,
30,생명과학과,2,,,,,,,,
30,전자공학과,2,,,,,,,,
30,화공생명공학과,2,,,,,,,,
30,기계공학과,2,,,,,,,,
30,컴퓨터공학과,2,,,,,,,,
30,구분,세부  지원자격,,,,,,,,
30,다문화가족  자녀,"�
다문화가족지원법 제 조에  따른  다문화가족의  자녀로서  대한민국  국적자",,,,,,,,
30,군인  자녀,"15
년  이상  직업군인으로  복무  중인  자의  자녀",,,,,,,,
30,소방 경찰공무원  자녀,"15
년  이상  소방 경찰공무원으로  근무  중인  자의  자녀
※ 
소방공무원과  경찰공무원  간  재직기간  합산  불가",,,,,,,,
30,가톨릭지도자추천자,"가톨릭교회의  사제
, 
현직  수도회  장상 총원장
, 
관구장
, 
지부장
� 
및  가톨릭계  고등학교장
, 
     
가톨릭계  고등학교  교사인  수도자 수녀 수사
�, 
한국예수회  소속  수도자의  추천을  받은  자
※ 
지원자의  종교는  무관하며 추천인  명당  명의  지원자만  추천  가능함
※  한국천�교�소�����p�:�����������.����.��.����에서  �인  가능한  경우  추천  가능함",,,,,,,,
31,구분,제출여부,제출서류,,,,,,,
31,"국내고  졸업 예정 자  중  학생부 
온라인  제공  미동의자  및  불가자",필수,졸업 예정 증명서,,,,,,,
31,"국외고  및  국내학력인정 
외국교육기관  졸업 예정 자",,졸업 예정 증명서,,,,,,,
31,"검정고시  합격자  중  검정고시  증명서 
온라인  제공  미동의자  및  불가자",,검정고시  합격증명서,,,,,,,
31,구분,,제출여부,연번,제출서류,,,,,
31,"국내고
졸업 예정 자","학생부  온라인  제공 
미동의자  및  불가자",필수,1,"학교생활기록부 대입전형용
�
 
※ 
25.  �.  1.�
월 이후  발급본  제출",,,,,
31,,국외고  재학  사실이  있는  자,선택,2,국외고  성적증명서  및  학교발급서류1�,,,,,
31,"국외고  및 
국내학력인정 
외국교육기관 
졸업 예정 자",대상자  전원,필수,1,"국외고  성적증명서  및  학교발급서류1�  또는  재외한국학교  학생부
 
※ 
재외한국학교  학생부는 
25.  �.  1.�
월 이후  발급본  제출",,,,,
31,,"국내고  재학  사실이  있는  자
�
국내고  재학  시점  무관
�",,2,"국내고  학교생활기록부 대입전형용
�
 
※ 
25.  �.  1.�
월 이후  발급본  제출",,,,,
31,"검정고시 
합격자","검정고시  증명서  온라인  제공 
미동의자  및  불가자",필수,1,검정고시  성적증명서,,,,,
31,,"국내고  재학  사실이  있는  자
�
국내고  재학  시점  무관
�",,2,"국내고  학교생활기록부 대입전형용
�
 
※ 
25.  �.  1.�
월 이후  발급본  제출",,,,,
31,,국외고  재학  사실이  있는  자,선택,3,국외고  성적증명서  및  학교발급서류1�,,,,,
32,구분,제출여부,제출서류,,,,,,,
32,"국내고  졸업 예정 자  중 
국외고  재학  사실이  있는  자",선택,"학생부  대체증빙
 
※ 
학생부  대체서식  작성  및  증빙제출  관련  유의사항
��.43�46�",,,,,,,
32,"국외고  및  국내학력인정 
외국교육기관  졸업 예정 자",,,,,,,,,
32,검정고시  합격자,,,,,,,,,
32,구분,제출서류,,비고,,,,,,
32,다문화가족  자녀,"1
2
3
4","가족관계증명서 상세 
� 
지원자  기준
�
혼인관계증명서 상세 
� 
부  또는  모  기준
�
기본증명서 상세 
� 
지원자
�
한국국적인  부  또는  모
기본증명서 상세 
� 
부 모  기준 각  부
외국국적인  부  또는  모
외국국적증명서 외국인등록사실증명서 외국신분증
, 
여�사본  등�","기본증명서  상에서  국적 귀화사실  등이 
확인되지  않는  경우  국적취득사실증명서, 
제적등본  등을  추가로  제출할  수  있음",,,,,,
32,군인  자녀,"1
2","재직증명서 부  또는  모  기준
�
가족관계증명서 지원자  기준
�","원서접수  마감일  기준 
15
년  재직기간 
�
최초  입사  연월일  및  총  재직기간 을 
확인할  수  있어야  함",,,,,,
32,소방 경찰공무원  자녀,"1
2","재직증명서 부  또는  모  기준
�
가족관계증명서 지원자  기준
�","원서접수  마감일  기준 
15
년  재직기간 
�
최초  입사  연월일  및  총  재직기간 을 
확인할  수  있어야  함",,,,,,
32,가톨릭지도자추천자,"�
서식 가톨릭지도자  추천인  확인서
��.4��5��",,추천인이  직접  작성하여  메일  제출,,,,,,
33,모집단위,"모집�원 ��
�",,,,,,,,
33,전자공학과,3,,,,,,,,
33,화공생명공학과,,,,,,,,,
33,기계공학과,,,,,,,,,
33,반도체공학과,,,,,,,,,
33,컴퓨터공학과,,,,,,,,,
33,인공지능학과,,,,,,,,,
33,모집단위,"모집�원 ��
�",,,,,,,,
33,경제학과,3,,,,,,,,
33,경영학부,,,,,,,,,
33,지식융합미디어학부,,,,,,,,,
33,단계,선발배수,전형요소  및  반영비율,,,,,,,
33,단계1,모집인원의  배수5,서류평가  ����,,,,,,,
33,단계2,�,"�
단계  성적 
8��  � 
면접 
2��",,,,,,,
34,구분,내용,,,,,,,,
34,면접유형,제출된  평가서류  기반의  대면  일반면접,,,,,,,,
34,면접방법,"개별  면접 수험생  명당  분  내외로  면접평가위원  명이  평가
블라인드  면접
  � 
제출서류상  수험생을  유추할  수  있는  인적사항  및  학적사항과  관련된  정보를  블라인드  처리함
  � 
면접평가  시  수험생에게  수험번호를  대체하는  가번호를  부여함
  � 
면접  중  인적사항  및  학적사항 부모 친인척  포함 의  실명  및  사회적ㆍ경제적  지위 직종명 직업명
, 
직장명 직위명  등 암시  내용  등과  관련된  정보를  언급하지  않도록  유의해야  함
      ※ 
면접  중  이와  관련된  사항을  언급하는  경우  불이익이  있을  수  있음
  � 
재학  중인  고교를  유추할  수  있는  복장 교복  등 착용을  금지함
유의사항
  � 
대리응시 허위사실 기타  부정한  사실  등이  적발될  경우  불합격  처리함
  � 
면접평가에  응시하지  않을  경우  불합격  처리함",,,,,,,,
34,평가방법,제출서류를  기반으로  한  질문을  통하여  학업역량 공동체역량 성장가능성을  종합적으로  평가,,,,,,,,
34,구분,제출여부,연번,제출서류,,,,,,
34,"학생부  온라인  제공 
특성화고
미동의자  및  불가자
졸업 예정 자
국외고  재학  사실이  있는  자","필수
선택","1
2","학교생활기록부 대입전형용
�
 
※ 
2�.  �.  1.�
월 이후  발급본  제출
국외고  성적증명서  및  학교발급서류1�",,,,,,
34,,,,,,,,,,
35,구분,제출서류,비고,,,,,,,
35,특성화고교졸업자,"1
�
서식 특성화고교졸업자  동일계열확인서
��.���
해당자 
학생부  온라인  제공  미동의자  또는  불가자
2
필수
고등학교  학교생활기록부","학교장  직인  날인  후  제출
블라인드  처리하지  않은  원본  제출
학교장  직인  필수",,,,,,,
36,모집단위,"모집�원 ��
�",,,,,,,,
36,인문학부,16,,,,,,,,
36,영문학부,10,,,,,,,,
36,사회과학부,14,,,,,,,,
36,경제학과,21,,,,,,,,
36,경영학부,37,,,,,,,,
36,지식융합미디어학부,10,,,,,,,,
36,모집단위,"모집�원 ��
�",,,,,,,,
36,수학과,6,,,,,,,,
36,물리학과,6,,,,,,,,
36,전자공학과,12,,,,,,,,
36,화공생명공학과,12,,,,,,,,
36,기계공학과,10,,,,,,,,
36,컴퓨터공학과,12,,,,,,,,
36,인공지능학과,3,,,,,,,,
36,시스템반도체공학과,3,,,,,,,,
37,일정,"입실
완료시간","시험시간
�1��
분
�",모집단위,출제분야,반영비율,,작성분량,,
37,,,,,,,문제1 문제2,,,
37,"11�15��
토
�",15:30,1�:00�1�:�0,"수학과 물리학과
, 
기계공학과 컴퓨터공학과","�
수리형
�
수리  관련 
제시문과  논제",���,���,"분량제한  없음
�
문제당  쪽  이내
�",,
37,,18:30,1�:00��0:�0,"전자공학과 화공생명공학과
, 
인공지능학과 시스템반도체공학과",,,,,,
37,"11�1���
일
�",15:30,1�:00�1�:�0,"인문학부 영문학부 사회과학부
, 
지식융합미디어학부","/ 제
�
통합교과형
�
인문 사회과학  관련 
시문과  논제",���,���,"문제당
 
����1,���
자",,
37,,18:30,1�:00��0:�0,경제학과 경영학부,,,,,,
37,교과영역,"교과 ��
�",공통과목,선택과목,,,,,,
37,기초,국어,국어,화법과  작문 독서 언어와  매체 문학,,,,,,
37,,수학,수학,"수학
Ⅰ
, 
수학
Ⅱ
, 
미적분 확률과  통계 기하",,,,,,
37,탐구,"사회
�
역사 도덕  포함
�",통합사회,"한국지리 세계지리 세계사 동아시아사
, 
경제 정치와법 사회 문화 생활과윤리 윤리와사상",,,,,,
37,구분,제출여부,제출서류,,,,,,,
37,"국외고  및  국내학력인정 
외국교육기관  졸업 예정 자",필수,졸업 예정 증명서,,,,,,,
37,"검정고시  합격자  중  검정고시  증명서
온라인  제공  미동의자  및  불가자",,검정고시  합격증명서,,,,,,,
38,구분,,제출여부,제출서류,,,,,,
38,"국내고
학생부  온라인  제공 
졸업 예정 자
미동의자  및  불가자",,필수,"학교생활기록부 대입전형용
�
 
※ 
2��  ��  ���
월 이후  발급본  제출",,,,,,
38,재외한국학교  졸업 예정 자,,,"재외한국학교  학생부
 
※ 
2��  ��  ���
월 이후  발급본  제출",,,,,,
38,"국외고  및 
국내학력인정 
외국교육기관 
졸업 예정 자","국내고  재학  사실이  있는  자
�
국내고  재학  시점  무관
�",,"국내고  학교생활기록부 대입전형용
�
 
※ 
2��  ��  ���
월 이후  발급본  제출",,,,,,
38,"검정고시 
합격자","국내고  재학  사실이  있는  자
�
국내고  재학  시점  무관
�",,"국내고  학교생활기록부 대입전형용
�
 
※ 
2��  ��  ���
월 이후  발급본  제출",,,,,,
40,구분,,,내용,,,,,,
40,종합역량평가,,,학업역량 공동체역량 성장가능성을  종합하여  평가,,,,,,
40,"심층
역량
평가","학업 
 
역량
���",평가방향,학업을  충실히  수행할  수  있는  지적  능력과  수학  능력,,,,,,
40,,,"세부 
평가항목",학업성취도,탐구능력,융합능력,창의적  문제해결력,,,
40,,,,"고교  교육과정에서 
이수한  교과의 
성취수준이나  학업 
발전의  정도","사물과  현상에  대해  지적 
호기심을  가지고 
깊고  폭넓게  탐구할  수 
있는  능력","다양한  시각과  폭넓은 
수용성을  가지고 
융합적으로  문제를 
해결할  수  있는  능력","창의적이고 
논리적인  사고로 
문제를  해결하는  능력",,,
40,,,학생부  평가영역,"교과학습발달상황 세부능력  및  특기사항 창의적  체험활동상황
, 
행동특성  및  종합의견을  중심으로  학생부  각  영역을  종합적으로  평가",,,,,,
40,,"공동체 
역량
2��",평가방향,공동체의  일원으로서  필요한  바람직한  사고와  행동,,,,,,
40,,,"세부 
평가항목",리더십,소통과  협업능력,규칙준수,나눔과  배려,,,
40,,,,"공동체의  목표  달성을 
위해  구성원의  화합과 
단결을  이끌어가는  역량","합리적인  의사소통을 
할  수  있는  능력과 
공동체  목표  달성을  위해 
협력할  수  있는  역량","자신이  속한  공동체의 
기본  윤리와  원칙을 
준수하는  태도","타인을  위하여  기꺼이 
나누어주고자  하는  태도, 
상대방을  존중하고 
이해하는  태도",,,
40,,,학생부  평가영역,"출결상황 창의적  체험활동상황 봉사활동실적 행동특성  및  종합의견  등을  중심으로 
학생부  각  영역을  종합적으로  평가",,,,,,
40,,"성장 
가능성
���",평가방향,바람직하고  긍정적인  성향을  지속적으로  실천하여  더  발전할  가능성,,,,,,
40,,,"세부 
평가항목",자기주도성,교과이수  과정과  성취도,경험에  대한  개방성,목표에  대한  지속성,,,
40,,,,"스스로  목표를  설정하고 
적절한  전략을  선택하여 
계획을  수립하고 
실행하는  태도","고교  내  개설과목에  대한 
선택  과정  및  교과이수 
과정에서  얻은  결과","학교교육의  다양한 
영역에  열린  마음으로 
참여하고  활동하면서 
얻은  성장  과정","스스로  설정한  목표를 
꾸준하게  지속하려는 
태도",,,
40,,,학생부  평가영역,"교과학습발달상황 세부능력  및  특기사항 창의적  체험활동상황
, 
행동특성  및  종합의견을  중심으로  학생부  각  영역을  종합적으로  평가",,,,,,
41,"대입전형계획안내
연간  회피 배제  운영
오프라인  회피","전형  전
전형  중
전형  중 후·",,,,,,,,
41,,"월3
월4
월5
월6
월7
월8
월9
월10
월11
월12
월1
월2",,,,,,,,
41,"�
교육 서약서 유선 이메일  등
�
대입전형계획안내",,,,,,,,,
41,,,,,,,,,,
41,,,,,,,,,,
41,"온라인  회피  신고  시스템
오프라인  회피
�
교육 서약서 유선 이메일  등
�
시스템검증 ���
�",전형  기간  중  상시  운영,,,,,,,,
41,,,,,,,,,,
41,,,입학사정관  및  전형  별  전형위원 출제 평가 감독  등 위촉  시,,,,,,,
41,"온라인  회피  신고  시스템
재검증",,,,,,,,,
41,,,전형  기간  중  상시  운영,,,,,,,
41,,,선정된  입학사정관  및  전형위원  대상,,,,,,,
41,"시스템검증 ���
�
사후검증",,"입학사정관  및  전형  별  전형위원 출제 평가 감독  등 위촉  시
전형  종료  후 최종합격자  대상",,,,,,,
41,재검증,,선정된  입학사정관  및  전형위원  대상,,,,,,,
41,"사후검증
나 대필  및  허위작성",,전형  종료  후 최종합격자  대상,,,,,,,
42,구분,처리수준,예시,,,,,,,
42,결격  수준,"과락
�0
점  처리
�","� 
공인어학성적
영어
�T�EIC,  T�EF�,  TEPS�, 
중국어
��S��, 
일본어
��PT,  ��PT�, 
프랑스어
��E�F, 
�A�F�, 
독일어
���,  TEST�AF,  �S�,  �S��, 
러시아어
�T��F��, 
스페인어
��E�E�, 
상공회의소한자시험 한자능력검정 실용한자 한자급수자격검정
,  YBM 
상무한검
, 
한자급수인증시험 한자자격검정  등
� 
수학 과학 외국어  교과에  대한  교외  수상  실적
수학
과학
외국어
※ 
위에서  열거된  항목  외에도, 
대회  명칭에  수학 과학 물리 화학 생물 지구과학 천문
�·
외국어 영어  등 교과명이  명시
된  학교  외  각종  대회 경시대회 올림피아드  등 수상실
적을  제출한  경우  과락
�0
점  처리
�
※ 
�
교외  수상실적 이란  학교  외  기관이  개최한  대회  수상실적을  의미하며
, 
학교장의  참가 
허락을  받은  교외  수상실적이라도  작성  시  과락
�0
점  처리
�
� 
SAT,  ACT 
성적  등  고교  교육과정과  연계되지  않은  학력시험성적  일체
� 
학교소개서
,  School  Profile 
등
�IB,  AP,  �CEA 
등 를  제출한  경우
�  학생부  대체서류에  최종  학력시험  성적  서류","한국수학올림피아드
��M��, 
한국수학인증시험
��MC�, 
온라인  창의수학  경시대회
, 
도시대항  국제  수학토너먼트 국제수학올림피아드
�IM�� 
등
한국물리올림피아드
��P���, 
한국화학올림피아드
��C���, 
한국생물올림피아드
��B��, 
한국천문올림피아드
��A��, 
한국지구과학올림피아드
��ES��,  한국�과
학올림피아드 전국정보과학올림피아드 국제물리올림피아드 국제지구과학올림
피아드 국제생물올림피아드 국제천문올림피아드 한국중등과학올림피아드  등
전국  초중고  외국어 영어 중국어 일본어 프랑스어 독일어 러시아어 스페인어
� 
경시대회
,  IET 
국제영어대회
,  IEWC 
국제영어글쓰기대회
, 글로벌  리더십  영어  경연
대회
,  SIFEC 
전국영어말하기대회 국제영어논술대회  등",,,,,,
42,,,,,,,,,,
42,,,,,,,,,,
42,,,,,,,,,,
42,,,,,,,,,,
42,중대한  수준,"30��300
점 감점","�  지�자  블라인드  처리  항목에  ��하는  �용이  기재된  경우로서  중대한  수준의  위�으로 
판단되는  경우",,,,,,,
42,경미한  수준,"����0
점 감점","�  지�자  블라인드  처리  항목에  ��하는  �용이  기재된  경우로서  경미한  수준의  위�으로 
판단되는  경우",,,,,,,
42,구분,처리수준,비고,,,,,,,
42,호1,"100
점  감점",최종  선발총점을  기준으로  감점  또는  점  처리함,,,,,,,
42,"�
호
��
호","과락
�0
점  처리
�",,,,,,,,
48,"성 
  명",,,,수험번호,,,,,
48,전형명,,,,모집단위,,,,,
48,학력정보,"� 
검정고시  합격자",,합격��,,합격일,"년 
    월 
    일",,,
48,,"� 
국외고등학교  졸업 예정 자
� 
국외고등학교  재학  사실이 
있는  자
� 
국내학력인정  외국교육기관 
졸업 예정 자",1.,학교명,,소재국가,,,,
48,,,,"학업 
시작일","년   
  월   
  일","전출일
졸업일","년 
    월 
    일",,,
48,,,2.,학교명,,소재국가,,,,
48,,,,"학업 
시작일","년   
  월   
  일","전출일
졸업일","년 
    월 
    일",,,
48,,,3.,학교명,,소재국가,,,,
48,,,,"학업 
시작일","년   
  월   
  일","전출일
졸업일","년 
    월 
    일",,,
48,연번,"활동명
�
글자수 
���
자
�","활동
학년","활동기간
� 
 
년 
  월 
  일 
� 
 
년 
  월 
  일
�",활동 발행 기관,,,,,
48,1,,,,,,,,,
48,2,,,,,,,,,
48,3,,,,,,,,,
48,4,,,,,,,,,
48,5,,,,,,,,,
49,수험번호,,모집단위,,,,,,,
49,"성 
 
  명",,휴대전화,,,,,,,
49,졸업 예정 고등학교,,졸업 예정 연도,,,,,,,
49,고등학교  주소,,고등학교  전화번호,,,,,,,
49,학교명,"재학  연수
예
�  6
년",재학기간,학교  소재지,,,,,,
49,,년,"년 
 
  월 
 
  일 
 
� 
 
 
 
 
 
년 
 
  월 
 
  일","도 시
� 
 
 
 
 
 
 
 
 
 
� �
� 
 
 
 
 
 
 
읍 면 동
�",,,,,,
49,,년,"년 
 
  월 
 
  일 
 
� 
 
 
 
 
 
년 
 
  월 
 
  일","도 시
� 
 
 
 
 
 
 
 
 
 
� �
� 
 
 
 
 
 
 
읍 면 동
�",,,,,,
49,,년,"년 
 
  월 
 
  일 
 
� 
 
 
 
 
 
년 
 
  월 
 
  일","도 시
� 
 
 
 
 
 
 
 
 
 
� �
� 
 
 
 
 
 
 
읍 면 동
�",,,,,,
49,,년,"년 
 
  월 
 
  일 
 
� 
 
 
 
 
 
년 
 
  월 
 
  일","도 시
� 
 
 
 
 
 
 
 
 
 
� �
� 
 
 
 
 
 
 
읍 면 동
�",,,,,,
49,,년,"년 
 
  월 
 
  일 
 
� 
 
 
 
 
 
년 
 
  월 
 
  일","도 시
� 
 
 
 
 
 
 
 
 
 
� �
� 
 
 
 
 
 
 
읍 면 동
�",,,,,,
49,,년,"년 
 
  월 
 
  일 
 
� 
 
 
 
 
 
년 
 
  월 
 
  일","도 시
� 
 
 
 
 
 
 
 
 
 
� �
� 
 
 
 
 
 
 
읍 면 동
�",,,,,,
49,,년,"년 
 
  월 
 
  일 
 
� 
 
 
 
 
 
년 
 
  월 
 
  일","도 시
� 
 
 
 
 
 
 
 
 
 
� �
� 
 
 
 
 
 
 
읍 면 동
�",,,,,,
50,"모집단위
�
해당  사항에 
�",,"� 
경제학과
� 
경�학부
  � 
지��합��어학부
  � 
전자공학과
� 
화공생명공학과
� 
기계공학과
� 
���공학과
� 
���공학과
� 
인공지�학과",,,,,,,
50,수험번호,,,"성 
 
  명",,,,,,
50,휴대전화,,,졸업 예정 고등학교,,,,,,
50,담당  교사  성명,,,졸업 예정 연도,,,,,,
50,고등학교  전화번호,,,,,,,,,
50,①  (cid:57547)  ②  중  해 당 되 는  란 만  작 성,"① 
기준학과  이수자","고교  이수  전공명  � 
 
 
 
 
 
 
 
 
 
 
 
 
 
 
 
 
 
 
 
  � 
※ 
학생부에  기재된  전공명과  반드시  동일하게  기재",,,,,,,
50,,"② 
관련  전문교과
30
단위  이수자
※ 
해당란은 
서강대학교에서  규정한 
모집단위별  기준학과에 
해당하지  않는  지원자만 
작성","※ 
고등학교에서  이수한  과목  중  지원  모집단위와  유사하다고  인정된  과목
���
단위  이상 을  모두  기재 
바랍니다. 
※ 
기본교과  국어 외국어 수학 사회 과학 의  과목은  유사전공  과목에서  제외됩니다
.",,,,,,,
50,,,동일계열  이수근거,,,,,,,
50,,,교과목명,,단위수,교과목명,,단위수,,
50,,,,,,,,,,
50,,,,,,,,,,
50,,,,,,,,,,
50,,,,,,,,,,
50,,,,,,,,,,
50,,,,,,,,,,
50,,,,,,,,,,
50,,,총  단위수,,,,,,,
52,"추천인
정보","자 
 
  격
�
해당  사항에 
�","� 
가톨릭교회의  사제
� 
�직  수도회  �상  및  가톨릭�  고등학교�",,,,,,,
52,,,"� 
한국예수회  소속  수도자
� 
가톨릭�  고등학교  교사인  수도자 수� 수사
�",,,,,,,
52,,"성 
 
  명","휴대전화
�
�
�
������",,,,,,,
52,,현  근무지,,,,,,,,
52,"사제서품
종신서원
정보","일 
 
  자","년
월
일",,,,,,,
52,,"기 
 
  관","� 
서울대교구
� 
�천교구
� 
대전교구
� 
인천교구
� 
수원교구",,,,,,,
52,,,"� 
원주교구
� 
의정부교구
� 
대구대교구
� 
부산교구
� 
청주교구",,,,,,,
52,,,"� 
마산교구
� 
��교구
� 
�주대교구
� 
전주교구
� 
제주교구",,,,,,,
52,,,"� 
군종교구
� 
기타 수도회  등 기관�
�",,,,,,,
52,,기관  전화번호,"�
�
�
기관  ������",,,,,,,
60,전형,전형료,,,,,,,,
60,"학생부교과 지역균형
�","40,000
원",,,,,,,,
60,"학생부종합 ���
�","60,000
원",,,,,,,,
60,"학생부종합 기회균형 서강가치
�","50,000
원",,,,,,,,
60,"학생부종합 특성화고교졸업자
�","60,000
원",,,,,,,,
60,"�� ���
�","60,000
원",,,,,,,,
60,구분,대상자  자격증빙서류,비고,,,,,,,
60,국가보훈대상자,"� 
대학입학특별전형대상자증명서 지원자  기준
�",�,,,,,,,
60,기초생활수급자  및  수급권자,"� 
수급자  증명서 지원자  기준
�",�,,,,,,,
60,차상위계층,"� 
자활근로자  확인서 지원자  기준
�","※ 
해당  서류  한  종류만  제출
※  수급  관련  서류는  시 군 구청장  또
는  읍 면 동  주민센터장  발급
※  차상위  본인부담경감대상자  증명서
는  국민건강보험공단  발급",,,,,,,
60,,"� 
장애 아동 수당  대상자  확인서 지원자  기준
�",,,,,,,,
60,,"� 
장애인연금  대상자  확인서 지원자  기준
�",,,,,,,,
60,,"� 
차상위  본인부담경감대상자  증명서 지원자  기준
�",,,,,,,,
60,,"� 
차상위계층  확인서 지원자  기준
�",,,,,,,,
60,한부모가족  지원대상자,"� 
한부모가족  증명서 지원자  기준
�",�,,,,,,,
63,장학금,내용,,,,,,,,
63,특별장학금,"입학처  내  심의를  통한  대상자  선발  및  본교  최종  등록  시  장학금  지급
�2026
년  월  중  확인
�",,,,,,,,
63,반도체공학과,"2026
학년도  정원  내  입학생  대상  천만원 생활비성  장학금
,  2027
년  월  중 지급
  � 
입학  후  두  학기  모두  재학 매  학기 
15
학점  이상  이수 평점평균 
2.5
점  이상인  재학생",,,,,,,,
63,"시스템
반도체공학과","1� 
입학생  전원  등록금  및  학업장려금  지원
  �  1�2
학년 한  학기  평점평균 
2.5 
미만인  경우  다음  학기  지원  취소
  �  3�4
학년 
��
하이닉스  장학생 한  학기  평점평균 
2.7 
미만인  경우  다음  학기  지원  취소
      �2
학년  학기  재학  중 
��
하이닉스  장학생  선발  절차  진행
�
2� 
전학년  학기별  성적  우수자  특별장학금  지급",,,,,,,,
63,구분,,장학금액,"수혜
대상","수혜요건 직전학기
�",,장학생  선발  기준,,,
63,,,,,취득학점,성적,,,,
63,복 지,다산장학금,"수업료  전액 수업료의 
2/3, 
1/3,  1/6, 
일정액","가계
곤란","12
학점","2.0
이상",수급자를  포함한  가계곤란  학생,,,
63,,지도교수추천장학금,"수업료의  1/3,  1/6",,"15
학점","2.5
이상",가계곤란  학생으로서  지도교수면담을  통해  추천된  학생,,,
63,,후생복지장학금,"수업료  전액 수업료의 
2/3, 
1/3,  1/6, 
일정액",,"12
학점","2.0
이상",수급자를  포함한  가계곤란  학생,,,
63,,생활장학금,일정액,,"12
학점","2.4
이상",수급자  중  일정요건을  갖춘  학생,,,
63,봉 사,하비에르장학금,일정액,학생회,"12
학점","2.0
이상",총학생회에서  추천된  학생,,,
63,,,"수업료의  2/3,  1/3,  1/6",기관추천,"15
학점","2.5
이상",교내기관에서  추천된  학생,,,
63,기 타,보훈장학금,"수업료  전액 국고포함
�",,"보훈대상 해당  부처  기준에  따름
�
성적 
1.3� 
이상
�",,국가보훈처에서  수업료면제  대상자로  추천된  학생,,,
63,,북한이탈주민장학금,"수업료  전액 국고포함
�",해당자,,,통일부에서  지원대상자로  인정한  학생,,,
63,,"북한이탈주민장학금 
�
생활비
�",일정액,가계곤란,"12
학점","2.0
이상","통일부에서  지원대상자로  인정한  학생  중  가계곤란 
학생",,,
63,,하비에르장학금,"수업료의  2/3,  1/3",장애학생,"12
학점","2.0
이상",장애학생지원센터에서  추천된  학생,,,
63,,형제자매장학금,수업료의  1/3,형제자매,"15
학점","2.7
이상",형제자매가  동시에  재적  중인  학생,,,
63,,해외탐방장학금,일정액,해당자,기준  없음,,"성적우수 가계곤란 기타장학위원회에서  그  자격을 
인정하는  학생에  대하여  개별  공지함",,,
63,,근로장학금,"시간당 
10,100
원",근로학생,,,교내행정부서에  근로를  제공하는  학생,,,
64,구분,장학금액,"수혜
대상",수혜요건,장학생  선발대상,,,,,
64,,,,"취득학점
성적",,,,,,
64,동문회장학금,장학금별  선발공고문에  따름,"가계
곤란
등","장학재단 
기준에  따름",수급자를  포함한  가계곤란  학생,,,,,
64,법인장학금,,,,,,,,,
64,발전기금장학금,,,,,,,,,
64,예수회장학금,,,,,,,,,
64,교외장학재단장학금,,,,"국가장학금  신청자  중  장학재단이  제시한  요건을 
충족하는  학생을  학생지원팀에서  추천 또는  재
단  공개선발",,,,,
64,"국가장학금
� �
Ⅰ Ⅱ 
유형
�","한국장학재단의 
학자금지원구간 소득분위 별 
장학금에  따름",,,"수급자를  포함한  가계곤란  학생  및  가계곤란  학
생  중  성적우수  학생",,,,,
64,국가근로장학금,"한국장학재단이  지정하는 
장학금  시급  단가에  따름",,,"수급자를  포함한  가계곤란  학생  중  교내 외  근로
기관에  근로를  제공하는  학생으로  국가근로  기본 
자격요건을  충족한  자",,,,,
66,부서명,주요  업무,사무실  위치,전화번호,웹사이트,,,,,
66,입학팀,입학  전반,"아루페관
���
관
�  �
층",02�70���621,admission.sogang.ac.kr,,,,,
66,학사지원팀,전공신청 수강신청  등,"본관
��
관
�  10�
호",02�70���12�,"www.sogang.ac.kr/ko/acad
emic�su��ort/major",,,,,
66,종합봉사실,"학생증  발급
휴학  및  복학 증명서","본관
��
관
�  106
호",02�70���000,"www.sogang.ac.kr/ko/menu
�lea�e�sc�ool",,,,,
66,학생지원팀,"장학금 학자금대출 동아리
, 
학생회 오리엔테이션","베르크만스  우정원
��� �  20�
호",02�70���12�,"www.sogang.ac.kr/ko/menu
�sc�olars�i��tab�1",,,,,
66,곤자가국제학사,"기숙사
�2
인 실
�","곤자가국제학사 
127
호",02�70����11,gonzaga.sogang.ac.kr,,,,,
66,벨라르미노학사,"기숙사
��
인 실
�",벨라르미노학사  층1,02�706��116,dormitory.sogang.ac.kr,,,,,
66,국제처,교환학생 해외학점이수,"베르크만스  우정원
��� �  201
호",02�70���11�,oia.sogang.ac.kr,,,,,
66,학생생활상담연구소,"개인  및  집단상담
개인  심리검사","이냐시오관 
120
호",02�70���211,sgcounsel.sogang.ac.kr,,,,,
66,취업지원팀,"아르바이트 과외 정보
취업  및  진로  상담","베르크만스  우정원
��� �  �00
호",02�70���1�1,job.sogang.ac.kr,,,,,
66,한국어교육원,한국어  교육,"아루페관
���
관
�  7
층",02�70���0��,klec.sogang.ac.kr,,,,,
72,"목차	
	
Part	1.	주요사항	및	전형요약
9	
2026학년도	주요사항	및	전형별	요약
11	
제출서류	공통	안내사항
13	
학생부종합전형	제출서류	블라인드	처리	안내
14	
전형별	모집단위	및	모집인원
15	
수시모집	주요	일정
	
Part	2.	전형안내
17	
학생부교과(지역균형)
20	
학생부종합(일반)
23	
학생부종합(기회균형)
	
Part	4.	각종	서식	및	작성	유의사항	
28	
학생부종합(서강가치)
43	
학교생활기록부	대체서식
31	
학생부종합(특성화고교졸업자)
47	
농어촌학생	재학	및	거주사실	확인서
34	
논술(일반)
48	
특성화고교졸업자	동일계열확인서
49	
가톨릭지도자	추천인	확인서
	
Part	3.	학생부종합전형	서류평가	안내	
38	
서류평가	요소	및	방법
	
Part	5.	지원자	유의사항
39	
공정성	관련	처리	사항
52	
대학입학전형기본사항	유의사항
53	
서강대학교	유의사항","56	
입학원서	입력	유의사항
	
Part	6.	등록안내
58	
전형료	안내
59	
전형료	관련	유의사항
59	
등록	포기	및	등록금	환불	안내
	
Part	7.	학사안내
61	
장학금	안내
63	
기숙사	안내
64	
교내	주요	행정부서	연락처",,,,,,,,
72,,,,,,,,,,
72,,,,,,,,,,
72,,,,,,,,,,
